WM835CN 3 4 0.000000 152 780, 113 65
OF048XW 3 4 2.907008 121 540, 140 433
JA893IU 2 3 5.719433 157 300, 108 230
CJ398FX 2 4 6.926008 175 300, 138 720, 110 360, 92 71
KB575IN 1 2 16.390157 95 189
AC704QD 2 3 20.777586 187 360, 119 39
JD070LH 1 4 29.318671 115 600, 150 300, 105 840, 92 150
ME412MK 3 4 33.153828 115 360, 99 854
ND839YF 2 4 38.756804 108 480, 90 780, 107 709
JT914HC 2 3 43.882760 130 553
BD883QJ 1 3 44.869497 164 420, 117 180
PA771EY 1 3 51.108624 163 420, 113 190
TL864TI 1 4 56.723290 127 840, 134 600, 87 332
VS850TT 2 4 64.040203 134 420, 187 757
LC764XG 1 4 71.754178 90 720, 84 600, 163 618
JD338FL 3 4 74.955277 130 600, 172 279
JH898KC 2 4 82.180425 143 660, 139 360, 92 582
NA033XD 3 4 85.831482 106 840, 150 246
CN118IJ 2 3 95.054473 177 406
LW809XA 2 4 104.883257 167 660, 151 480, 105 145
ZJ885OC 3 4 111.993926 162 720, 87 107
EJ606JJ 2 3 116.988906 118 610
OL521FY 1 3 120.665920 189 420, 118 89
GC445DJ 2 3 129.677853 102 705
AD725TT 2 3 138.261002 114 631
AF766IU 1 3 144.389430 161 559
WE709UX 1 4 151.067898 84 840, 111 360, 101 900, 127 114
NR557ZT 2 4 157.789011 159 480, 119 540, 114 420, 110 86
GM632CN 2 4 160.985812 167 720, 158 492
HJ299TZ 3 4 169.000719 133 900, 139 45
YH309DL 1 4 170.605073 134 540, 180 480, 121 473
FO429FJ 3 4 179.868799 171 540, 176 191
QQ320YV 3 4 183.632853 106 900, 154 198
FN754NF 1 3 184.382356 114 540, 120 237
HA796HW 3 4 188.528132 174 724
ED805RR 2 4 189.144386 179 780, 173 337
YU338MK 2 4 191.917689 158 900, 102 547
ES430II 1 2 200.509305 154 116
CB428DI 1 4 204.416788 134 540, 161 600, 148 317
LQ747CC 1 2 212.954170 81 222
CZ871IW 2 4 220.103949 125 300, 185 600, 94 526
DN571UN 2 4 220.976466 177 360, 108 720, 115 491
EN189ZK 3 4 223.353129 168 420, 188 294
XQ976JW 2 4 229.832026 135 300, 150 840, 141 223
EW537PA 3 4 238.105792 134 300, 169 360, 87 286
XK491IU 1 4 242.023607 152 840, 82 360, 187 314
GY809ES 1 3 250.979360 89 360, 156 371
YA964TD 2 3 258.785933 113 480, 148 120
RG904CT 3 4 263.330208 114 840, 136 222
CG435OB 3 4 270.432776 120 300, 115 780, 174 1
AA066JV 3 4 271.982935 180 600, 83 216
RS812ZR 3 4 278.124725 106 300, 118 540, 135 225
HH317ID 3 4 280.476041 159 540, 98 409
JS702RL 2 4 284.042380 155 600, 113 780, 177 95
IF371ON 3 4 293.095202 132 660, 144 270
ZN061AY 3 4 295.222131 176 300, 84 540, 183 152
TT952OJ 1 3 304.585066 84 660, 135 256
FJ440YB 2 3 312.580459 85 300, 141 329
CA534XC 3 4 319.271407 87 720, 111 300, 124 242
PP691HW 1 3 319.813393 165 420, 181 114
ZT820EH 3 4 321.672091 107 720, 185 264
YT203FW 3 4 326.433898 139 360, 175 300, 171 137
YX304II 1 4 331.715468 170 600, 135 720, 91 184
EA378VG 2 4 336.554161 169 420, 145 360, 93 480, 87 346
GT273VK 2 4 341.234225 151 840, 103 420, 180 155
TA582FA 2 4 344.592731 159 840, 157 410
PC872ID 3 4 349.027475 154 480, 138 377
PM428HG 2 3 349.837359 84 780, 135 48
GU392CY 3 4 358.780154 184 660, 106 43
SM218WO 1 2 359.349111 89 202
WE357QP 3 4 365.339582 131 420, 145 489
VA713BW 3 4 368.498592 169 720, 93 46
IW883CL 2 3 375.921693 145 496
CG210WD 1 4 378.499433 180 360, 119 840, 181 283
VP632TB 1 4 380.253010 88 780, 155 780, 145 182
ND485PR 1 3 387.492754 94 360, 165 300, 150 44
RI325XA 2 3 394.021358 124 580
QU814OD 1 2 403.766069 180 100
IP087FG 2 4 404.274903 157 360, 176 360, 123 635
BW982SC 2 4 412.530242 88 360, 176 780, 100 290
HK187SV 1 2 415.722978 123 146
CE354YV 2 4 417.913408 176 780, 156 300, 109 127
YQ484PK 2 3 425.905894 108 600, 107 67
SM855EN 3 4 433.572053 90 420, 184 479
VO163IX 2 3 443.126356 83 300, 103 457
CI499IY 1 4 452.494630 137 600, 139 360, 180 465
EH743OX 2 4 453.109458 87 660, 116 720, 121 471
RC178BO 2 3 457.773255 118 610
TO093NX 1 4 467.061378 155 300, 105 480, 176 420, 103 438
PM774MF 1 2 468.179488 185 97
OZ442ZX 1 2 474.449855 122 147
DA480EY 2 4 477.909759 187 300, 164 300, 183 506
IT239EW 1 2 485.281063 145 124
DI043SB 1 4 494.315942 84 900, 114 420, 166 480, 138 93
CB529KA 3 4 498.945766 129 720, 149 222
VA076OA 2 3 502.022329 166 433
EY393ZP 1 2 506.129111 82 219
RB234PH 2 3 506.931656 177 406
LV110HC 1 4 509.881565 147 720, 168 655
HZ564OS 2 3 511.793926 127 566
DN093EF 3 4 521.365166 159 540, 114 352
DU683SV 3 4 523.164785 188 670
EZ561LK 3 4 533.067044 81 300, 175 581
GT407MK 2 4 538.280729 90 660, 122 840, 189 191
MV342RR 1 2 542.651617 189 95
VD307QB 3 4 545.235605 138 900, 128 14
PX675HP 2 4 547.391395 161 840, 84 720, 94 24
DQ557TD 1 4 556.347994 106 840, 171 742
GH339SQ 1 3 558.587475 150 600
MR356HZ 2 4 568.256864 127 360, 91 480, 92 300, 134 604
MS858RZ 3 4 573.733567 88 660, 80 540, 122 202
EK079FP 3 4 580.254481 94 780, 86 612
KH847RA 2 3 587.641781 129 558
RL361XA 1 2 593.352697 101 178
FF219XQ 1 2 602.770826 100 180
JR809VP 1 4 608.594513 143 480, 161 900, 122 20
FJ575GK 2 4 616.175289 116 360, 130 360, 127 660, 151 169
TN289OM 1 3 618.325833 128 420, 110 329
SE012JY 2 4 624.976238 157 480, 188 652
GF803IE 2 3 627.626113 139 517
QJ260RU 2 4 628.274663 178 420, 145 600, 190 190
OD804OE 2 3 630.634324 146 360, 84 231
GU109VE 3 4 635.970240 123 600, 95 549
DG198OS 2 4 638.629809 135 300, 85 660, 116 420, 102 480, 154 24
KE470CQ 1 3 644.157599 174 517
XH177MU 3 4 647.881371 151 660, 174 151
UE120LQ 3 4 653.674612 86 900, 80 607
OT808CL 2 3 658.853811 187 385
VI138FB 3 4 665.774118 146 600, 165 232
KA391WB 2 3 669.301769 128 562
PA641NT 1 2 677.834083 84 214
YQ364EH 2 4 682.191494 122 900, 94 300, 103 582
VS409BW 3 4 689.792655 92 900, 87 496
OP926QV 2 3 698.344159 124 580
BX958IM 3 4 702.736007 173 420, 152 350
QV262JE 3 4 709.798735 125 780, 142 200
YT506DK 3 4 714.401411 121 840, 152 160
RD334XI 3 4 715.959248 148 600, 118 315
EQ317LQ 2 4 722.460268 152 420, 124 480, 155 481
IH360HV 2 4 725.415896 170 660, 111 300, 83 632
FY500DV 2 4 732.046987 121 900, 96 600, 141 223
CZ315HL 3 4 740.344495 137 480, 134 449
LB322KI 1 3 741.377196 180 480, 156 23
LF417HG 2 4 746.017030 149 720, 159 420, 138 173
UD427NG 3 4 750.186910 180 600, 106 169
CA148SL 3 4 757.660073 184 684
LK156ZD 3 4 767.299204 106 420, 117 480, 125 202
BO169VJ 2 3 775.844981 151 476
MT795OL 2 4 779.743864 89 360, 126 840, 124 360, 120 128
ZW494HL 2 4 780.925538 143 600, 179 420, 131 282
RN270OC 2 4 788.958739 95 420, 157 420, 84 600, 148 282
MJ969LU 3 4 796.684924 133 900, 183 34
FQ482JG 1 4 801.687786 96 360, 101 720, 121 300, 99 480, 170 146
LQ311CK 3 4 806.459184 188 670
NN539HM 3 4 815.839686 94 360, 123 480, 100 331
FU333MK 2 4 823.907303 137 300, 121 600, 158 480, 119 71
BF658UV 1 4 831.951356 174 360, 169 360, 155 420, 138 198
HU705OB 3 4 833.522254 127 360, 148 542
GI770WX 1 3 840.777711 146 360, 187 200
NK852SN 3 4 844.413588 137 360, 124 360, 125 256
XX505TM 3 4 850.148508 132 840, 181 83
WY749FL 2 3 859.179097 103 699
ZV132EP 3 4 861.777990 188 300, 162 429
MD790TY 2 4 867.328893 157 660, 180 524
GR135XN 3 4 871.372177 163 773
AY674VD 1 3 876.111636 124 420, 114 332
DT273CB 1 4 885.336437 181 420, 81 660, 130 660, 177 4
ZX746RJ 1 4 886.682606 95 480, 93 300, 165 840, 124 31
RI868OD 1 2 895.776466 169 106
BH755PN 1 3 898.066151 144 625
TH151DU 1 4 902.654840 81 720, 132 420, 176 480, 135 131
JA332ZG 1 4 903.305827 172 840, 159 360, 110 129
CD255IS 2 3 908.341930 83 780, 119 61
RB148GK 1 4 915.925437 167 480, 164 540, 116 407
CR643BY 3 4 922.358069 185 681
BD903ES 2 3 930.227402 179 402
HA242PW 1 3 932.924330 151 596
JM492CI 1 3 934.022582 155 580
FW807IM 1 2 935.753579 110 163
AL276ZM 1 4 939.144557 167 360, 175 840, 95 93
OK716MY 3 4 942.041625 166 360, 147 450
HC753BE 3 4 947.169946 130 360, 147 538
LJ650IN 2 4 950.844916 134 900, 104 420, 172 196
HC954YM 1 3 955.769966 163 552
HZ025OL 2 4 959.768978 116 420, 82 480, 172 480, 187 146
XO702HP 3 4 967.766320 94 660, 170 376
KK958OQ 1 4 968.356531 185 840, 173 350
JL563DB 1 2 971.696523 108 166
PE592ST 3 4 977.528347 171 480, 121 362
LI095IC 2 4 983.010535 124 360, 139 840, 100 365
EL873OU 1 3 992.512985 80 540, 116 403
DH927EA 2 3 995.152306 176 300, 169 113
AR564KG 1 3 1005.042238 107 840, 181 0
IL325QK 3 4 1008.891353 87 660, 157 436
WG193IX 2 4 1018.444484 167 600, 165 592
YK319LD 2 4 1021.901422 96 420, 81 780, 124 360, 81 300, 98 260
XF511GG 1 3 1025.825180 169 532
WP767EP 2 3 1027.653850 81 360, 178 240
IT212LD 2 3 1035.678624 121 420, 88 240
YS696YG 1 2 1040.190291 161 111
IN464JF 2 3 1046.550936 179 402
RT390HJ 1 3 1051.038275 94 840, 138 79
IA204AU 1 4 1059.731587 139 900, 174 480, 169 43
LS790GL 1 3 1067.338303 119 540, 127 202
WT795TL 2 4 1075.179242 131 840, 112 360, 142 335
SS810CI 2 3 1077.287342 95 720, 119 30
II752AF 1 2 1079.139165 131 137
HQ902SU 2 4 1081.757437 146 900, 159 418
LF074EE 3 4 1089.300249 169 745
FP891GV 2 4 1095.181994 128 420, 135 300, 94 900, 81 236
IO857RU 3 4 1101.769460 133 420, 160 420, 165 17
JO694MP 1 3 1104.787225 103 360, 118 448
OY260LL 1 3 1113.696211 178 300, 125 292
UA197CB 3 4 1114.992800 144 720, 173 129
UP050JN 2 4 1119.628621 116 420, 139 360, 180 300, 117 386
IK631JW 1 2 1123.944784 162 111
HR724CY 2 3 1124.755433 158 455
JY689OY 2 3 1132.754123 104 360, 148 233
QF406TK 1 2 1139.832883 104 173
NB150JC 2 4 1147.065806 150 420, 123 600, 125 360, 106 152
AI107IL 3 4 1149.400647 118 480, 164 422
LL931VS 1 3 1152.907195 153 588
JI812LO 2 3 1161.833678 169 426
IZ576OU 2 4 1165.510194 103 360, 137 900, 86 437
AK469RO 2 3 1175.090777 154 300, 93 277
XH645EC 1 3 1177.466207 122 480, 164 191
ZC060AV 1 2 1178.862299 112 160
DG545HD 2 3 1183.172009 140 514
EN903WH 1 2 1184.933881 87 206
WA216QC 2 4 1190.685942 188 840, 185 216
UX247KH 2 3 1199.577532 128 562
WY382XT 1 3 1207.278978 118 762
VS512KG 1 2 1214.047904 189 95
MW291QL 3 4 1219.086510 94 540, 117 540, 98 123
XP972GR 1 4 1226.489855 105 360, 159 480, 171 595
MF172LU 2 4 1232.873830 128 540, 130 420, 146 508
RK024DF 3 4 1234.066624 99 660, 114 532
PG816MK 1 2 1238.844463 88 204
AX436CV 3 4 1243.659633 157 600, 147 216
HS880IA 3 4 1246.990192 157 720, 178 72
NV606UT 2 3 1252.897651 109 360, 89 368
QN580LA 3 4 1257.520295 94 420, 186 300, 116 264
QI820SF 1 2 1258.476854 133 135
ZR933XP 2 4 1263.442463 99 480, 136 840, 89 407
VJ943AN 1 2 1270.853240 134 134
ER621CI 3 4 1276.215821 138 660, 174 200
TS020UC 1 4 1284.683790 89 840, 169 420, 132 532
NN080TK 3 4 1292.766222 174 540, 168 190
UA038WX 1 4 1296.400467 129 420, 101 360, 89 660, 122 546
WA404BY 2 3 1304.659210 159 300, 114 213
NF778QF 2 3 1312.383203 125 576
BX406QW 2 4 1313.349251 155 780, 179 430
HM830WA 1 4 1322.335610 178 840, 80 600, 179 103
MZ336RQ 3 4 1327.402800 121 720, 180 215
JY309XW 1 3 1330.891700 164 540, 111 12
IU585SJ 2 4 1335.163258 190 600, 84 420, 171 284
YP116IP 2 3 1335.912426 94 540, 122 174
RY222FD 1 4 1343.426075 80 420, 124 600, 128 600, 100 312
EG995GS 2 3 1346.808500 85 660, 147 108
QX171FW 3 4 1355.896260 118 720, 183 224
SK413GH 2 3 1356.791713 101 712
RE045CJ 2 4 1361.129169 107 420, 106 660, 83 540, 100 382
WR138KE 1 2 1368.761937 113 159
IF468LL 3 4 1378.647016 125 420, 91 300, 93 496
QH137BW 2 3 1381.325543 169 426
GY282DA 2 3 1390.204451 133 541
FM503GQ 3 4 1393.421362 121 540, 156 360, 189 23
BB516KU 3 4 1396.750874 85 420, 157 575
GQ718FR 1 4 1403.964812 173 600, 148 758
BE365UE 2 3 1406.453881 100 360, 80 450
LC472AU 3 4 1410.831632 142 540, 87 300, 133 174
YV406YB 3 4 1414.095588 154 540, 190 225
GY405VK 3 4 1421.083367 95 300, 156 625
YR950CL 1 3 1423.798353 130 420, 186 190
EF562WJ 2 3 1425.739212 151 300, 156 171
AI165LQ 1 4 1430.696939 145 540, 180 765
XC502DH 2 4 1437.573253 183 900, 169 197
SF639AQ 3 4 1447.402190 111 540, 148 446
TV058CT 2 4 1455.851206 111 540, 161 300, 121 720, 158 16
MI578UX 2 4 1461.081841 109 780, 132 720, 123 145
XU069DZ 3 4 1462.571947 160 787
JH189DE 1 3 1469.199789 125 720
NX646HR 1 2 1476.446054 128 140
EC289WN 1 2 1485.122270 89 202
LT074ZK 1 4 1489.402827 98 900, 145 881
KK814LJ 3 4 1494.032888 113 480, 97 739
PD598NP 3 4 1494.698366 95 600, 138 500
FQ680LA 3 4 1499.852889 109 360, 166 420, 99 172
WH354JJ 2 3 1507.983746 151 476
FS810CD 2 3 1511.755075 105 360, 178 192
QB910PN 2 3 1512.964164 162 444
SX368KP 3 4 1514.449163 168 750
IJ783YP 3 4 1523.222438 123 480, 118 480, 177 58
RE661ZA 3 4 1524.978450 125 540, 135 433
TB157GF 2 4 1534.069155 99 420, 102 720, 184 450
IE234GN 1 2 1538.279076 138 130
GA994SR 1 3 1545.091456 113 780, 101 18
QU815BV 1 3 1546.204367 126 714
LB693WY 2 3 1548.656353 171 420, 178 1
GT457KP 1 3 1554.692850 189 476
SS077AO 1 3 1555.267237 126 714
ZC196MD 1 2 1564.804707 168 107
YL785BY 1 4 1571.073270 93 540, 190 872
GI060DM 2 3 1572.555543 89 360, 133 300
QJ830NK 2 3 1573.716014 145 496
IF124NA 3 4 1574.587309 115 540, 101 360, 170 161
PM399HV 3 4 1580.868207 89 360, 177 530
AW631IT 1 4 1581.472366 116 540, 137 300, 117 900, 138 50
OU957PY 1 4 1583.243711 168 660, 90 420, 150 420, 165 26
PQ707DA 3 4 1592.930093 151 360, 175 300, 170 112
IR034XY 1 2 1598.487535 84 214
QS254AH 3 4 1600.045781 106 900, 161 190
NU637VH 3 4 1601.601541 100 600, 172 383
LG433CI 3 4 1609.826737 184 600, 165 94
MW891YT 1 3 1619.722993 162 360, 81 391
XP408LZ 3 4 1625.687350 118 900, 139 142
UU787ED 3 4 1627.681468 106 840, 137 269
UE581GZ 2 4 1635.109686 139 480, 128 600, 136 400
GZ537VI 1 4 1640.320731 129 300, 181 420, 98 900, 189 69
FZ504HO 3 4 1642.580358 155 420, 85 480, 168 119
SX118YU 2 3 1650.558967 153 470
PC883FR 3 4 1657.492330 178 420, 183 280
GV397OC 1 4 1658.769917 154 840, 116 746
UC121SY 1 3 1661.070544 96 900, 90 40
TE777QA 1 3 1663.532937 87 900, 165 70
OK803NQ 2 4 1668.122300 101 780, 186 540, 129 145
DN337AP 2 4 1673.648211 171 540, 126 480, 99 300, 185 83
GJ055SE 3 4 1679.193071 148 660, 130 217
OM397JA 1 3 1682.300795 106 420, 116 392
YS789QP 1 3 1683.374630 100 720, 82 219
VA794CK 3 4 1693.159448 173 728
TK726GF 2 4 1695.640641 103 660, 128 840, 176 127
RG125DF 2 3 1704.789938 105 685
OX116UR 2 4 1711.823341 85 780, 181 300, 167 463
LS081XF 2 3 1716.400358 91 600, 93 187
FN400HI 2 3 1718.074065 181 397
QZ149WH 3 4 1722.263824 81 420, 133 691
VK454MQ 1 3 1731.140110 137 540, 161 99
FE240MF 3 4 1732.572386 185 660, 187 20
EC103ZJ 1 4 1740.949355 99 720, 116 480, 99 360, 184 290
ZQ414YB 3 4 1744.211533 129 840, 82 215
ZS193WV 1 4 1749.995468 126 660, 168 790
RJ501VD 1 3 1752.344514 171 526
RA936QE 1 3 1759.434943 124 600, 154 101
WX256FJ 2 4 1768.713151 84 360, 131 360, 187 360, 150 355
RM201WC 2 3 1778.525178 186 300, 104 155
TG769ED 2 3 1787.519393 187 385
CF221WZ 2 4 1789.858936 148 300, 149 420, 107 840, 188 6
TD234MR 1 2 1792.311875 187 96
WA794SR 1 4 1798.691477 175 420, 90 360, 95 840, 141 214
JP142YA 3 4 1807.312917 177 660, 108 85
RU339GK 3 4 1811.029988 169 660, 159 90
XZ541KH 2 3 1816.586562 100 660, 115 52
WP184DS 2 4 1825.701567 169 720, 101 600, 80 196
DZ944MM 2 4 1835.208865 139 360, 172 660, 87 395
FC794EG 3 4 1844.774423 144 540, 110 438
OA158CI 1 2 1853.458782 99 181
WC518RM 2 4 1857.163739 121 660, 172 600, 159 93
OH716AZ 3 4 1860.750705 94 900, 94 440
FD056BD 3 4 1869.636305 171 736
YX889BT 2 4 1875.025220 187 840, 143 286
FH162AF 2 4 1881.781226 110 780, 151 743
CW267FR 3 4 1885.858939 171 660, 156 84
PS512EZ 3 4 1891.043135 156 660, 99 232
ZZ872AJ 2 3 1895.191117 139 300, 103 294
HT788BY 2 4 1902.156805 129 780, 165 300, 131 365
LK216XZ 1 2 1903.508689 115 156
PC727GK 1 3 1908.649960 131 420, 114 306
PE546YF 2 4 1916.114949 130 480, 151 600, 81 555
QE655EP 1 3 1918.006690 190 473
ZN762IU 3 4 1923.923006 152 660, 136 188
YX735VE 3 4 1932.163471 116 780, 135 263
HA157QS 2 3 1940.301632 135 533
KA121TU 1 2 1941.059662 117 153
IM063PC 2 4 1942.984469 110 360, 107 600, 100 600, 91 375
DN402VC 1 4 1952.915736 102 480, 136 660, 109 708
ZN821KZ 3 4 1955.131715 94 480, 190 425
LP193IS 3 4 1956.555075 170 741
VF584QD 2 4 1959.048253 100 360, 137 480, 184 523
DW071MF 1 4 1959.979060 144 900, 101 480, 145 261
CF370CQ 1 4 1963.470779 168 780, 131 540, 92 154
UN010PT 1 2 1967.112023 115 156
NF092JV 3 4 1967.945716 106 540, 118 582
FQ786ZW 3 4 1975.150956 176 420, 185 281
AW851BH 1 3 1982.336102 174 517
FV527XY 2 3 1984.654757 186 387
PZ955CD 1 4 1989.158414 109 300, 123 780, 182 300, 124 264
CQ154TM 1 4 1993.535802 103 300, 118 480, 151 600, 80 473
VX441UI 2 4 2000.974700 133 600, 155 660, 122 130
LW086CX 3 4 2009.842779 93 600, 134 523
FE850AR 3 4 2011.540885 110 300, 108 300, 179 300, 90 76
MX747JE 3 4 2018.945410 123 720, 165 226
MB899DJ 2 4 2027.775243 158 900, 123 420, 148 27
SP040NS 3 4 2036.034905 119 780, 147 225
AP389EW 3 4 2041.121821 184 600, 92 169
AK700AE 2 3 2045.146419 185 389
PU510AB 2 3 2049.580393 100 720
YJ761QD 1 2 2054.276793 187 96
PA533DK 2 3 2062.155045 187 385
YE614QC 1 4 2063.263521 100 660, 160 660, 114 389
TT841XV 3 4 2067.890256 101 420, 161 360, 152 168
ZS896UW 1 3 2071.356279 105 540, 165 201
US742TP 2 3 2077.855250 120 600
LQ199EW 3 4 2085.937173 185 681
LS107RV 2 4 2087.445269 156 900, 103 559
TO235FH 2 4 2095.547034 177 840, 126 391
JM783GB 2 3 2098.625381 128 562
WZ783OG 2 4 2104.360964 181 600, 92 600, 146 234
LO210FF 2 3 2108.216263 184 391
AT713OU 3 4 2109.740512 82 420, 159 575
AK191DI 1 2 2111.398753 156 115
RE831QP 1 4 2114.429083 85 780, 113 720, 122 420, 122 140
IK369XD 3 4 2122.015891 173 360, 138 461
AF367KF 3 4 2127.258511 163 420, 161 300, 86 107
WX691CT 1 2 2128.337217 167 107
QC939AH 3 4 2130.462447 107 300, 148 300, 114 434
FR283SU 1 4 2135.377059 100 420, 117 660, 182 360, 122 256
WV181HL 1 3 2144.225943 88 900, 149 72
OM113QX 1 3 2153.384226 117 720, 110 52
HC123AR 1 4 2155.651147 175 420, 139 420, 187 420, 100 55
QI433KD 2 3 2157.995475 165 420, 157 17
OU030HJ 3 4 2164.810276 129 720, 150 220
QS497XZ 1 2 2167.661551 184 97
KY765SB 1 2 2175.567743 160 112
GY009BY 1 4 2178.340935 81 840, 173 360, 169 300, 131 267
PV236CX 3 4 2185.895263 184 660, 190 23
NF117BB 3 4 2189.176666 86 540, 94 600, 169 137
FC206JP 2 4 2198.722586 84 300, 94 720, 160 360, 145 327
JH675UE 1 4 2203.512605 138 780, 160 540, 167 131
ST202XR 2 4 2206.608320 109 840, 170 480, 123 201
DN054CO 3 4 2208.476772 152 828
PF637LM 3 4 2215.264613 117 720, 82 509
BL924QS 2 4 2216.458557 162 720, 155 480, 152 45
TS706YQ 1 3 2218.098886 170 529
ZG387YX 3 4 2221.384690 179 660, 134 58
CK079YA 1 2 2224.485257 176 102
FU421LS 3 4 2229.761056 104 840, 147 262
IK421SC 3 4 2231.088080 176 715
QR066PB 2 4 2237.090604 165 600, 184 360, 137 239
UU179EB 3 4 2247.021145 97 480, 94 840, 120 3
VJ048EN 1 4 2251.405541 155 780, 175 543
GI678QX 2 3 2257.620627 117 615
AW832HW 1 3 2262.422339 103 480, 140 289
NX158ZA 2 3 2272.389169 160 450
ON048TC 1 2 2275.137112 168 107
KS339PN 3 4 2283.208401 111 480, 84 480, 110 294
CD248HF 2 4 2284.093339 109 540, 101 660, 141 514
DH707KJ 2 3 2288.164137 93 480, 185 147
UU830QL 1 4 2297.966904 140 840, 100 600, 82 468
CM859UE 1 4 2299.057180 119 900, 175 622
RF919CQ 3 4 2306.730356 151 300, 120 300, 141 300, 169 14
AS800ZW 2 3 2311.433247 126 571
IM243FF 2 4 2314.947204 151 660, 112 420, 92 300, 130 182
OG228VD 2 4 2324.681420 121 780, 190 480, 104 119
LP408QG 3 4 2326.638797 149 360, 117 420, 108 214
DY028BL 3 4 2334.201737 120 900, 123 146
XS871BI 1 2 2341.911975 135 133
CE277IR 2 3 2346.241173 124 580
GF555DP 2 4 2351.805064 85 720, 173 360, 147 360, 117 184
YU027DZ 1 4 2352.897976 142 780, 87 840, 174 184
HT314QI 2 3 2354.216448 128 562
JC828PO 1 3 2358.350303 169 532
RX973QJ 2 4 2364.760914 149 300, 140 720, 111 472
QH977CE 3 4 2371.905167 115 480, 85 720, 173 55
AA540BU 1 2 2381.648096 166 108
YW696ZD 1 4 2383.385569 162 720, 105 900, 121 40
LL380XQ 1 4 2388.703105 142 480, 146 360, 139 685
SU338EC 2 4 2397.374290 154 300, 131 300, 94 780, 105 373
ET461KX 2 3 2400.396125 93 480, 116 235
CL338ME 3 4 2404.414094 177 711
ZJ911OO 1 3 2406.482269 141 638
NA053PX 3 4 2409.604686 101 360, 148 300, 162 279
ZY352EF 2 4 2414.017081 183 840, 114 300, 171 58
CK460HY 2 4 2419.826503 185 420, 144 360, 171 400
NI066VM 3 4 2426.409640 172 732
RY537GM 2 4 2433.126978 118 360, 122 900, 109 419
SB221SI 1 4 2441.644871 148 420, 173 600, 183 273
IJ295MK 2 3 2450.975148 93 600, 171 94
BQ048CY 3 4 2452.302380 108 300, 123 360, 180 273
SK162US 1 2 2454.824030 163 110
ZY878JZ 1 3 2459.758274 125 360, 155 290
AU541II 3 4 2460.284391 106 900, 185 165
SE994YT 1 3 2464.239907 187 481
DJ548WG 2 4 2472.932388 90 360, 126 720, 174 430
CN631UO 2 3 2474.732042 114 631
PI057MB 1 3 2480.632815 82 780, 187 139
SK133XK 1 3 2486.158275 188 300, 146 230
JH445AP 1 3 2489.477259 109 825
SS352RI 3 4 2491.744751 155 480, 86 600
ES952FM 1 3 2497.304520 81 420, 90 300, 176 164
DY314HX 1 3 2498.845127 190 473
WI977JT 3 4 2504.899831 168 300, 154 490
AH003NB 1 3 2505.504468 102 540, 142 245
UD418BS 1 2 2508.022327 157 114
CV175QP 1 4 2516.452699 167 840, 122 620
MC707CC 2 3 2519.645549 83 660, 83 207
FT906HO 1 2 2528.743067 110 163
AW720BF 2 4 2530.615558 155 360, 125 300, 154 420, 125 320
ME369TU 2 3 2535.314753 147 489
PD954PZ 1 4 2537.720203 85 300, 115 540, 153 600, 132 277
PS693ZJ 3 4 2543.778859 137 540, 164 317
RL425CO 2 4 2549.335798 188 900, 164 175
SZ249CJ 1 4 2553.798344 152 900, 110 600, 96 137
LZ256OU 1 3 2558.885835 94 840, 187 59
XS619UI 2 3 2560.456637 119 605
YU612QT 2 3 2566.150596 119 605
AS586YF 1 4 2570.886597 175 780, 174 456
SK270QX 3 4 2576.845386 129 300, 99 720, 169 94
FF354EX 1 3 2581.359770 122 480, 86 365
KG692UN 1 4 2589.515675 81 420, 150 480, 148 600, 148 143
QW281LW 2 3 2596.149341 110 360, 128 253
YL059KM 2 4 2602.689035 186 540, 93 840, 137 141
SG878JR 2 4 2605.506762 176 540, 164 360, 174 252
BG150JM 1 2 2612.615155 153 117
FS702JG 1 4 2621.649479 170 900, 109 577
QH835IH 3 4 2623.693035 145 300, 173 360, 111 182
LC903SB 1 2 2628.019071 160 112
LC688HE 3 4 2630.976317 124 600, 139 371
RY769VK 2 4 2636.550999 125 660, 132 480, 106 491
OD691GB 2 4 2644.854814 81 360, 124 420, 145 480, 101 466
CU644PW 3 4 2646.331809 187 360, 91 480, 189 79
XZ707NR 1 2 2654.011797 117 153
QD085OF 1 4 2658.372893 133 540, 89 480, 85 420, 164 400
TF589OA 3 4 2663.074059 134 300, 108 780, 105 14
KP874AY 2 3 2664.088471 180 400
BI621SI 1 4 2670.884678 103 720, 135 300, 130 540, 100 300, 100 11
MB243NB 2 3 2673.385120 187 385
GR834WQ 2 4 2679.008841 169 360, 155 720, 155 164
NZ588LP 3 4 2683.166341 96 780, 156 327
MV425EU 1 4 2687.853004 139 300, 104 600, 148 756
KC493UU 2 4 2690.095156 98 780, 127 420, 147 464
FT650GT 1 2 2693.366223 117 153
LH537MB 1 3 2698.843659 144 625
WG943CW 2 4 2705.511660 180 360, 145 780, 137 146
LA495MD 1 3 2713.562085 97 780, 108 132
VO543UN 3 4 2720.495966 107 600, 84 735
BC940PW 3 4 2726.552448 92 480, 109 480, 80 369
KU002JR 2 4 2733.431731 111 780, 144 300, 143 477
MW993ZF 1 3 2738.938864 92 780, 144 126
LL662OZ 1 3 2744.846028 185 486
NK628SE 3 4 2745.414880 95 540, 99 660, 94 99
RF750BS 3 4 2751.152162 145 660, 179 169
GK513AE 3 4 2758.890694 127 600, 134 371
NQ450UV 3 4 2760.706681 152 720, 160 103
JO473AM 2 3 2766.418457 113 480, 80 222
SJ538JP 3 4 2774.458797 174 480, 89 477
VL050VJ 3 4 2775.704974 84 720, 136 481
IG303HZ 1 2 2777.502074 165 109
MG985HZ 1 3 2778.986662 87 660, 96 339
FJ474BR 2 3 2785.002701 151 476
KQ252TQ 2 3 2787.903045 182 395
PP720IA 2 3 2797.889262 133 420, 140 115
UL735FY 2 4 2806.166917 156 900, 80 540, 137 105
TI755QB 2 3 2815.584622 168 428
FH918SO 2 4 2825.502545 139 780, 85 420, 184 292
IT891GS 3 4 2835.147963 141 360, 113 665
PZ407KZ 1 4 2836.847073 131 540, 91 840, 140 480, 179 9
XU966JB 3 4 2843.478338 94 900, 86 300, 160 97
QC961OR 1 2 2849.188854 179 100
OV100SZ 2 4 2852.498928 118 300, 181 720, 149 216
DQ149UP 2 4 2861.028764 135 480, 117 840, 174 200
AT927FS 1 4 2866.341140 150 900, 178 300, 104 265
KR474WU 3 4 2874.279398 169 600, 111 221
BG752FY 2 4 2877.856734 124 540, 82 660, 117 600, 116 57
PT049WV 2 4 2880.848743 141 600, 139 815
GY831TF 3 4 2886.445423 106 600, 188 331
LH923DT 3 4 2888.018099 145 660, 182 166
WE023TC 2 3 2892.667683 177 406
JV601PQ 3 4 2896.534297 150 840
LK053TH 2 4 2898.910018 134 300, 148 840, 111 301
XQ633KL 3 4 2903.221758 109 780, 174 235
BE149SZ 2 3 2909.073727 90 780, 121 14
HZ560JQ 1 3 2914.537797 129 480, 182 154
IP966PV 2 4 2917.662257 117 660, 131 660, 85 403
TC900IU 2 4 2919.817141 112 540, 147 660, 156 259
YN949IU 1 4 2929.098601 144 300, 171 900, 166 113
ZH058DR 2 3 2932.162247 166 360, 158 77
YM874WQ 3 4 2938.176975 168 750
MQ804UC 2 3 2947.456479 86 600, 159 128
UB974BP 1 2 2956.213235 129 139
FC897AR 1 4 2963.479745 148 540, 160 420, 132 480, 144 38
TA429EY 2 4 2969.178618 175 660, 183 450
GI699VS 2 4 2975.056870 135 780, 108 300, 155 389
LY059OJ 3 4 2982.361669 143 420, 98 480, 85 222
FY676TY 2 3 2989.160805 172 360, 134 75
VL252TI 1 2 2992.950008 134 134
QU996PE 2 3 3002.216862 95 300, 103 422
DY336WF 2 3 3004.747909 84 660, 181 91
HW170XB 2 3 3013.006246 174 413
ZR568NC 3 4 3015.870745 143 780, 152 95
CK512WR 1 2 3017.218164 104 173
SE724FE 1 2 3019.427347 152 118
LL576LU 3 4 3023.063306 174 540, 84 300, 96 71
FF514CV 2 4 3025.149715 95 660, 161 480, 161 300, 83 117
WE797PQ 2 3 3034.183076 190 378
GD391KS 2 3 3039.850277 103 540, 80 204
HK795FW 3 4 3043.492749 81 540, 179 360, 189 94
WA717MO 3 4 3045.072877 101 840, 114 361
NJ625XQ 3 4 3049.535565 149 720, 94 199
IA937IW 1 4 3052.707715 176 420, 96 480, 130 420, 128 323
YR520LV 3 4 3055.417625 179 300, 113 639
PH244SS 3 4 3061.251756 113 420, 157 420, 103 122
WA604ZJ 1 3 3069.004011 106 660, 140 143
QJ937YA 2 4 3078.708105 154 540, 142 808
PH472WP 2 3 3085.978135 127 566
OM588XI 3 4 3087.490623 101 540, 131 545
DQ230WM 2 4 3089.092276 126 900, 134 631
XW558ZM 1 3 3096.129524 86 300, 183 350
HD177SM 1 2 3099.207861 160 112
SM347VO 1 3 3103.491559 141 600, 102 52
NW774GL 2 4 3104.448347 90 540, 164 480, 119 593
UW792GI 2 4 3110.735886 84 780, 87 300, 178 300, 163 325
ZG160BQ 2 4 3113.658391 111 360, 141 600, 103 360, 142 256
AR651UQ 1 4 3115.852848 119 540, 86 780, 98 600, 164 157
QE623YK 2 4 3122.052381 122 540, 82 840, 179 353
CX179HG 2 3 3123.137059 177 406
UL769LK 3 4 3127.477246 86 780, 80 300, 103 339
SA000FW 1 3 3131.270377 128 300, 165 312
NP151QK 1 3 3133.672303 107 780, 182 35
QZ883TL 1 3 3141.784990 151 360, 118 302
NH737JZ 3 4 3146.996666 80 600, 185 420, 114 2
FA536KG 3 4 3150.420049 181 480, 116 300, 121 35
QC427QW 3 4 3153.644106 140 900
BP255IK 2 3 3155.894101 181 397
XL734KJ 2 3 3165.178817 103 600, 129 79
UA184HP 2 3 3168.111872 122 590
XY617BK 1 4 3177.587011 116 300, 100 600, 135 540, 135 357
DM132TY 2 3 3180.313080 94 720, 165 26
KX218SN 1 3 3188.070036 90 720, 127 198
EY253BJ 2 3 3194.338803 175 411
QR353EZ 2 3 3197.947079 184 391
VN157AA 2 4 3207.558535 157 780, 89 360, 95 457
CN007KX 2 3 3213.482368 98 600, 172 76
RS952WQ 1 3 3222.628137 115 540, 156 178
ZK380UE 2 4 3225.820439 106 780, 80 360, 150 300, 97 428
MH390KH 2 4 3229.286423 114 300, 113 480, 147 420, 157 304
ZQ373RH 1 4 3234.321780 172 720, 181 509
PM910VR 2 3 3238.838500 140 300, 135 222
ZE305NZ 3 4 3242.437429 169 540, 100 347
MG084KU 3 4 3243.512749 139 300, 161 480, 125 56
ZD297VU 1 3 3246.790882 118 540, 137 191
UU950EL 2 3 3252.396796 130 420, 88 197
FR108VC 1 2 3255.248780 176 102
XZ309BG 2 3 3258.936985 164 439
DN757ZF 1 4 3263.575349 172 420, 170 420, 117 540, 126 72
QN622BH 3 4 3265.073939 118 900, 82 241
CF796GL 1 4 3267.636423 109 840, 161 300, 83 300, 84 610
DF994FV 1 3 3272.928425 93 840, 142 83
PQ452NT 3 4 3276.509305 95 420, 113 720, 162 29
TF365LK 3 4 3283.406522 132 720, 156 198
PA102LQ 2 3 3286.421361 157 458
HE760JP 2 3 3296.303152 160 450
FF228FD 1 4 3298.657105 185 420, 134 360, 119 540, 175 147
MR686RY 2 3 3299.458815 80 600, 180 133
ND904NK 1 2 3303.498641 117 153
RT773OI 1 4 3313.344880 106 360, 155 300, 179 733
KQ736NM 2 3 3318.705667 185 389
MY814ZK 1 2 3319.378067 171 105
ZE425KO 1 3 3326.645881 128 600, 85 155
ZT890SX 1 2 3334.196076 106 169
MI272PE 1 4 3336.735843 150 900, 169 479
RR256VE 2 4 3346.067422 190 780, 151 329
WC245PR 2 3 3346.844191 95 480, 167 158
TR300HL 1 4 3352.386922 82 900, 182 780, 177 1
YU783BB 2 3 3356.253855 165 436
FA703EW 3 4 3362.345321 185 681
JW302EC 2 3 3367.344875 139 517
RS802TQ 2 4 3370.649658 130 540, 131 420, 80 480, 122 281
OW754TO 1 3 3374.563762 161 559
BX303TK 3 4 3383.871443 117 420, 189 406
UV160JL 3 4 3389.459572 184 540, 166 160
LY503JM 2 4 3397.261688 176 780, 111 547
FO871GH 3 4 3403.978757 121 600, 187 285
NN013TC 2 3 3404.497588 135 300, 130 242
ZA782JQ 3 4 3407.239476 178 300, 165 440
NO179XE 3 4 3412.823815 92 420, 91 720, 111 196
VK311MY 1 3 3414.288645 160 360, 173 187
LW310KE 3 4 3415.183199 179 540, 161 182
BV172LO 3 4 3416.992374 159 792
CH100BO 3 4 3422.280347 177 600, 104 190
KV269BN 2 4 3431.305470 91 600, 133 600, 102 600, 184 13
NH989CS 1 2 3437.015738 95 189
JT761TG 3 4 3441.007143 168 660, 86 175
XY958XS 3 4 3443.022121 97 840, 186 239
WQ570NY 1 2 3443.879808 164 109
DZ578DU 2 4 3446.833412 119 300, 182 720, 163 191
SQ846NQ 2 4 3448.372649 179 600, 176 514
JK552QP 3 4 3455.107056 116 720, 166 255
SJ644HK 2 3 3464.740102 113 360, 103 304
XN547YR 1 3 3474.202796 184 489
VX081NM 3 4 3482.636577 103 420, 145 570
RR476BP 1 3 3488.756633 162 555
QE393SW 3 4 3489.912427 165 763
YW316TS 3 4 3496.148938 154 480, 96 300, 88 264
ED947RO 3 4 3504.202295 82 840, 95 601
VO799YS 2 4 3509.000108 98 540, 174 300, 168 420, 98 227
DQ340QP 3 4 3513.033051 179 703
VC031PH 1 4 3515.488579 81 300, 154 900, 102 360, 178 92
WB578TV 1 2 3523.805659 122 147
GP507TB 1 3 3532.111930 187 360, 157 144
ZR884LV 3 4 3539.836903 84 840, 121 458
EH506OJ 1 3 3543.474044 146 420, 189 151
FZ700RG 1 4 3552.329871 132 480, 95 900, 111 300, 137 247
VD691CT 3 4 3562.211461 99 780, 177 275
UL630AQ 1 3 3571.861199 166 480, 90 114
TZ157JL 3 4 3577.866800 140 540, 121 416
TK769YC 2 4 3584.260946 119 600, 157 480, 115 445
IA722KS 3 4 3590.688293 128 900, 142 76
PI203RJ 3 4 3594.034143 179 420, 114 445
WZ673YB 1 4 3603.805125 168 900, 144 450
TR783LI 3 4 3606.395043 148 840, 162 10
SI983LZ 2 3 3610.239771 119 420, 99 222
ZL267ZY 3 4 3614.764103 130 600, 106 360, 87 113
MV731FC 3 4 3619.730526 137 840, 113 96
SP105GD 2 3 3627.831015 144 500
DZ909GC 2 3 3632.650686 162 444
FU634QB 2 3 3638.484260 123 585
SJ462XO 2 4 3647.402985 187 660, 143 420, 120 120
DI618UE 1 3 3648.899847 186 483
QR236YZ 3 4 3655.013049 182 692
EB801MF 1 2 3658.347628 133 135
DD922AI 1 3 3659.623294 172 523
DC805QK 1 3 3662.556950 187 481
KK164ET 1 4 3671.344402 121 600, 166 300, 123 300, 145 391
ML102BQ 2 4 3680.511310 137 780, 108 660, 107 185
SQ182QP 2 3 3684.966034 137 525
WJ000KA 1 3 3690.658578 127 708
WR554HC 3 4 3696.349844 88 420, 181 491
BX746UZ 3 4 3706.326394 117 300, 81 540, 132 357
MQ145IG 1 3 3709.957854 188 478
NX086WG 3 4 3717.792513 102 420, 129 600, 159 36
TA270XQ 3 4 3722.267434 101 720, 189 281
WI089NG 2 3 3728.088731 187 385
EN058PK 3 4 3729.026329 156 807
WR951WJ 3 4 3732.029258 84 540, 189 426
TM584MZ 1 2 3733.100521 182 98
ZL921KL 2 4 3738.846732 185 900, 85 370
FN951ZI 1 2 3740.390206 176 102
LZ057TV 2 3 3745.646406 106 540, 173 85
BH109TE 1 3 3752.037987 85 420, 83 360, 82 297
CT024AR 2 4 3761.344854 139 660, 149 540, 161 160
QR657UY 3 4 3764.289105 124 660, 154 286
TU814MD 3 4 3767.787197 173 728
PV093IR 1 4 3772.728905 106 420, 95 840, 136 674
YA679QV 1 3 3781.675430 124 540, 96 240
QC619DE 3 4 3787.389058 111 900, 161 162
TA737BU 3 4 3792.321489 150 660, 99 272
RN850ZI 1 3 3799.522311 170 360, 162 177
EL564HS 2 3 3807.652025 134 537
YX806ZB 1 4 3813.025089 183 540, 178 658
ZA441NE 3 4 3818.878597 166 720, 137 47
ZW306NH 3 4 3819.656675 148 420, 156 300, 116 146
KK951LK 2 3 3829.045073 97 480, 140 181
WW726WM 1 3 3831.423447 154 360, 86 401
BM809UY 1 3 3839.623773 115 720, 156 46
WB899HN 2 4 3846.826488 185 780, 127 420, 89 4
RW244YF 3 4 3853.415229 114 600, 140 411
AN224WB 3 4 3855.946337 158 797
RJ261IO 2 4 3861.662156 109 360, 81 300, 185 300, 186 424
ZF794XX 2 4 3862.279206 138 600, 126 720, 95 257
NJ059RX 3 4 3865.115623 173 540, 148 220
OD564DR 3 4 3873.716716 102 540, 98 723
LR168HG 3 4 3878.848538 187 300, 172 406
FP294YX 1 2 3883.846124 174 103
DN165QV 1 2 3890.432255 165 109
QK936HP 2 3 3896.925142 131 420, 170 99
TB236VO 1 3 3902.773521 111 420, 108 401
JE911RP 3 4 3910.998701 178 707
DM353NQ 3 4 3915.526458 103 600, 114 563
PB454YE 2 3 3917.853240 178 300, 102 182
KT943CV 3 4 3923.092907 93 720, 156 378
TM738TM 2 4 3927.485823 172 420, 178 540, 140 211
MD636XY 1 3 3929.156063 170 529
LE050WM 2 4 3930.355997 116 420, 130 540, 158 500
UG876HI 2 4 3931.495841 163 480, 103 840, 146 227
XQ287MB 2 4 3940.047910 177 780, 147 407
UO445AM 3 4 3945.573070 96 720, 169 336
VE343RO 1 2 3954.045272 124 145
CF910WD 1 4 3961.418862 126 720, 137 300, 126 300, 178 260
TS606NK 1 3 3970.787366 157 300, 116 369
HK133ZF 3 4 3974.038987 166 360, 112 591
OR181EY 1 3 3980.262705 87 480, 143 337
JE553PY 3 4 3987.176806 154 660, 147 165
VZ122JL 2 4 3988.040543 176 360, 110 300, 129 420, 185 256
LR751DB 3 4 3996.982448 125 540, 157 372
PW768MV 1 4 4005.850267 153 900, 123 300, 107 386
WP685WF 1 3 4010.128517 174 480, 85 76
EX623ZD 3 4 4015.542766 178 420, 147 348
PN403UJ 1 4 4023.628104 96 420, 189 480, 151 562
SD998YM 2 4 4030.558769 141 720, 116 831
SS906AQ 3 4 4032.103549 118 480, 184 376
DY826PI 1 4 4036.445698 181 780, 118 540, 145 76
MN843YY 3 4 4045.698384 176 715
LW138GY 1 2 4046.297742 173 104
YP585IB 3 4 4049.733395 91 540, 87 480, 103 340
PF855RB 2 4 4057.902564 151 600, 189 568
YY859KY 3 4 4064.027834 155 812
EP403DI 3 4 4069.703114 133 600, 110 420
VH516QM 3 4 4075.600332 131 660, 92 429
QC813JK 1 3 4083.611591 164 300, 157 259
RS476SO 1 2 4093.026006 87 206
FZ662TX 3 4 4095.660446 166 300, 91 540, 185 146
AC983GU 2 3 4099.213400 97 360, 173 214
SY857RA 3 4 4108.835676 100 780, 122 393
QV891YD 3 4 4115.850230 129 900, 139 71
HU110WQ 2 3 4125.656924 80 300, 170 282
CP779CC 1 2 4127.516865 117 153
KJ664YI 3 4 4130.082772 138 540, 176 292
RM360TD 2 4 4131.026774 140 600, 128 420, 141 420, 97 10
MU108DF 2 4 4134.395290 112 480, 130 780, 92 300, 138 110
RV094VI 1 3 4140.705306 86 480, 135 360
RL421HW 2 3 4149.402329 110 654
DZ629RD 2 3 4155.973839 125 576
RF148OM 3 4 4158.381746 145 840, 156 26
MK341PB 3 4 4160.039873 174 540, 150 213
AT972SG 3 4 4166.842164 120 840, 142 177
QF266QF 1 3 4173.303306 163 540, 184 10
XP784XT 2 4 4174.576687 99 300, 168 360, 173 300, 92 300, 141 200
GT382LE 2 3 4176.084502 93 774
JI300NO 1 2 4180.494753 156 115
KP991MO 3 4 4185.523440 164 480, 85 540, 182 7
DY903OY 1 2 4186.800342 126 142
BX288NB 2 3 4191.507220 187 300, 170 93
TG448JP 2 4 4198.849176 183 720, 185 358
YC581ZC 2 4 4202.772875 122 540, 121 360, 163 540, 132 4
MQ802TL 3 4 4210.026225 110 660, 81 480, 80 181
ZV125UG 1 2 4214.376892 165 109
MO780KS 1 2 4215.127850 150 120
EI744VJ 1 4 4224.176742 124 900, 113 360, 170 374
RR147ZJ 1 2 4226.360740 118 152
RP480PF 1 2 4227.566683 165 109
NT006JJ 3 4 4228.346721 167 420, 119 469
TX178EU 1 4 4231.719094 132 900, 99 600, 90 420
PC188BV 1 4 4240.408265 185 480, 129 420, 160 456
PI784IF 1 2 4241.067261 95 189
QA566NL 3 4 4248.973039 131 420, 80 480, 122 267
ZY447HA 3 4 4254.479270 82 660, 133 540, 96 0
EV130QZ 3 4 4262.261457 105 300, 152 360, 146 272
MZ439MZ 1 3 4264.456420 166 300, 101 398
OL568BL 1 2 4272.831198 190 94
IW704EW 3 4 4276.741769 129 720, 190 174
QH418UD 2 4 4282.843609 133 720, 157 540, 158 110
VK228MH 1 4 4284.897300 176 360, 91 600, 181 541
EU833KA 2 3 4291.756369 86 600, 114 178
ZT567YQ 2 3 4292.960193 131 549
PO131FC 1 2 4301.757966 177 101
ZH925IN 3 4 4308.935140 160 300, 131 540, 158 45
CC336FU 3 4 4311.654035 162 540, 117 329
LM197BY 2 4 4312.369761 180 300, 184 782
RH986KH 3 4 4318.848425 164 540, 153 244
GI072TY 3 4 4324.902256 127 360, 144 557
VX205TY 3 4 4333.663888 187 420, 89 533
HF809LI 3 4 4340.059651 99 420, 85 360, 154 349
VD180TT 1 4 4343.287102 182 600, 81 600, 164 354
FE185QO 2 3 4352.564975 162 444
MQ312YF 1 3 4356.555991 101 720, 173 99
ZG639VY 2 4 4357.380261 109 600, 135 840, 171 112
ST462UR 1 3 4364.923281 93 480, 135 336
UR158VZ 2 3 4365.799878 184 391
GH979ZA 3 4 4372.174146 188 360, 113 516
PJ746HK 2 4 4380.974724 110 480, 103 900, 158 332
EP232UL 2 3 4388.931055 124 580
IL305WM 3 4 4390.146180 105 300, 175 540
GO749SL 1 3 4394.071168 111 360, 136 367
XI633JD 2 3 4400.599835 182 395
YV047LE 1 2 4408.811560 155 116
BC818TX 2 4 4410.874040 100 360, 164 660, 119 451
RL599UA 2 4 4419.117668 89 720, 184 300, 157 501
WQ347WM 1 2 4422.877207 84 214
FF447CS 3 4 4431.428982 188 660, 159 12
IT125ZN 1 3 4437.960140 122 300, 184 290
FF399TU 2 4 4444.750200 104 360, 98 420, 127 840, 99 128
OZ317CP 3 4 4447.555478 150 840
IN296HW 2 4 4453.197425 162 660, 122 420, 103 386
JJ589GO 2 4 4455.893204 189 660, 175 300, 159 130
WK745FE 3 4 4456.527546 185 540, 155 168
AF483ML 2 4 4463.631800 180 660, 131 480, 94 173
JS637PH 2 4 4468.628191 188 780, 148 347
HG942OB 1 3 4472.110505 138 652
KB589AO 1 3 4480.228880 116 300, 168 300, 124 38
LP931EG 1 2 4487.104760 99 181
IV584JJ 1 2 4496.492396 127 141
AE850AE 2 4 4506.381315 116 360, 132 360, 152 540, 116 229
NF901RV 2 3 4510.384044 150 480
WB504VY 2 4 4514.262878 137 300, 180 660, 80 300, 81 174
FM856MZ 2 4 4521.194959 156 720, 151 360, 119 263
VH108NF 3 4 4526.048105 161 660, 146 135
CB438BX 1 3 4526.917408 120 660, 111 97
LO819WZ 2 4 4531.401966 157 540, 143 720, 160 64
NC418HV 2 4 4532.484251 115 540, 170 420, 168 383
TC480VK 1 4 4536.271525 86 900, 190 600, 130 189
SF268LZ 2 3 4542.398303 180 400
RF614KX 3 4 4550.450669 139 420, 174 388
JD563DA 2 3 4552.253571 176 409
OV863RS 1 4 4560.189052 181 540, 176 671
CR928MO 1 2 4569.109737 165 109
WV827RK 1 2 4579.010469 94 191
QO479IU 3 4 4585.033639 145 300, 123 670
NH661PW 1 4 4586.718606 93 420, 168 420, 117 660, 137 212
XH208TT 3 4 4595.978125 126 480, 144 455
KV014AT 1 3 4603.410777 162 480, 129 94
ZE268QW 1 2 4609.029220 97 185
GG049ZS 1 2 4612.244430 113 159
XQ574MD 1 2 4616.187312 173 104
ML180SZ 2 4 4618.715612 151 660, 94 420, 186 316
CO062WA 3 4 4621.406437 95 660, 166 381
YO967QZ 3 4 4623.561177 99 840, 109 393
QX117SB 3 4 4624.836673 131 540, 92 300, 81 300, 95 35
EZ967ZZ 3 4 4630.298886 91 900, 120 367
HB953PD 3 4 4639.972372 126 600, 80 630
OJ669ZI 3 4 4645.734240 99 660, 123 493
HY438SN 3 4 4652.572925 115 720, 112 360, 181 15
KY441BA 2 4 4656.479383 141 420, 118 660, 135 451
YE006XP 3 4 4660.407346 126 660, 179 239
DQ051GW 1 4 4663.825659 162 900, 163 430
NA905NR 1 4 4667.981827 132 660, 155 660, 86 309
HH006JR 1 4 4673.277353 173 480, 136 300, 100 600, 180 178
KD834OJ 3 4 4681.595671 170 420, 166 328
NP347YB 3 4 4687.879553 106 780, 185 234
CS992XJ 1 3 4694.527433 160 562
XS971RG 1 2 4699.844227 161 111
WO311CA 3 4 4709.830937 114 780, 158 234
LF363GV 3 4 4718.136511 177 711
IR736QH 1 4 4727.750826 134 360, 176 660, 155 332
QX784CL 2 3 4730.449996 115 626
VS983OP 2 3 4735.781909 144 480, 136 21
SE205UN 3 4 4742.642595 98 720, 151 367
YF521QA 1 4 4744.421877 107 540, 188 300, 181 562
KT352WJ 2 4 4752.211212 82 600, 111 480, 152 600, 177 24
QW204OG 1 2 4759.295440 166 108
VP418VS 1 2 4761.591382 85 211
EL350SC 1 2 4763.481912 137 131
CM425XN 3 4 4764.704929 155 360, 124 566
GO313KP 1 3 4766.014473 84 540, 131 340
ZU273NO 2 3 4768.659338 80 840, 167 28
KF541WM 2 4 4776.813882 173 660, 126 300, 147 313
OB393BO 1 3 4784.899150 111 660, 178 94
KM052VA 2 4 4792.822204 186 300, 93 900, 96 609
MH752ZN 2 3 4801.915217 91 360, 126 311
YJ690UM 3 4 4810.652981 136 540, 107 491
LE520GL 1 2 4816.962732 83 216
JZ200QP 3 4 4825.446959 178 300, 154 471
EJ056YP 1 2 4829.056199 93 193
ID183MH 3 4 4838.640751 177 711
TK145OO 2 4 4840.634828 176 720, 149 478
OX483XZ 2 3 4849.406580 126 571
GO367XJ 3 4 4855.213133 165 600, 156 173
KG331LL 2 4 4861.517345 171 540, 109 420, 118 507
AC753TT 1 3 4870.856791 184 480, 101 16
CC080ZN 3 4 4878.619817 121 360, 155 300, 115 312
RH557VF 2 4 4885.686572 92 600, 161 300, 118 480, 106 357
NW099VD 3 4 4890.681272 95 540, 114 300, 92 440
EQ173WZ 2 4 4900.359450 106 300, 175 780, 179 165
CK984NN 3 4 4908.470955 123 300, 152 586
BL339GW 1 4 4912.518379 164 720, 165 480, 96 194
EB517UN 2 3 4916.783768 121 360, 138 206
XH436FY 1 2 4926.550219 166 108
OX069RO 1 4 4931.842462 135 300, 80 600, 96 840, 165 284
PS537HB 1 2 4933.437153 113 159
DY503QP 2 4 4937.115621 100 840, 145 540, 178 200
II232IN 1 2 4947.047811 153 117
ET651VL 2 3 4956.448753 110 654
KN202QW 2 4 4961.732021 126 600, 115 540, 190 317
JN921NA 1 3 4967.312475 91 300, 95 300, 97 352
CR190RC 2 4 4968.334831 142 600, 82 840, 149 294
KO214OJ 1 4 4971.373579 90 720, 131 660, 128 480, 171 19
ZS320DU 2 4 4978.823127 157 420, 181 360, 182 367
MB801ZL 3 4 4986.823342 103 780, 154 296
WY245KD 3 4 4993.306970 101 720, 124 429
FK497FT 2 4 4996.836317 100 600, 82 420, 116 480, 121 360, 152 28
PM482JY 1 4 5000.990361 94 540, 89 660, 144 300, 186 340
ON342HK 1 3 5001.802825 103 660, 115 191
UK680PN 2 4 5009.885675 161 540, 114 360, 148 473
XL646AG 3 4 5018.440357 179 360, 121 420, 99 108
XI184NX 3 4 5020.627530 111 420, 126 540, 112 101
PD862WH 2 3 5028.997602 133 480, 110 74
RJ629KA 1 4 5031.505036 165 480, 113 360, 173 420, 180 130
DY849GP 1 4 5032.710817 128 840, 112 420, 147 417
WR990VR 3 4 5038.111688 162 300, 110 420, 168 185
GP803UD 2 3 5042.170939 81 420, 81 420, 149 26
UP950DE 1 3 5047.294227 182 300, 136 260
DW831VZ 3 4 5053.255930 165 300, 105 600, 161 83
HR618UH 2 4 5058.735012 135 900, 147 520
MH333UP 1 3 5061.455894 184 420, 88 144
FI418IN 2 3 5065.557932 184 391
HB413FS 2 4 5067.503354 160 900, 148 364
TH942WP 3 4 5069.141693 145 420, 167 300, 182 82
IZ714SK 1 3 5072.266688 161 300, 82 508
MQ208OE 2 3 5079.515656 148 486
ZJ697DT 2 3 5084.875619 91 660, 174 68
BP683XR 3 4 5085.907142 184 684
OV133YX 1 2 5090.286213 145 124
KP089CO 1 4 5094.506881 144 300, 116 840, 101 746
NC861KI 3 4 5102.823266 113 660, 165 311
SB693BB 3 4 5105.352891 106 300, 86 720, 154 209
YK374JN 2 4 5109.646153 155 720, 162 300, 96 393
WT584MN 1 3 5113.214187 83 780, 102 247
LM320ZT 3 4 5114.862045 94 300, 110 720, 162 114
AA827BS 2 4 5120.246948 182 900, 89 384
OA970ZI 1 4 5123.839870 105 720, 141 540, 189 340
GS100GX 1 3 5128.995768 112 420, 120 358
NE917FC 1 2 5136.516420 168 107
JR974BX 3 4 5144.790252 149 360, 142 509
OT391GO 3 4 5149.284323 104 480, 86 884
WV181TI 1 4 5150.294942 143 420, 169 840, 162 86
NJ963WN 3 4 5156.591736 188 540, 124 197
HF981SF 2 4 5164.292023 149 300, 172 300, 172 540, 165 53
YC118WS 2 3 5168.227858 87 720, 81 115
DY535NN 2 3 5176.160420 151 476
YK214AB 2 4 5177.031079 149 780, 164 300, 113 288
DR622XF 3 4 5180.940130 104 840, 182 212
KX708BS 1 3 5182.479960 139 300, 187 258
QW909AH 1 2 5184.114308 139 129
WY441OG 1 2 5192.444204 111 162
NN631AV 3 4 5200.673954 121 360, 175 471
AL983UG 1 3 5207.629784 180 500
QX272AH 2 3 5209.548726 148 300, 128 215
AM513UN 3 4 5216.694475 115 540, 142 420, 157 27
QD160DR 3 4 5226.033140 144 300, 166 498
JA319JK 1 2 5232.950685 94 191
NE374EE 2 4 5240.062868 111 300, 167 480, 138 612
XG089GN 1 2 5248.800698 104 173
ZG706VU 2 3 5252.873116 189 380
BW854KB 3 4 5260.090057 89 720, 158 391
OA332ET 2 3 5264.202904 169 426
DJ516AY 1 2 5265.618303 152 118
LZ512EV 3 4 5267.242222 134 900, 144 37
FR497WZ 3 4 5276.407144 80 360, 168 578
QV726MS 1 3 5280.314509 181 300, 172 207
ZY909EY 3 4 5289.982726 109 660, 169 319
JT473JI 1 2 5297.026557 98 183
EJ882QP 3 4 5302.834979 182 692
MM584KW 3 4 5307.864136 149 660, 138 200
DC694BP 2 3 5312.335355 183 360, 141 43
WF399SE 2 4 5320.045160 183 780, 108 420, 176 56
AZ821GG 1 2 5328.930330 165 109
GS771ZN 1 4 5331.741277 189 900, 173 265
SG683XN 1 4 5333.964060 178 300, 81 660, 100 420, 152 360, 125 99
SS264QC 1 2 5336.257505 129 139
FV901CR 1 3 5339.636967 90 720, 145 173
GZ491OB 2 4 5347.859528 100 360, 93 660, 146 420, 96 360, 158 30
UR247VJ 3 4 5357.442861 183 688
SR085KU 1 3 5359.697533 186 483
ZM669LR 2 3 5366.058640 146 493
VH970FM 1 2 5370.190910 150 120
RW254IM 3 4 5372.518702 87 840, 114 464
SL484OD 2 3 5382.450521 188 382
GV972AE 1 3 5384.382025 140 642
SQ534QB 1 3 5389.212483 135 660, 174 5
GB722XL 2 4 5390.815395 125 720, 137 600, 189 136
BO330TJ 3 4 5399.174782 105 840, 180 210
SM925YB 3 4 5401.735893 169 660, 163 88
BU062FP 2 4 5403.261647 104 300, 81 360, 132 480, 165 450
FO635UY 2 4 5407.975851 144 480, 143 360, 132 586
JD996IL 1 2 5417.816999 190 94
RT537GJ 2 4 5419.654128 91 900, 158 420, 186 267
FB565KI 2 3 5422.731815 186 387
VA221CQ 1 3 5427.864596 159 420, 111 209
DB841SR 1 3 5429.522245 162 360, 171 185
CL384OE 3 4 5434.980935 81 360, 116 420, 97 496
ET268XA 3 4 5435.767417 154 360, 134 480, 121 51
OK615WW 3 4 5444.141743 179 300, 104 695
FG017YG 2 3 5452.499370 109 660
VO881YQ 3 4 5456.248045 158 540, 103 394
WE571NP 1 3 5463.605715 98 840, 144 53
YX339AS 2 4 5470.411575 114 540, 129 660, 105 488
JX851VQ 2 4 5479.834910 177 780, 143 419
XP173AL 1 4 5488.437348 93 360, 104 360, 161 600, 119 407
DQ988KR 2 3 5494.018772 101 712
MQ575MM 2 4 5503.346583 123 840, 174 360, 184 174
CT294DA 3 4 5507.193767 147 420, 141 455
OP214DG 3 4 5516.112450 133 540, 188 288
OM601JJ 2 3 5517.299523 98 734
BC071KF 1 3 5521.483645 170 529
OT015KX 1 2 5527.784515 118 152
ZJ879PU 1 4 5536.702351 120 300, 158 600, 143 480, 131 126
TR170TM 1 4 5543.662074 82 660, 122 780, 127 525
CW710ZU 2 4 5547.006232 104 720, 184 480, 181 192
IJ334YW 1 2 5550.840785 138 130
HR436PM 1 4 5557.815114 120 840, 146 789
DD217WY 3 4 5559.594876 98 300, 182 360, 83 374
IW516GR 1 2 5569.508114 125 144
MZ639UQ 1 4 5575.496058 83 660, 81 300, 109 300, 161 360, 84 550
FF232UE 2 3 5578.846561 136 360, 169 136
UA423OG 1 2 5582.084427 172 104
GM079WM 1 3 5589.237107 168 300, 139 284
ZZ704LV 1 4 5589.856456 140 360, 92 840, 165 535
OB700BH 2 4 5599.778113 183 720, 189 350
SP868YI 3 4 5606.225782 119 840, 189 137
AM719QI 1 3 5615.730318 149 604
LX819BA 3 4 5623.732183 168 300, 155 487
RR428LR 1 4 5629.769043 162 420, 104 900, 117 464
GX845BF 3 4 5637.643305 171 660, 83 158
AL194WI 3 4 5638.810299 132 600, 109 429
US253YN 1 2 5647.219604 118 152
EC586GT 1 3 5655.029744 144 300, 152 307
QL179GT 2 4 5659.705985 110 540, 101 540, 182 461
DX420UC 3 4 5665.215580 123 840, 187 121
AQ746RF 1 3 5666.361079 113 796
VQ982UB 1 3 5668.175574 99 600, 147 208
LH997IE 1 4 5671.711194 165 480, 113 660, 148 420
RE074VB 2 3 5676.873380 137 525
QQ324NN 2 3 5680.904490 165 436
PX095CG 2 4 5689.548058 129 300, 88 780, 145 625
YB064NC 1 2 5693.619361 185 97
EF070ZI 2 4 5701.402960 88 540, 91 600, 131 731
GE338LE 3 4 5703.363187 125 480, 156 423
PJ673YD 3 4 5707.029767 183 420, 95 300, 138 149
PS136EN 3 4 5709.741366 82 420, 156 360, 127 278
QY486NA 2 4 5714.137607 83 300, 125 360, 121 720, 132 310
OK197JR 2 4 5719.593613 92 720, 114 720, 117 424
EO737YT 1 3 5720.634458 167 538
IU496XE 1 2 5726.669210 166 108
AV189IB 1 2 5734.930234 151 119
ZB149MR 3 4 5744.247656 81 420, 111 540, 119 269
QZ345CH 3 4 5750.745879 112 720, 182 249
UN651PM 3 4 5759.819703 161 480, 185 263
RO311IM 3 4 5762.419658 99 420, 104 600, 95 231
MJ021JU 1 3 5765.206942 89 540, 182 230
WA469DE 2 3 5770.199893 84 540, 155 171
BV609DX 1 2 5778.739791 182 98
PR098DT 1 3 5781.401832 107 720, 161 80
LW024VT 2 4 5789.609779 107 780, 130 881
YN732LO 2 4 5795.701208 98 780, 105 540, 139 466
IS336HN 3 4 5804.349546 113 660, 162 300, 120 23
GL089PE 2 3 5812.471408 83 867
XD489KE 1 2 5814.502563 165 109
RC326RL 1 4 5821.434587 107 480, 110 540, 177 480, 182 111
SP229EF 3 4 5825.646319 106 420, 142 573
JF417PZ 2 4 5829.067731 106 780, 185 623
NY211IV 2 3 5830.319562 175 411
YX206GM 3 4 5839.937121 85 900, 101 490
OH545DU 2 4 5841.874249 152 540, 145 780, 149 18
XL926OD 1 4 5844.947277 185 360, 162 360, 91 660, 164 189
SU786EK 3 4 5849.619078 84 600, 141 480, 148 53
AI672IO 3 4 5853.201586 130 600, 87 551
AZ462FB 3 4 5856.205224 157 600, 97 327
RH569JY 1 3 5857.556429 93 660, 184 155
JC766TV 2 3 5862.725991 150 480
VA903DB 1 3 5865.091423 104 865
VA297HC 2 3 5873.514058 83 360, 80 526
SV349PQ 2 3 5881.437443 112 642
WB288YH 2 4 5886.674338 153 420, 107 840, 135 324
OO278EE 1 3 5896.305234 177 300, 84 439
TV543XS 2 4 5897.147363 124 900, 126 660, 170 19
RL795NB 3 4 5899.863675 153 660, 104 240
WM354IP 3 4 5900.955438 83 360, 146 658
FB856VC 1 4 5906.355025 152 360, 174 660, 162 286
LZ261PK 3 4 5908.525454 152 360, 116 300, 119 300, 143 5
DH441SQ 3 4 5915.615546 105 660, 130 420, 144 14
PH925CR 2 3 5918.716647 100 420, 183 163
XX190ZA 3 4 5922.877690 140 720, 95 265
DC458SF 2 4 5929.284075 116 660, 131 420, 167 397
VB058NX 2 4 5930.819997 80 720, 124 480, 158 511
OR118TY 2 4 5932.336488 89 720, 121 840, 189 170
QC305OR 1 4 5933.521228 83 480, 119 900, 106 651
KO587GV 2 3 5940.334190 100 540, 175 102
UK785ZO 3 4 5945.905990 136 900, 85 42
DZ985MF 2 4 5954.187953 97 600, 129 900, 184 128
HI324FH 1 2 5958.084458 136 132
OW019VA 3 4 5963.955492 90 660, 141 360, 133 119
PT702OF 2 4 5969.339244 133 720, 178 300, 121 300, 186 67
OL514GT 3 4 5970.146187 139 540, 183 278
TT612LO 3 4 5971.291021 152 600, 160 217
RO488FP 3 4 5976.754494 105 600, 160 393
QM167AJ 2 4 5977.926405 103 360, 154 780, 184 221
HH711SP 2 3 5982.949206 101 420, 184 160
MY628ZJ 1 2 5990.137126 116 155
WM603WV 3 4 5996.210668 87 300, 92 900, 150 114
DH795AL 2 3 6000.350913 190 378
RU181OB 3 4 6004.345076 163 660, 166 110
DU071AN 1 3 6007.481108 181 480, 140 22
PH160PE 1 2 6012.414970 178 101
JN202VJ 1 3 6017.846147 189 476
PD701VN 3 4 6026.471526 119 780, 135 245
QO442DW 2 4 6029.164935 121 720, 190 360, 103 360, 176 30
EP143JT 3 4 6031.636363 166 759
JR037AE 2 4 6034.915495 176 420, 187 663
BM174DZ 3 4 6043.047314 87 480, 141 597
AA381TD 1 2 6047.055264 174 103
EG637HW 2 4 6054.559871 151 360, 154 480, 158 441
KT613RJ 1 2 6059.425012 176 102
FB618IO 2 4 6061.207475 174 480, 154 743
TD897IB 1 2 6061.805699 134 134
CL107ER 1 2 6070.693975 190 94
PM901ML 3 4 6077.949263 95 840, 157 294
MP238ZS 1 4 6080.341988 181 720, 132 649
DB600VZ 2 4 6082.006568 181 600, 126 540, 122 175
NA547BY 1 3 6089.156913 171 360, 115 247
KJ260GS 1 2 6098.692937 105 171
KK051XE 1 3 6105.849430 188 478
OS716RE 2 3 6107.043044 103 699
LZ236ZR 3 4 6109.373379 120 900, 142 126
FF542KJ 3 4 6109.943509 128 540, 189 300
DJ854RD 3 4 6113.277012 178 360, 147 421
RZ852CD 3 4 6122.999753 95 360, 134 480, 144 190
JZ307AD 2 4 6124.966199 141 600, 96 660, 180 278
KY565LH 1 4 6131.582929 93 300, 116 480, 88 360, 127 660, 86 196
XW171ID 3 4 6137.319082 129 600, 102 476
LE732CJ 2 3 6146.325214 97 720, 171 12
FP780VC 2 4 6152.893892 110 480, 83 660, 160 565
LW733FS 2 4 6159.130893 119 600, 133 420, 109 360, 160 196
VH439ZH 3 4 6163.845401 160 480, 133 369
CB208XF 2 3 6164.442147 103 660, 84 47
NM904LS 2 3 6170.979236 85 660, 100 159
AY776PF 3 4 6172.371940 188 670
YG228UL 1 4 6174.704498 106 300, 133 720, 162 545
ME749CP 1 4 6178.835079 83 540, 178 600, 118 420, 105 141
QB760KC 1 2 6183.067290 181 99
TZ263VZ 3 4 6188.470991 161 782
WC159YV 2 4 6198.160006 97 420, 128 900, 115 365
UY771IV 3 4 6204.522794 103 480, 124 300, 161 244
UO847PE 3 4 6212.935293 91 480, 158 360, 163 156
XQ731EO 3 4 6217.476785 146 600, 125 300, 126 7
UK335EH 3 4 6220.142769 145 720, 117 184
ES676MR 2 3 6220.873014 163 441
ML920GS 3 4 6229.854412 91 780, 136 300, 169 84
TE085NF 3 4 6235.816499 135 300, 182 469
DO259ZG 3 4 6238.384922 128 360, 170 470
RO761BK 3 4 6246.146059 116 900, 98 220
OV929ZB 3 4 6247.846429 165 763
CN626SG 3 4 6251.376582 93 480, 93 780, 139 63
CI875ZG 1 3 6256.918979 173 520
SE527MN 1 3 6260.239349 148 540, 101 99
GD430ZR 1 4 6263.485617 122 420, 178 840, 171 89
MS317DB 1 3 6268.902585 169 532
QG919PM 1 4 6277.399022 161 480, 89 720, 106 420, 157 191
PQ331QT 1 2 6282.487055 150 120
BZ333VR 3 4 6289.607200 87 480, 183 460
UH622FB 3 4 6299.209272 173 300, 160 300, 148 176
PZ441BM 2 3 6302.632822 96 720, 171 16
OB809YQ 2 4 6307.054620 188 420, 127 660, 167 210
TS299WO 2 3 6312.187335 186 387
QB360OG 2 3 6318.278306 119 480, 185 80
CZ517GA 1 2 6323.649628 169 106
ZL224SC 1 3 6331.312823 174 360, 93 294
NW694UX 3 4 6332.653275 159 720, 137 84
KG685BP 2 4 6340.085509 91 360, 168 540, 165 451
IT019BR 1 3 6344.350109 155 580
RN193MX 2 3 6354.058867 146 493
OT357RL 1 2 6359.586302 141 127
FR915YF 2 3 6369.037792 110 480, 166 115
MY670MT 3 4 6376.633959 161 660, 101 195
TM814JT 3 4 6386.063234 80 360, 181 537
JD776XX 1 2 6394.382705 161 111
JS391TD 2 3 6399.834173 121 595
XU027EI 1 3 6403.394186 181 497
BF016TU 2 3 6412.148802 146 480, 86 22
TQ145OF 1 4 6421.648565 179 840, 151 300, 180 113
WS530FS 2 3 6425.593740 129 540, 182 12
WH752KP 2 4 6431.335355 121 900, 133 600, 121 76
JI196YR 3 4 6440.186563 81 900, 136 390
MJ204KD 3 4 6444.830624 107 360, 101 660, 124 167
GC872IB 2 3 6446.558182 83 867
UU863OD 1 4 6447.259131 180 600, 94 840, 161 180
WC577MB 2 3 6454.541031 178 404
JY276WS 1 2 6456.788055 122 147
KF255WC 2 4 6459.833126 167 600, 177 360, 146 233
NO752DG 1 2 6461.595983 165 109
PR893EA 2 3 6471.515020 122 590
LJ150RJ 3 4 6476.166279 114 660, 176 288
IB323LZ 2 4 6485.449610 131 780, 103 660, 83 335
VW496ZB 2 4 6489.966015 152 360, 100 540, 167 300, 169 231
VJ279AZ 2 4 6499.750282 185 900, 174 181
RD645UV 3 4 6500.800155 168 480, 145 312
RI704ZV 3 4 6502.332771 110 840, 147 228
WT808PE 2 3 6507.999392 189 380
VO072JP 2 4 6516.654478 132 360, 125 420, 111 840, 91 52
WD550XB 2 3 6519.297539 108 666
ZU215LS 3 4 6525.765874 157 300, 136 580
PF400CJ 2 3 6528.749086 85 300, 148 314
DN136MH 2 3 6532.978414 83 480, 155 207
ML024JF 1 4 6536.860102 82 600, 116 660, 115 720, 87 85
CK726VC 3 4 6539.395516 183 688
TS518FH 3 4 6547.493723 97 540, 165 446
UF234CD 1 2 6552.976245 100 180
PI277LF 3 4 6562.715404 97 300, 186 360, 105 285
IA401UI 2 3 6571.691552 83 720, 152 80
NK076II 2 4 6577.461491 174 420, 160 780
RP339GC 2 4 6580.200642 94 480, 112 780, 152 431
SU170CN 1 2 6580.897768 183 98
XD207GH 2 4 6587.623988 137 900, 186 360, 104 74
DH471KM 1 2 6590.956538 81 222
KD180RD 3 4 6599.807972 137 840, 148 73
FW359FF 3 4 6607.100271 108 300, 133 540, 85 256
TE055QE 1 3 6613.476762 108 420, 190 234
JF658JZ 3 4 6623.433305 182 300, 130 300, 155 209
FP754RS 1 2 6630.630697 162 111
EU557OS 3 4 6634.084133 156 480, 117 436
PF988TR 2 3 6641.829785 189 380
ZA866HC 3 4 6645.144328 154 420, 81 720, 150 19
CM046CO 3 4 6648.514007 120 840, 140 180
WG359DG 3 4 6654.295034 89 300, 155 420, 130 263
KT577MK 3 4 6661.614439 107 720, 81 420, 172 86
ZR292ED 2 4 6664.792257 164 840, 137 439
ZR048XW 2 3 6671.668461 169 426
WV455EV 3 4 6677.474508 183 300, 87 420, 123 280
LH953JM 1 4 6686.313847 84 420, 107 360, 138 300, 181 556
MI467UO 2 4 6691.274587 82 540, 93 660, 154 420, 88 314
CS112YT 2 4 6692.560873 124 720, 184 590
JO784EU 2 3 6695.896517 86 300, 154 300
ID380PH 2 3 6699.929253 170 423
CA215XQ 3 4 6708.965341 87 540, 178 443
QL634RS 2 3 6715.211411 120 480, 139 103
ZL637XC 3 4 6722.386881 153 823
DE356BV 1 3 6724.162945 82 540, 161 283
OA873XS 1 3 6731.260374 178 505
AC310QP 2 3 6732.660019 105 685
BX853OD 3 4 6735.421282 98 600, 87 660, 161 60
KX407EI 2 3 6739.561679 104 692
KS009FP 1 2 6742.964846 115 156
LI927BO 3 4 6744.935609 162 420, 100 480, 177 56
SG273UQ 2 4 6754.779130 175 600, 189 480, 93 24
GP371GF 1 2 6756.635999 162 111
DB305DO 1 2 6764.774701 134 134
XG543GY 2 3 6766.970762 114 540, 163 64
ZT815PT 2 4 6771.076675 140 720, 108 420, 127 300, 152 90
GK299OG 1 2 6777.326567 144 125
IZ205MK 1 2 6785.411695 97 185
TU346SQ 3 4 6789.975049 134 660, 161 233
HS850SO 1 2 6798.918550 169 106
DT289BW 1 4 6801.368517 149 660, 144 540, 119 335
GV890CM 1 3 6802.970234 174 420, 184 91
QQ107WA 2 3 6810.746631 164 439
QW414QH 1 3 6819.036272 188 478
YE410FR 1 2 6824.400374 91 197
GL752CQ 2 3 6830.958750 83 300, 149 316
DJ735XL 3 4 6838.002389 87 780, 152 300, 123 101
WO702PV 2 4 6838.675571 158 840, 189 345
HX405VM 1 2 6846.895839 144 125
FP081FS 1 2 6851.492562 187 96
BN040AE 1 4 6860.142402 147 540, 86 840, 86 360, 123 271
MV018YI 1 2 6868.983764 164 109
TW122VJ 2 4 6874.674145 162 780, 181 395
JE502KP 1 4 6882.135169 151 360, 169 780, 103 289
JK882HN 1 3 6889.375685 81 660, 146 250
PA504TI 1 3 6896.115830 137 360, 135 301
DF531PI 2 4 6900.959131 113 840, 116 420, 114 476
UO749PI 2 3 6907.801913 107 360, 135 247
MT947LG 1 4 6908.667417 99 840, 164 300, 178 469
RY035WN 1 4 6915.709783 165 780, 119 720, 187 8
OL084EA 2 4 6923.604126 136 300, 165 420, 126 540, 128 155
ZY560BV 2 4 6930.403632 137 480, 167 660, 137 160
FV004LE 1 2 6936.097356 84 214
OY152YQ 3 4 6938.115166 152 300, 171 360, 162 116
WH197UW 2 4 6947.220807 176 360, 184 720, 165 13
KX835WX 3 4 6951.102742 101 780, 82 300, 160 141
UG925KK 3 4 6960.327340 120 660, 128 365
XR052NE 3 4 6965.672138 182 600, 94 178
WW063YX 2 4 6975.288296 177 840, 173 285
QI818ZW 1 3 6983.938403 141 638
KR436VB 1 3 6992.593672 187 360, 125 181
JS416NO 2 3 6993.609912 183 393
BG000AF 3 4 6996.256810 176 540, 103 300
XE106OM 2 3 7002.914549 93 600, 169 95
NR869BY 2 3 7007.338406 151 476
TM578HL 1 4 7017.105293 87 540, 178 660, 173 297
TY946DM 2 4 7019.924419 183 840, 124 300, 149 47
EO396GA 3 4 7029.274969 139 840, 146 63
YU440UV 2 4 7033.729172 114 720, 83 480, 148 420, 173 80
ZH405IP 3 4 7041.743360 110 840, 91 369
QO982AZ 2 4 7046.435687 89 300, 87 360, 151 480, 177 381
AK110WN 1 4 7051.287746 147 540, 156 875
SX083QS 1 3 7059.347498 88 780, 169 126
KC720YO 1 2 7061.760290 130 138
CF641BC 1 4 7069.491079 112 780, 172 747
FU381QL 2 4 7078.321098 101 360, 129 660, 154 496
PD126FS 3 4 7081.051063 131 720, 122 259
TB712PR 3 4 7084.669724 139 540, 143 356
SR955ST 2 4 7094.006415 184 720, 184 356
DE697EQ 3 4 7103.209794 109 900, 83 336
MQ851VE 2 4 7110.145431 126 660, 110 540, 169 300, 161 29
SV115TO 3 4 7114.738676 163 773
HO828UQ 2 3 7121.996261 147 489
WJ515OJ 1 3 7129.114147 168 420, 189 102
SH484VU 1 4 7131.981389 81 540, 171 900, 178 103
TP754DK 2 4 7137.466664 164 540, 185 591
WJ061VG 2 4 7141.145151 166 420, 97 600, 144 486
HY421AK 1 2 7144.240369 168 107
RT694TG 1 2 7147.435962 157 114
VU734FH 2 4 7154.707300 131 540, 160 795
PQ309LS 2 4 7157.098866 130 720, 125 660, 125 175
SJ005AF 1 2 7165.023294 144 125
HV833VM 2 4 7171.983780 119 660, 96 780, 185 240
BV634UV 3 4 7180.701540 134 900, 117 46
SR615HM 1 4 7183.333075 164 360, 160 300, 145 300, 154 300, 96 200
OY080NI 1 4 7184.418831 117 480, 109 900, 129 300, 95 242
SE123XX 2 4 7186.609784 98 300, 135 480, 84 540, 96 608
VV312TF 1 2 7187.166637 189 95
OK980RI 2 4 7195.926786 108 660, 134 720, 179 168
GX016UA 3 4 7202.828430 144 300, 152 544
YK569UY 1 4 7208.370913 142 780, 112 780, 108 165
EJ525XK 2 3 7212.673203 88 818
OY857HU 2 4 7221.876705 105 720, 155 720, 141 76
GG282GJ 3 4 7227.261433 162 420, 179 323
JE719RP 2 3 7233.134591 108 660, 167 4
IZ053LI 3 4 7243.120467 185 660, 120 32
ZS988UZ 3 4 7247.894122 99 900, 84 439
GI785SX 3 4 7254.659122 97 480, 120 662
TL408SZ 2 4 7262.649423 104 840, 82 480, 122 480, 87 146
RN131FW 2 3 7272.351286 166 433
MF139GS 3 4 7277.062640 105 300, 150 300, 132 375
OH178YQ 2 4 7282.174909 117 600, 178 540, 153 207
ME027SR 2 3 7285.031093 147 360, 111 171
HQ289ZW 1 3 7287.191721 184 489
OV266QX 1 4 7296.564574 189 900, 190 241
OG307BN 2 4 7304.348774 184 660, 123 622
WC797BW 3 4 7313.618447 149 720, 91 205
BX506KN 1 2 7314.282249 113 159
BK651QQ 1 3 7319.377871 115 480, 120 289
QQ185IX 3 4 7329.272674 130 480, 133 360, 188 83
NU852MD 1 3 7338.628479 103 540, 100 343
MN669BY 2 3 7342.598809 188 382
BY929YF 2 4 7344.774404 190 540, 163 585
RY632CS 2 3 7354.210361 126 571
PS310FI 1 4 7362.789958 156 900, 83 480, 90 397
JL837DS 2 3 7369.238028 108 480, 179 112
RI421LI 2 4 7377.673745 111 300, 106 840, 130 582
ZY669FX 2 4 7383.720721 138 780, 156 579
PE808LD 3 4 7387.092409 184 684
HU351OD 2 4 7393.895884 124 900, 99 660, 164 128
VK482WC 1 4 7395.244304 136 420, 89 720, 138 686
QG848YX 1 2 7401.635340 162 111
WC892BG 1 4 7408.711610 120 660, 162 360, 92 360, 138 328
NU659BA 2 4 7414.864018 139 540, 176 660, 171 39
TH580PO 1 2 7416.585896 104 173
IS139XQ 1 3 7425.448064 93 360, 118 420, 122 57
MJ651ZV 2 3 7429.796204 124 580
JQ306PI 3 4 7436.999220 185 681
HQ650YZ 1 4 7445.015248 163 360, 171 840, 180 75
NY844RY 1 3 7448.500120 163 420, 122 176
JV773WK 1 2 7455.153120 143 125
JQ726BV 2 4 7455.714025 139 540, 84 600, 166 436
BB600YO 3 4 7464.448348 113 900, 90 270
WR021PU 2 4 7471.480598 155 900, 153 382
BX545FJ 1 3 7476.365004 115 540, 83 336
EY121RZ 3 4 7482.313879 153 540, 153 283
FM816CL 1 3 7488.933880 98 780, 165 82
VI835DB 3 4 7493.588644 145 360, 160 461
RU796NR 2 3 7500.540346 152 473
AF889SI 3 4 7504.035736 144 600, 126 314
DF398BM 2 4 7511.354096 142 540, 164 420, 175 299
VU082XS 3 4 7514.984051 113 540, 155 300, 146 126
FP483JB 3 4 7520.943539 111 300, 93 300, 110 480, 158 75
PI438SB 2 3 7529.804699 166 433
FI290SD 1 3 7534.044125 130 480, 81 340
PQ627AO 2 3 7538.036600 88 780, 186 18
HP218UX 2 3 7540.343228 124 360, 113 242
NJ745MQ 1 3 7547.039129 112 780, 92 28
YQ463UG 3 4 7554.495755 115 420, 82 420, 152 284
MT223AD 2 3 7556.504297 110 300, 127 307
IW834TW 1 4 7560.261354 86 780, 140 780, 100 397
NT043NE 3 4 7560.822864 102 300, 137 696
FZ665IS 2 4 7563.735474 173 300, 141 360, 107 480, 149 295
MI819IP 3 4 7565.765391 109 480, 171 430
WY497BM 3 4 7570.810455 89 420, 94 420, 173 284
QB900XG 1 3 7571.348778 190 473
XY495DO 2 4 7574.314115 80 480, 111 600, 104 480, 160 269
HM383XK 1 3 7575.577669 113 360, 134 368
WW554FP 1 4 7580.408082 126 540, 82 660, 120 480, 187 193
VN855WY 1 3 7588.583980 117 769
WN619ET 2 4 7594.624860 99 660, 133 660, 127 300, 144 47
TK759LK 2 3 7596.864685 128 480, 189 55
JH041OL 1 2 7604.419980 115 156
GO437SV 2 4 7609.490985 109 420, 123 600, 122 642
KK990KZ 2 3 7615.047988 181 397
OW802KX 3 4 7615.939184 138 420, 132 515
ZM894GT 3 4 7620.274995 118 420, 108 540, 113 160
AJ103GO 2 3 7623.263938 146 300, 101 279
QO527SK 3 4 7624.124796 168 750
ZY311SX 3 4 7625.004054 159 792
UM237MG 2 4 7632.861259 166 540, 128 840, 141 5
YB296SX 3 4 7635.176391 184 684
GD258HD 3 4 7636.640760 165 763
DK070RH 3 4 7645.885656 159 600, 148 206
VJ215NY 3 4 7655.314878 141 480, 185 315
JL163HE 1 3 7657.228240 119 420, 151 265
RW299OA 3 4 7664.504769 132 780, 180 127
NP857FB 1 2 7669.089166 118 152
YN191MI 2 4 7671.812914 154 780, 123 600, 104 39
OW135DA 1 4 7672.472172 181 660, 148 652
UB363UY 3 4 7675.720058 117 360, 93 360, 106 475
DY453ZH 3 4 7679.624712 93 600, 144 487
CK969TY 2 4 7681.088180 119 420, 125 900, 186 190
XK240XL 3 4 7682.623483 164 480, 102 300, 164 101
RY358ZG 3 4 7687.967378 143 881
FP547YE 3 4 7690.630235 90 420, 114 773
OF990OY 3 4 7695.064847 146 360, 122 360, 123 239
QH128MV 1 2 7699.779848 119 151
RM086GY 3 4 7705.678082 138 720, 106 251
WE826ZJ 2 3 7708.798576 98 540, 102 187
ZL942AJ 3 4 7713.365065 159 600, 135 226
XS556MS 2 3 7717.051420 129 558
DN866NB 2 3 7718.557473 96 300, 157 275
DJ424FJ 3 4 7726.687477 127 360, 139 577
QL720UA 1 3 7730.612921 139 647
LS951ON 2 3 7736.101290 151 476
FS991CH 3 4 7745.082351 131 480, 95 360, 154 187
CG370IZ 3 4 7748.777272 187 673
XV012HX 3 4 7753.222011 177 711
CN809UV 2 3 7760.213051 124 360, 109 251
BY155JW 1 3 7764.207218 108 720, 182 67
BV537QM 2 3 7769.543182 144 500
BY989NB 2 4 7774.585704 108 780, 83 480, 125 591
MN191PT 2 3 7779.516652 127 480, 168 65
PQ665GO 3 4 7783.440057 115 480, 84 360, 119 340
EU681AT 2 3 7786.149555 166 360, 108 113
FY265ST 3 4 7790.557823 97 300, 178 540, 141 5
NV261IW 1 4 7798.352464 118 660, 148 720, 138 228
CE214YA 2 3 7807.407939 137 480, 178 35
IA895UK 3 4 7811.514892 117 420, 151 509
KT724LG 3 4 7817.887706 112 660, 147 300, 174 45
ZS387IX 1 3 7827.039834 179 480, 169 24
HL646FV 1 4 7829.797638 163 300, 91 900, 147 579
EQ388QQ 2 3 7830.767309 92 720, 135 42
OV051NE 3 4 7833.966685 177 480, 81 360, 150 79
EO826ZM 1 2 7841.503415 152 118
SE733JH 1 2 7849.579096 95 189
AN702WY 3 4 7853.612180 141 360, 123 611
VU115LL 3 4 7859.044529 166 420, 119 420, 95 66
GN585WH 1 2 7866.187324 178 101
KF694NL 2 4 7868.855149 98 540, 95 540, 190 493
JL380MS 3 4 7873.376019 119 600, 183 298
OL569GP 3 4 7874.693282 136 480, 175 346
NW740JW 2 3 7883.907849 154 467
QE933XS 1 2 7889.168741 178 101
NI342AW 2 4 7894.867130 169 780, 182 363
ZM056CR 2 3 7896.602632 184 391
GM544EB 1 2 7905.455647 163 110
KU788CH 3 4 7913.780727 188 360, 95 613
YT366AX 3 4 7917.009161 144 875
WR804VS 1 4 7926.503537 146 600, 149 540, 85 420, 161 76
HU361TV 1 3 7935.965151 143 540, 120 106
KL372MI 1 3 7940.466789 122 737
UE490EZ 3 4 7950.304458 114 360, 83 300, 101 594
ZM242CX 3 4 7960.114049 109 660, 171 316
NY657VL 3 4 7965.171262 101 420, 98 660, 172 109
TB003PN 3 4 7966.015890 173 420, 97 549
ZW182XK 1 4 7967.404648 151 720, 96 660, 162 271
LD192LJ 2 4 7969.424822 185 660, 108 660, 97 47
YM800WT 2 3 7976.617059 125 576
WJ349GN 1 3 7980.389838 90 780, 143 138
NF565AP 2 4 7989.922061 180 420, 173 707
RB424TY 1 2 7992.508236 139 129
YU837XH 2 4 7996.005856 173 720, 123 597
DN887DF 3 4 8003.099718 131 720, 177 178
UE581ZY 2 3 8008.446218 175 411
WW713MO 3 4 8010.467693 112 300, 178 519
AX490HS 1 4 8011.284114 186 360, 166 300, 168 300, 110 443
XQ995DE 1 4 8013.447712 98 840, 82 720, 111 360, 182 190
DP345EU 1 4 8021.851589 173 900, 93 648
WJ016PB 1 2 8024.715808 167 107
YZ923DM 2 3 8028.643514 94 720, 157 27
CC928OE 2 4 8030.279694 129 300, 150 420, 96 360, 165 374
GN271LK 2 3 8038.287414 145 496
TJ005WY 1 4 8040.418798 151 600, 175 716
VM365ZJ 2 3 8048.112270 84 540, 147 181
EW122BB 1 3 8048.974683 152 592
IX791JX 2 3 8050.640912 172 418
XI551QW 2 4 8051.247194 138 360, 186 360, 182 447
ZP699PJ 2 4 8054.112391 131 540, 96 720, 187 310
OZ620ZF 1 2 8055.373679 175 102
GH644II 3 4 8060.887441 169 420, 146 376
HE027HJ 3 4 8062.286122 171 736
IE623RE 3 4 8063.410950 106 720, 134 370
HG297JH 1 2 8066.321438 134 134
JI609LA 3 4 8068.916301 120 420, 153 494
GA537MR 1 2 8073.515063 145 124
RQ803LL 3 4 8077.288525 172 660, 167 74
BB683VC 2 3 8077.800857 92 782
EN997IS 2 3 8080.708255 175 300, 88 221
XN010QF 3 4 8087.634267 109 540, 109 615
XH398VJ 3 4 8097.600503 100 780, 166 289
NQ830PW 1 3 8099.027664 163 552
QL597ZA 2 4 8106.485910 104 780, 123 660, 86 415
AF053DS 3 4 8112.324372 107 780, 99 429
EV086OV 1 3 8121.819899 143 629
KB840HV 2 4 8125.623299 104 540, 89 660, 92 720, 109 154
HS786DI 1 2 8131.793543 153 117
DR641XB 3 4 8137.268902 103 780, 190 240
HV699RY 3 4 8142.110849 187 360, 86 540, 178 68
IO745GM 1 3 8149.597940 120 750
AI657KN 2 3 8155.604318 162 300, 94 248
UR816AS 1 3 8165.192871 101 891
IJ003AD 1 4 8168.079423 82 900, 87 900, 109 360, 131 188
JW605TR 2 4 8175.627389 138 540, 91 720, 124 467
RM931LF 2 4 8179.413478 186 840, 101 413
ZZ725ZA 1 4 8184.471122 130 900, 179 553
AD267ZD 2 3 8194.241159 120 600
NK584QD 2 4 8198.045811 158 780, 190 300, 148 120
ZZ198FO 1 3 8205.557446 134 600, 113 84
LU918GY 2 3 8209.416983 108 666
LX146ET 1 4 8217.449785 152 840, 107 825
SX200ZW 1 2 8225.002622 186 96
GF228RD 1 4 8225.616191 188 660, 101 480, 106 360, 82 64
BW060GZ 3 4 8227.070404 129 840, 113 156
KR861YN 3 4 8229.914759 81 780, 139 451
YO128OU 3 4 8238.070546 111 660, 97 543
VL406WK 3 4 8239.483274 125 900, 176 76
BI051JU 3 4 8247.860300 95 420, 124 694
QG316CA 3 4 8252.148792 180 660, 141 51
BE048LK 2 3 8253.419090 101 712
VL573PO 3 4 8256.714738 136 720, 134 209
GB813GK 2 4 8265.788010 116 540, 180 480, 144 340
VN108WI 3 4 8273.126503 80 600, 178 438
SU616MZ 3 4 8275.377780 182 480, 183 211
GV545WK 3 4 8280.614785 103 660, 89 600, 97 47
GI416HF 3 4 8281.317313 95 600, 141 420, 90 108
DY743MM 1 4 8282.330475 174 540, 185 659
DI891CM 1 2 8285.359934 89 202
ZS950JA 1 4 8286.045906 96 360, 129 420, 83 540, 184 448
YT402EW 1 2 8289.662185 145 124
QJ464XT 3 4 8297.738392 164 720, 153 51
NJ631ZN 2 3 8298.275990 124 580
TB075NL 3 4 8306.741376 182 692
KP211PI 2 3 8309.421867 157 458
YJ647GI 2 4 8317.473993 130 360, 134 360, 115 600, 141 240
ZL970HH 2 4 8322.369595 95 900, 88 840, 118 326
PV128ZH 3 4 8330.863842 80 840, 176 334
XL392QY 3 4 8332.762891 162 600, 183 157
ZU402TR 1 3 8335.666205 155 580
UW328KG 3 4 8336.771033 160 787
LN854OC 1 4 8345.835868 93 900, 185 540, 158 205
PU064WL 1 4 8354.856746 134 300, 152 780, 81 420, 120 193
AT740FL 2 3 8358.642477 153 360, 181 93
CW087YF 2 4 8367.432056 121 420, 146 360, 104 720, 86 229
JJ064SR 2 4 8368.079116 119 420, 183 600, 160 238
LB947EB 3 4 8370.624741 80 720, 129 480, 83 78
QA576IE 3 4 8380.046986 130 900, 135 66
KY646GG 3 4 8384.090708 100 420, 165 300, 154 224
HQ858MF 3 4 8392.324474 148 480, 141 389
AC175XW 3 4 8394.987201 148 851
AF189UO 1 3 8403.222126 92 300, 161 387
YI205WF 1 3 8408.833793 158 420, 114 207
WO938EV 3 4 8413.840461 124 660, 131 337
SI585ET 3 4 8418.552337 136 660, 117 309
XI871BA 1 3 8422.314545 106 600, 172 153
FI138GI 1 2 8426.647444 93 193
EO309HQ 1 3 8429.159333 99 900, 179 5
RH574NU 3 4 8432.105163 95 480, 168 478
CI613OJ 2 3 8432.661148 165 436
JR911HG 3 4 8438.958866 163 773
IX528OA 2 3 8442.250245 88 360, 182 221
ZE671PZ 1 2 8444.892244 97 185
MC621BK 1 3 8448.667301 158 569
ZS149RM 1 2 8449.587063 115 156
QF901BV 3 4 8456.632532 181 696
WF138MQ 1 3 8463.308600 141 638
XX968QV 3 4 8465.273535 106 300, 161 585
CI619CF 3 4 8474.084264 178 300, 117 620
SH672CR 2 4 8480.906814 138 600, 96 480, 108 600, 88 49
GV329TZ 2 4 8488.289451 172 300, 135 660, 99 578
NJ084YY 2 4 8490.054516 184 660, 144 420, 137 117
UT253OV 2 3 8491.485042 83 540, 124 219
PO293KR 1 4 8493.153159 186 840, 100 420, 142 125
SU632KL 2 3 8497.367571 168 428
GZ370BH 2 4 8502.298324 138 360, 138 420, 129 300, 186 277
YR835YO 3 4 8512.275359 114 540, 124 519
EQ026YW 2 3 8520.679439 82 420, 111 338
SA892FS 1 4 8523.246992 152 900, 111 420, 137 237
TC807PY 3 4 8532.416363 176 360, 135 464
CJ219YX 1 4 8540.071833 116 300, 116 600, 112 840, 105 166
OS667TM 1 4 8549.269265 186 780, 123 420, 113 170
BW091IF 3 4 8549.939140 83 600, 83 780, 137 83
UV086QR 1 2 8551.967028 159 113
GZ690LZ 1 4 8557.417224 138 420, 108 480, 149 360, 135 389
JL562FI 3 4 8562.767336 182 660, 161 36
OY260ZQ 3 4 8563.394002 131 720, 175 181
LQ967BM 1 2 8573.102717 100 180
NY053ST 2 4 8573.935822 145 540, 136 300, 101 660, 81 151
JE494HT 1 4 8577.199242 176 720, 114 540, 141 196
BT986DU 3 4 8581.678664 81 480, 155 562
RC815JQ 1 3 8586.996555 157 573
FA160WN 2 3 8589.032500 107 360, 119 281
PH883KP 3 4 8597.108759 141 840, 183 41
HW328YM 3 4 8605.596176 93 900, 85 497
LD143KP 1 2 8606.749369 190 94
HM032JW 2 3 8608.543395 81 840, 172 23
VZ504VJ 2 3 8617.376668 92 782
PT891IW 2 3 8621.487285 160 450
BU690VW 2 3 8624.820746 124 540, 118 42
RU593SD 3 4 8633.596396 149 845
KJ494KM 1 3 8640.078891 89 840, 105 145
MD909ZI 3 4 8645.911023 124 480, 87 764
LH054JH 2 4 8649.777636 84 300, 167 420, 180 570
YK148FV 3 4 8657.345492 105 900, 134 235
SX730UD 1 2 8659.975666 117 153
SP139FG 1 3 8662.078684 121 743
PY626QZ 3 4 8664.706851 159 660, 121 174
JC404KV 3 4 8672.681733 107 840, 159 227
UQ660PV 3 4 8682.253384 172 732
DE981VW 2 3 8692.088607 141 510
JH755ZD 3 4 8695.976316 141 840, 87 86
VL053ZG 2 4 8696.519653 175 780, 91 360, 111 258
WK249PD 2 4 8699.361156 149 600, 101 600, 140 342
AG124BB 1 4 8706.616813 158 780, 145 639
QV568OB 3 4 8712.173445 158 797
IO504SH 3 4 8719.526454 189 666
RU416GU 1 2 8728.664140 123 146
EI887NP 2 3 8738.313781 108 666
AE187CT 2 3 8738.824388 106 679
CU297DW 1 3 8742.314672 81 360, 144 420, 104 3
HP993CB 2 3 8749.813519 135 533
BI035IR 2 3 8759.315105 113 360, 190 164
RT909LP 3 4 8760.462430 105 540, 140 495
BM681YQ 3 4 8768.402768 107 660, 117 473
UW191CG 3 4 8777.086988 164 360, 126 531
IG169OC 2 4 8784.542236 167 900, 113 422
AO621WU 3 4 8790.473257 131 600, 134 353
SE915MD 2 4 8792.207172 154 660, 111 660, 123 187
UJ856OE 3 4 8796.964480 167 540, 95 377
GX701QW 3 4 8801.296811 119 900, 175 108
LI255NU 3 4 8805.859086 80 420, 183 504
KI904JI 1 4 8811.424813 112 780, 129 600, 173 296
YM416GW 3 4 8820.463868 119 780, 110 301
PO505NO 1 2 8826.572988 108 166
RA075PK 2 4 8830.358818 118 780, 96 420, 116 540, 164 18
BZ105WM 1 4 8837.164344 81 660, 146 720, 153 375
SH018JH 3 4 8841.332607 146 780, 145 83
RN968PW 3 4 8847.113505 92 720, 152 393
QM622BQ 1 4 8851.193081 139 900, 162 480, 167 78
OY501FP 1 2 8852.965459 154 116
IA387NB 1 2 8854.985161 103 174
LC831WI 3 4 8856.640773 181 300, 166 300, 96 228
OW861QD 3 4 8862.716399 182 692
DG741CG 2 3 8871.730389 91 791
NW822IS 2 4 8873.549408 179 540, 115 881
TF507ME 3 4 8874.296183 151 420, 127 492
WT262DM 1 2 8878.080780 182 98
XJ069RR 3 4 8882.675470 148 480, 95 300, 130 203
KO963UP 2 3 8886.488440 182 395
QS512PZ 3 4 8892.043898 131 780, 119 200
DL969HC 3 4 8900.716958 170 741
PI411IY 1 2 8907.728200 185 97
TP801KW 1 2 8908.687370 131 137
GS715SJ 2 4 8915.578856 172 600, 170 360, 135 248
FA602FT 1 4 8922.154580 91 720, 90 600, 142 600, 152 74
RS997NP 3 4 8924.928087 152 540, 167 262
CD686DK 1 4 8933.855290 170 780, 123 480, 128 190
LQ477PU 3 4 8935.070963 128 900, 170 63
EZ882PI 2 4 8938.499806 136 480, 149 660, 170 202
RE067TI 2 3 8945.796893 165 436
YY016EY 1 3 8955.214555 138 600, 94 76
PC284BN 1 2 8961.841113 101 178
HZ879XD 3 4 8970.330834 138 600, 155 278
VD184CU 3 4 8977.859982 136 840, 109 107
AL034TN 2 3 8983.479274 136 529
ET607ND 3 4 8985.329785 90 900, 114 394
YC165UV 1 3 8994.829841 86 840, 120 148
BZ356RH 2 4 9002.763978 83 540, 125 480, 184 360, 147 183
KU631ZT 1 2 9011.920273 175 102
ZD239MT 3 4 9012.603750 181 600, 126 138
ZC960HK 2 4 9015.622215 99 300, 99 600, 97 420, 132 516
LN929MK 1 2 9021.406264 161 111
OQ161XM 2 4 9027.478181 119 360, 104 540, 106 300, 115 584
LU938YY 3 4 9031.226908 123 420, 146 509
NT050CG 3 4 9040.647183 114 300, 115 360, 116 360, 160 53
SR184VI 3 4 9046.817167 97 660, 118 525
HV348SP 2 4 9049.038111 125 420, 92 780, 95 660, 139 79
PO579NU 1 3 9053.460739 86 360, 127 464
MZ545ZT 1 3 9061.188861 98 900, 161 11
VG139ZO 2 4 9065.503363 104 660, 145 600, 184 230
VZ031LR 2 3 9067.273480 172 418
WX741NN 1 4 9075.065478 174 900, 142 418
DI048FS 2 3 9080.179872 167 431
NL532NB 3 4 9088.048383 158 797
MT593ZY 3 4 9095.689560 84 540, 83 660, 110 235
ZF775OS 3 4 9104.108721 149 845
DL928TU 3 4 9108.067465 130 300, 127 685
IL690WD 2 4 9114.975584 98 900, 162 677
IY220EY 3 4 9118.278812 101 540, 181 394
CE319WL 2 3 9127.206663 97 300, 81 480, 151 26
MA051QZ 1 4 9132.319325 113 480, 182 720, 189 162
BU163LJ 1 2 9136.734298 82 219
CS304NL 2 3 9139.842435 160 420, 90 53
NB216FC 3 4 9140.872273 109 720, 188 252
LD470RQ 1 2 9145.430760 167 107
SE250UD 2 3 9148.642163 182 395
BX263GN 2 3 9151.138671 178 404
XW657UW 2 3 9152.805722 152 300, 90 293
LK089VD 2 4 9156.443368 153 540, 135 300, 173 360, 154 81
ZN361NY 1 3 9160.634986 174 517
MI221UU 1 4 9161.711799 97 840, 121 360, 119 360, 129 373
TV597GM 3 4 9169.983235 157 300, 82 600, 108 275
CB760AZ 1 3 9177.543098 162 555
GO366SA 1 4 9179.813225 135 300, 87 540, 137 360, 177 447
OZ757PZ 1 4 9182.949836 186 780, 170 300, 136 146
DM391FD 3 4 9186.430482 95 600, 107 480, 169 104
LP176JN 2 3 9189.882727 188 382
SS898DA 2 3 9193.639013 118 610
JG308EO 2 3 9198.556943 96 720, 118 24
YO744WB 2 3 9202.894549 150 480
OQ965ZB 2 4 9206.932333 122 480, 134 420, 153 300, 181 205
TE156CC 1 4 9214.265681 87 840, 140 780, 148 227
TW063PY 2 4 9220.173249 84 780, 139 360, 117 704
UX527JE 2 4 9226.611142 153 480, 148 660, 185 145
CU680ZO 2 3 9229.361839 171 421
ZA782WP 1 2 9234.639897 118 152
EJ158MZ 2 3 9240.512547 165 436
CX920KO 1 3 9248.265848 175 360, 185 145
WJ515DL 3 4 9253.888284 183 688
KZ674IW 3 4 9259.446288 84 900, 188 268
UN417LW 2 4 9262.279753 134 540, 121 480, 179 377
PN737WS 1 2 9269.503861 95 189
DM018GW 2 3 9272.080730 94 765
PL426OD 1 2 9280.477267 185 97
CD184MS 1 4 9289.264502 153 420, 182 780, 146 66
CL291ZX 3 4 9296.330789 180 700
WB515YG 2 3 9300.751111 86 780, 126 39
ZF377DH 1 2 9308.959603 106 169
DH954KJ 1 3 9314.025886 126 714
QH805TP 2 3 9318.371705 127 566
MD268BS 2 4 9321.110975 122 360, 190 480, 175 359
BD417OY 2 4 9324.443914 182 720, 154 434
YJ322RS 3 4 9331.938795 119 420, 99 767
DU317VT 2 4 9332.546791 94 300, 114 540, 174 600, 179 21
TS027HI 3 4 9336.872843 125 660, 87 500
MK552ZM 1 2 9341.293083 141 127
WX870CO 2 3 9346.027520 187 385
CN395FX 3 4 9346.532102 153 823
NX390KM 2 3 9353.421603 133 420, 95 169
HT451VR 3 4 9359.144545 141 480, 148 394
ML285BP 2 4 9361.437747 169 720, 141 360, 84 304
BC724DS 2 3 9366.904148 125 540, 170 26
GN184LW 1 2 9375.358368 90 200
UN811XS 1 2 9384.260475 104 173
NP010AE 2 3 9387.602274 137 420, 106 136
OQ167BO 3 4 9393.804644 114 660, 159 319
EX982WQ 1 2 9399.854402 185 97
DV930HW 3 4 9408.565795 167 754
NF951PQ 3 4 9413.084160 156 300, 102 360, 159 267
VS746BZ 1 3 9420.053516 180 500
PQ130SE 1 2 9425.011407 101 178
SF579VU 1 2 9426.343765 156 115
YF945XK 3 4 9433.765837 132 540, 129 424
HD709CV 2 4 9443.431664 108 420, 176 660, 94 360, 167 15
PS163RB 2 4 9450.855046 127 300, 136 840, 94 420, 131 47
QK420TN 2 4 9455.283002 182 720, 99 300, 99 376
GT476QA 2 4 9463.339977 136 360, 104 900, 110 420, 178 51
LW571BS 2 4 9465.072503 114 840, 103 600, 112 300, 178 38
XS400JY 3 4 9473.145508 111 900, 124 210
XE264BN 3 4 9480.016240 175 720
OU130DE 3 4 9487.170486 99 300, 183 420, 116 167
UX890WE 3 4 9493.946671 125 660, 105 300, 90 133
ZR844DZ 1 2 9502.418384 136 132
VE178WJ 3 4 9505.462919 146 863
JR997KF 3 4 9507.034321 90 900, 130 300, 107 56
DY880MF 2 3 9508.458720 91 720, 184 35
GA047OA 3 4 9517.347079 188 360, 144 404
DY232ML 1 4 9519.987124 139 780, 130 420, 87 420, 112 146
OI679EY 1 2 9520.592692 161 111
XA873TQ 3 4 9524.988680 142 360, 156 479
EB754FA 2 3 9530.830191 86 300, 101 457
XU975BZ 1 3 9540.572279 120 750
ZT856VR 1 2 9545.363115 127 141
QJ125RH 2 3 9552.623239 177 406
KT239RE 2 3 9554.322958 87 360, 94 420, 161 7
PC181XD 2 3 9564.172843 190 378
QS040NW 3 4 9568.359227 99 840, 136 315
QN025WH 3 4 9573.959146 181 696
TU788BG 2 4 9579.019870 137 720, 94 720, 165 191
PF327WX 1 3 9583.010958 152 540, 82 96
ZO928NW 2 4 9589.204212 86 780, 80 420, 108 300, 162 400
ZG873PB 1 2 9598.422972 127 141
VD237DH 2 3 9600.706561 154 467
RM844XF 1 2 9606.048100 111 162
CC881MH 3 4 9613.650228 164 720, 173 45
UU137SL 2 3 9617.152897 113 540, 102 107
SU112SH 2 4 9617.811511 123 720, 117 900, 90 45
FZ816LD 3 4 9624.771524 122 660, 91 499
XI064HQ 1 4 9630.718028 139 660, 106 480, 106 420, 93 310
IF152II 1 4 9636.366367 101 780, 80 480, 143 300, 81 690
SJ536BB 3 4 9636.902386 106 720, 166 299
SR923KS 1 2 9644.918307 181 99
HU690TH 2 3 9647.721976 85 600, 167 125
SD921JL 2 4 9655.610778 110 780, 103 660, 133 332
OQ511ZD 2 3 9657.101200 90 360, 101 392
CC677WG 1 3 9666.402993 117 769
JZ062SV 2 3 9674.621335 131 540, 117 10
ZY178HY 3 4 9675.785642 87 900, 187 255
ZA376SG 1 2 9680.314271 181 99
RN583OA 3 4 9688.115573 145 360, 113 360, 173 191
RK968BE 1 2 9694.599639 175 102
DM259FK 2 4 9698.995395 185 360, 112 840, 172 216
FE522KJ 1 3 9702.864520 106 420, 147 309
BO895ES 2 4 9706.915233 94 300, 164 780, 88 475
WM315UF 2 3 9707.649930 98 660, 144 50
PB726VA 1 2 9715.786183 172 104
NH589PD 3 4 9719.403627 174 660, 178 62
NT035RF 1 4 9720.248139 159 300, 151 600, 163 476
EU615QM 1 4 9729.641928 180 300, 97 480, 116 540, 163 323
TO069IY 3 4 9732.937360 177 711
PH652YN 1 3 9735.777220 145 600, 125 24
SP091WD 1 4 9738.671633 141 420, 142 600, 80 540, 122 232
KW449DY 3 4 9740.224812 110 360, 135 540, 126 107
FR163QH 2 3 9749.162541 190 378
WB957DS 1 4 9752.562409 163 660, 103 360, 132 420, 110 144
AT156BG 2 4 9762.385207 146 660, 163 480, 92 254
LT350IZ 3 4 9771.807699 163 600, 179 157
XA328BH 1 4 9774.038259 101 720, 93 360, 132 831
AI664IK 1 4 9776.929139 86 780, 187 720, 82 174
VF483TN 1 2 9779.856777 114 157
UE038ZM 1 2 9785.336685 134 134
NZ712EE 1 4 9792.141402 151 540, 161 835
DN247IW 1 2 9801.933204 181 99
FA752QT 1 4 9811.567523 115 540, 159 840, 168 121
IG914GE 3 4 9821.531680 158 600, 158 197
GS476PR 1 2 9824.461470 107 168
ZL436ZL 2 4 9828.946887 183 780, 98 563
ID398LC 1 3 9831.503332 137 656
JR014NA 3 4 9838.823552 179 300, 163 443
HJ203PF 3 4 9842.933592 95 300, 186 524
IA192AD 2 3 9846.206431 141 510
KW414XZ 3 4 9848.314604 102 600, 155 300, 148 123
ZX285JB 2 3 9852.147213 86 837
VH443DP 2 3 9854.919429 145 496
EJ035NN 2 3 9856.558030 159 452
OV397OY 1 4 9862.740514 134 420, 115 840, 181 348
NK253BF 1 2 9863.539020 188 95
OV198KE 3 4 9864.301052 118 600, 106 480, 140 30
UZ456TD 2 3 9867.563895 188 300, 175 89
OD746DM 2 4 9877.459508 93 780, 113 840, 93 328
FK185NS 1 2 9885.367741 156 115
LD772ZI 2 3 9892.387006 115 626
YR917MU 3 4 9895.915280 103 840, 158 249
VZ566CW 1 4 9903.000806 175 660, 142 707
MC094SE 1 4 9908.021678 87 300, 170 420, 182 651
QZ694LH 2 4 9913.624402 132 540, 101 300, 91 720, 81 381
PT191LE 1 2 9914.815616 128 140
AA039HB 2 4 9923.387317 145 300, 103 840, 90 755
WS583UJ 2 4 9929.945392 162 660, 114 300, 142 400
JP512UK 3 4 9931.590596 122 600, 85 600, 137 13
MX731DT 3 4 9940.574243 140 720, 130 193
QB709UA 1 4 9949.328926 83 840, 122 480, 136 645
KO888FF 3 4 9950.455350 111 900, 159 164
LY285EM 1 3 9953.139314 134 671
HJ799MO 1 4 9961.214857 175 600, 105 600, 188 255
MI930CT 3 4 9963.680637 156 420, 127 476
UF200IN 1 4 9973.334946 165 300, 176 900, 176 46
ZN227BP 1 2 9975.547570 117 153
HI331TQ 3 4 9982.786117 168 750
KP623CN 2 4 9990.016391 89 660, 141 660, 157 294
YJ057JY 3 4 9993.194782 156 807
GC252ZL 3 4 9997.748952 115 480, 181 391
NH538SX 3 4 10002.533028 179 420, 165 308
AQ742UG 1 3 10010.985604 183 491
LS707OW 1 3 10016.542335 101 480, 123 337
UY108TV 3 4 10024.685011 153 780, 137 48
ZQ089VQ 1 2 10033.732964 177 101
DI231AV 1 4 10037.604760 186 420, 181 761
CS208LW 2 4 10047.311768 106 420, 118 900, 80 360, 90 205
CH542WJ 3 4 10056.495103 171 600, 90 260
KP169FQ 2 3 10063.189752 183 393
HS441EL 2 3 10065.158428 163 441
FT500JU 3 4 10066.601169 140 780, 81 207
VC114HC 2 4 10073.236262 187 780, 134 300, 102 117
PF716ZC 1 3 10078.969020 171 526
EN538HK 2 4 10087.578364 108 540, 162 720, 96 240
MJ781WG 1 3 10097.466418 176 300, 99 375
OS710ZR 2 3 10103.695957 189 360, 180 21
MK449YG 3 4 10106.154590 87 480, 160 526
NW073FG 3 4 10108.025293 170 540, 163 209
KA151PB 1 3 10110.349685 106 420, 139 300, 159 23
AW084YB 1 2 10118.736328 86 209
YP608KE 1 2 10119.474983 189 95
LA610UC 1 3 10125.817062 181 480, 110 28
QH944HJ 1 4 10133.054859 153 660, 186 300, 92 643
SA186RN 1 3 10141.974819 183 491
PF050ZK 2 3 10142.572234 99 600, 172 73
VR217DL 2 4 10146.635458 184 660, 97 420, 121 296
ZY697HD 2 4 10153.744539 170 600, 171 420, 81 298
BE720DU 2 4 10156.574490 157 300, 143 360, 115 540, 128 291
BU804RN 3 4 10162.308271 162 777
RN076ZX 1 2 10167.385356 189 95
WP134PT 3 4 10171.448731 124 600, 142 363
FT658QU 3 4 10180.777642 145 840, 125 33
DX513GO 2 3 10186.949600 152 420, 101 80
IX775WC 2 3 10195.957809 188 382
HY125QN 2 4 10205.158427 82 720, 98 660, 157 473
CF583US 1 2 10211.188673 146 123
XM085QJ 3 4 10215.094394 127 540, 138 416
XK698CV 2 4 10222.983536 180 780, 188 306
TN631US 1 4 10227.162790 96 600, 119 600, 105 360, 168 292
GX235TO 2 4 10233.242523 90 540, 154 540, 122 542
OW617ZR 2 4 10234.751636 102 780, 123 720, 98 304
OH121GC 3 4 10242.165422 140 900
HN704AB 1 2 10249.802288 148 121
BE582QP 2 3 10251.774254 167 431
JZ858PX 3 4 10255.382648 164 600, 121 228
OM643SA 3 4 10259.752614 175 720
GF901NS 1 4 10269.318227 181 420, 138 480, 156 472
VK430DB 2 4 10272.560263 117 300, 149 900, 177 162
OW354RQ 2 4 10273.208742 120 840, 126 540, 164 177
KY361FU 2 3 10278.723077 160 360, 164 87
PR280PY 2 3 10283.407479 165 300, 153 147
RS313FJ 2 3 10292.614131 190 378
UA032KD 3 4 10300.124123 174 480, 139 305
WW903LK 2 4 10307.804177 102 900, 179 593
SJ498XS 1 2 10309.262771 82 219
RD665ZU 2 3 10310.473730 136 529
UJ686UU 1 3 10312.139158 138 652
XD775PZ 3 4 10321.838805 148 780, 121 87
TB051AX 2 3 10327.142182 176 409
WF086GE 1 2 10331.758066 92 195
CG880ZF 1 3 10338.760751 151 420, 80 332
PX321LM 2 4 10341.274260 106 900, 152 660, 109 20
IC281HW 2 3 10343.900916 113 637
YF232AM 1 2 10349.267939 161 111
XG799CA 1 2 10356.145723 168 107
GC122TB 3 4 10359.820824 152 660, 164 156
XQ523WO 1 2 10366.668854 109 165
ZG274DC 3 4 10372.840914 176 715
EA493SO 1 3 10378.391675 149 480, 135 136
GV245VN 1 3 10383.659933 116 360, 143 337
DW008CC 2 4 10390.300537 156 660, 135 420, 122 300, 93 18
QM311VG 2 3 10395.919366 114 480, 127 136
HF800LG 1 4 10403.042032 132 540, 140 900, 124 150
UG148UT 2 4 10406.690042 165 300, 111 780, 180 344
IY981TD 2 3 10408.964897 84 600, 176 122
PZ707UG 2 4 10418.758351 112 480, 167 840, 181 21
TD461FZ 2 3 10425.821798 117 360, 155 192
CO268MO 3 4 10434.816658 97 840, 83 536
XA810OX 1 2 10444.362463 115 156
ZY354AI 2 4 10450.936728 136 600, 186 360, 80 618
ZA035QR 2 4 10459.594341 122 660, 111 720, 93 403
PR811PP 2 4 10465.171676 81 300, 120 420, 175 704
PS408FY 3 4 10473.412970 147 420, 96 660, 84 10
YD806KQ 1 3 10478.573330 174 517
WX888QV 1 4 10485.595774 86 840, 96 420, 94 360, 99 703
PV319TP 1 4 10492.945723 146 300, 183 780, 154 191
LV972NT 1 3 10496.305994 94 780, 84 198
HW293CU 2 4 10502.241922 84 480, 140 300, 89 720, 156 300, 189 25
LP974VL 1 2 10510.533999 158 113
UI558KS 2 3 10515.980441 136 529
EY737ZN 1 3 10523.566354 169 532
PZ124AP 3 4 10528.381171 142 887
VL556MK 1 2 10530.270834 127 141
MO921DC 3 4 10531.750250 178 707
MW826FK 2 3 10540.934646 173 416
JV064TB 2 3 10550.095389 153 470
CM666IA 1 3 10560.021321 155 580
CK780VR 1 2 10568.482554 104 173
AN712XE 3 4 10574.134842 145 540, 86 554
GK125UT 1 3 10579.047014 188 478
AW181YZ 1 4 10583.591406 172 720, 100 360, 185 303
HD189LQ 3 4 10589.372913 83 420, 87 420, 166 328
NE271BI 2 4 10596.465844 133 420, 172 360, 107 420, 115 306
XG059EQ 2 3 10603.647074 169 426
CH284PT 2 3 10613.493792 103 420, 174 165
FB101GY 2 3 10614.111257 119 480, 172 86
EM116CL 1 3 10617.552600 158 569
VP597NY 3 4 10625.285567 175 600, 130 161
RR594XQ 1 4 10626.499673 126 720, 177 600, 141 135
UV792EN 3 4 10633.752382 147 480, 127 436
KE386VL 3 4 10641.726224 149 540, 86 529
NM509CR 2 4 10643.448336 161 480, 121 780, 180 146
LA739HL 3 4 10652.236014 100 840, 147 285
CF624SG 1 4 10660.322675 111 540, 179 480, 139 504
VB961UG 1 4 10661.908465 80 840, 188 480, 96 600, 172 5
XT953CW 3 4 10664.973375 80 540, 106 781
UW431MC 1 3 10668.833034 185 420, 107 114
RN682EX 2 4 10674.877098 173 540, 122 300, 162 419
EC185EB 1 3 10681.780422 82 480, 173 292
GB151PW 2 3 10683.793257 164 439
NS985ZF 1 2 10692.871731 156 115
JI582NY 3 4 10696.530749 98 780, 128 300, 96 116
GC364DV 3 4 10704.270699 180 360, 131 467
GT373RS 3 4 10711.589291 171 736
BY395NN 1 3 10712.143451 181 497
OL424OA 2 3 10713.128763 116 300, 139 267
SA645QY 2 3 10721.379126 180 400
VV420FW 2 3 10727.140638 138 521
MQ057WK 3 4 10728.150323 126 600, 154 327
UI191BR 2 4 10729.960818 163 540, 179 600, 121 21
NS010KS 1 2 10731.497654 126 142
MH141TB 1 3 10732.565098 144 625
ZS787BB 3 4 10737.400536 131 300, 107 360, 103 467
JS182VB 2 4 10740.485512 104 780, 188 540, 103 149
YU973VL 3 4 10745.820288 100 900, 112 321
ZY253SK 3 4 10751.727783 102 660, 150 391
BA654UC 2 3 10753.948386 177 300, 93 203
KP552ZR 2 4 10763.162151 84 600, 87 840, 180 414
IB527OU 3 4 10765.518619 84 540, 166 360, 190 109
KM138IJ 1 4 10773.325220 130 420, 87 480, 148 660, 152 144
UL654YI 1 4 10778.047231 112 900, 117 840, 94 180
IT750IT 2 4 10786.059387 183 300, 101 360, 163 654
EV186IE 2 3 10786.583640 149 483
XU676XA 3 4 10791.765801 171 480, 103 426
AU556XZ 3 4 10795.555285 151 300, 185 420, 135 22
SO438XF 3 4 10803.035623 156 480, 136 375
FN287QA 2 4 10810.417083 109 420, 114 420, 132 790
IP855IH 2 3 10819.811312 123 540, 141 39
ZR975TT 2 4 10823.570905 102 660, 110 900, 146 216
NJ781XZ 3 4 10829.655072 117 480, 164 300, 186 110
ZJ503RL 1 2 10837.119953 117 153
UZ383CK 1 3 10840.655832 117 600, 94 210
VI478OE 1 3 10847.970371 134 671
QA831FJ 2 4 10855.133389 177 840, 107 460
AP516DK 2 3 10856.974534 99 600, 133 94
VL154UV 3 4 10858.232701 138 540, 136 378
NJ687DU 3 4 10863.629242 148 540, 165 279
FU830FC 3 4 10864.822923 88 480, 176 475
SK500QR 3 4 10872.337835 84 300, 85 780, 176 196
WL599IZ 2 3 10879.241222 187 360, 157 29
ST243NC 2 4 10882.453144 188 840, 109 367
MT810ZE 2 4 10883.596844 179 600, 100 300, 85 480, 105 188
HM074UK 2 4 10889.437310 148 480, 116 360, 184 463
OZ692BF 3 4 10890.547549 95 720, 123 468
BF587QG 1 4 10898.693616 86 300, 182 840, 189 197
ET942BM 2 3 10907.670958 129 558
CH191HN 2 3 10914.721354 121 420, 183 115
HI838TC 1 3 10920.562971 127 300, 114 360, 92 118
UR819ZY 1 2 10926.665177 161 111
BN573UU 3 4 10929.818894 144 360, 171 433
NU897BS 2 4 10939.684814 150 480, 169 480, 101 444
FD577PM 2 3 10946.706753 184 391
QI414UC 1 3 10955.103932 115 360, 122 360, 169 27
RS121EV 2 4 10960.473474 104 360, 184 360, 82 720, 87 405
MX544XQ 2 3 10965.158324 160 450
PS387GD 3 4 10968.912468 123 480, 117 480, 113 95
KI393LU 1 2 10978.661417 182 98
RL297HZ 3 4 10983.375808 112 720, 159 285
IG883GD 2 4 10992.477516 97 780, 140 780, 145 90
UN989XG 2 3 11000.574100 186 387
FG515LT 2 4 11001.137686 128 300, 100 360, 183 660, 132 21
IV639FQ 2 4 11002.767368 159 600, 137 720, 176 22
DU504TC 1 3 11011.148223 132 660, 106 27
UI955BJ 1 3 11014.977272 115 782
MV478SF 1 4 11016.549462 174 780, 148 542
UC166ES 2 4 11018.255376 147 780, 136 612
NN017QI 3 4 11020.189808 156 300, 89 840, 176 25
ZO864EK 1 3 11029.840398 130 420, 103 343
SZ259QH 1 3 11031.780512 167 300, 90 443
BR479XQ 3 4 11037.070465 113 480, 171 419
JF223LT 2 3 11045.952033 151 476
NX230TF 1 2 11051.257571 175 102
XL993BS 2 4 11056.288245 133 720, 172 594
KC603LI 3 4 11066.216735 152 720, 108 153
IQ850AJ 2 3 11072.178144 146 493
WP358DE 2 4 11073.261740 159 420, 187 701
NO072VJ 2 3 11079.734970 184 300, 90 186
ZL334GJ 3 4 11085.301599 118 780, 148 229
VJ163KV 3 4 11090.049786 98 780, 156 317
EF747AN 3 4 11091.971764 157 802
MT274JR 3 4 11099.042238 161 782
QT682GR 3 4 11103.869659 179 540, 107 274
ED602YE 3 4 11111.448140 171 480, 80 360, 110 137
WX177TK 3 4 11117.000634 95 420, 127 660, 174 13
BS331WK 1 2 11121.900240 158 113
KH610RS 2 3 11131.648553 87 300, 91 300, 190 97
TC479GP 1 4 11137.251748 103 780, 82 900, 115 480, 150 44
KN135FX 3 4 11140.593234 148 840, 132 12
VV386WS 1 3 11141.883937 139 647
YU498YZ 1 2 11149.574536 83 216
WH651PO 2 3 11151.200234 151 420, 146 58
FH583GW 1 3 11156.716323 190 420, 121 84
ZT319RL 2 3 11161.770199 157 458
DH759LF 2 3 11162.410086 181 300, 189 93
EN897YW 2 3 11166.079122 102 300, 97 360, 160 40
OQ621IW 3 4 11173.467397 109 360, 172 504
JP443KB 1 4 11177.528605 86 360, 112 420, 147 840, 173 83
ZY069ZP 2 4 11182.769587 155 720, 92 300, 153 360, 163 22
XT509AQ 3 4 11184.270642 104 480, 94 360, 89 474
OM585QU 1 3 11187.581757 163 552
XL028ER 1 2 11194.803033 102 176
AR181QM 2 4 11199.111378 133 540, 119 420, 183 416
PJ123KC 1 4 11200.913167 90 780, 175 600, 165 247
BA284IS 1 2 11209.593378 147 122
MT113RH 3 4 11216.766856 152 300, 185 434
CL080JA 1 4 11221.111812 124 480, 92 660, 147 600, 114 66
OM486RG 1 2 11225.657334 147 122
IF743BJ 3 4 11227.132934 129 300, 80 420, 97 553
BC112EJ 3 4 11236.406412 151 834
SS750EX 3 4 11244.449112 83 840, 127 360, 80 131
BK680CO 3 4 11247.366452 84 300, 144 300, 171 336
WJ708JQ 2 4 11256.161425 136 540, 106 900, 115 253
LT532UU 2 3 11262.228283 140 420, 83 159
FL052VT 2 4 11263.201150 119 540, 128 540, 141 360, 174 79
GY434HZ 1 2 11272.668031 82 219
JK725JR 2 4 11278.743158 158 600, 177 583
UU944IA 1 3 11282.546044 89 420, 115 457
OW479KB 3 4 11284.502899 182 692
MK476SN 3 4 11286.939027 142 300, 98 300, 165 327
SR377XI 3 4 11293.616133 118 300, 172 526
RW527RW 2 4 11295.016622 92 780, 165 480, 178 264
GX142WH 2 3 11300.960347 179 402
ZV219IJ 3 4 11310.385177 183 540, 114 238
DN638XK 1 4 11318.716381 143 900, 84 660, 188 169
TK728BX 3 4 11326.430822 142 480, 91 635
RK073RA 3 4 11330.709864 111 420, 158 360, 178 126
LS495LN 1 3 11332.635830 170 529
LY302WM 3 4 11337.261894 109 720, 116 409
XA393PD 2 3 11339.516558 106 679
VF851DS 1 4 11340.779272 175 660, 167 601
YQ110EI 2 4 11341.749979 150 660, 103 780, 108 172
EQ775GG 1 2 11346.256978 135 133
CH490TC 2 3 11349.107375 125 576
PU277RI 3 4 11353.698461 165 660, 186 91
CB738UL 2 4 11355.219167 178 660, 127 420, 164 165
IJ191CA 2 4 11358.964523 177 900, 175 221
OE082DH 2 3 11366.774576 91 791
LN474AZ 1 2 11376.416147 104 173
XR040WV 1 2 11385.906207 86 209
MP874TS 2 4 11394.505818 133 660, 127 840, 124 28
RH084VF 1 4 11395.419507 104 360, 121 360, 111 660, 103 599
TG403ZM 1 4 11398.747743 98 660, 140 300, 183 597
BW164SM 3 4 11401.353719 173 300, 185 360, 114 65
VR342GA 2 3 11408.491485 138 300, 174 175
DH236PQ 3 4 11416.325402 141 540, 121 412
LP278VN 3 4 11420.811680 104 840, 117 330
AI078UX 2 3 11430.172738 182 395
PB634DW 2 3 11435.400406 129 558
WO726QT 1 3 11444.489215 119 360, 125 377
NJ484VJ 3 4 11448.281770 148 851
PC398TU 1 2 11454.398333 91 197
FD971LU 3 4 11458.207528 129 780, 87 291
JO886OY 3 4 11464.046824 123 840, 160 141
IH644MJ 2 4 11466.005945 155 480, 159 777
LB860EO 2 4 11466.684076 151 720, 151 591
JE225HM 2 4 11470.165025 168 660, 100 720, 140 108
GS715ND 3 4 11478.489223 140 780, 111 151
MH442XG 1 3 11480.499029 135 666
UZ273JI 1 2 11485.734320 176 102
OC227MZ 2 4 11493.126574 90 780, 132 300, 81 600, 102 388
IT227BC 2 3 11499.498657 114 480, 171 101
DU791LC 3 4 11504.355140 148 420, 159 401
JZ304KC 1 2 11512.528831 169 106
RP245CX 1 4 11517.712786 127 420, 184 780, 177 108
TR889DO 1 2 11525.837135 132 136
FT568LD 2 3 11534.288861 147 489
YG985NP 2 3 11538.218557 181 300, 155 114
QS603IJ 3 4 11539.053017 142 480, 116 498
EM372QC 1 3 11540.503941 150 420, 163 165
JS619AL 1 3 11544.158268 108 300, 80 600, 158 60
DO426UR 3 4 11548.734893 128 780, 157 166
BC454SR 3 4 11553.052872 182 692
UM573RH 2 4 11562.010203 181 780, 164 346
HY078WZ 1 3 11571.251211 102 360, 84 540, 168 47
QE965JU 2 3 11572.503023 177 406
FI982ZT 2 3 11579.999397 190 378
PS507FX 2 3 11584.434131 130 540, 128 14
QG337TF 1 3 11592.823931 173 420, 157 110
RU259TV 1 3 11600.202146 158 569
ZK420FY 1 3 11609.600553 158 569
RL592KB 2 4 11617.664048 149 780, 111 736
CC982GW 1 4 11620.227615 110 360, 183 300, 80 600, 80 300, 117 423
JT424RK 3 4 11627.664200 159 540, 155 258
VX247LN 3 4 11631.914998 124 420, 123 600
CY782QH 1 3 11635.184058 131 360, 180 237
ZI369ER 2 3 11642.635028 81 420, 137 277
NR972LG 3 4 11647.883361 138 660, 176 198
TK694HU 2 3 11656.156431 139 360, 138 159
QC030KK 1 3 11666.124969 136 480, 108 228
VN941CH 1 2 11669.313799 108 166
QB629QQ 1 2 11670.570504 122 147
SJ098GO 1 4 11678.459103 107 480, 117 540, 174 480, 107 167
SS676FJ 2 3 11686.552038 153 470
LU067XF 1 4 11694.196383 183 660, 176 541
AE993KP 3 4 11701.146939 171 420, 172 315
BQ171SG 3 4 11706.031119 125 600, 165 309
IC784GW 2 3 11711.047780 106 679
UJ207DI 2 3 11714.068005 95 660, 187 49
GJ765UE 3 4 11718.987503 163 420, 83 693
JX621HM 1 4 11720.868851 104 840, 183 300, 129 571
HS276QM 3 4 11725.025036 116 600, 107 300, 119 204
UF632IH 3 4 11732.859833 175 720
PA101XE 1 4 11738.918400 169 300, 121 660, 132 647
UB359RV 2 3 11740.084884 165 436
JH514DX 2 4 11742.707190 99 780, 95 480, 133 565
IU544IG 2 3 11746.096153 132 360, 166 147
WK920IK 2 3 11751.393181 169 426
SZ795ID 3 4 11758.605542 137 840, 169 64
WI268BF 1 2 11762.435355 129 139
AH249BX 3 4 11765.473014 127 300, 82 480, 105 462
OC345CM 1 2 11775.267168 120 150
BI416AZ 3 4 11778.450446 97 300, 110 720, 140 126
WF012HS 1 3 11781.666631 80 720, 125 259
XB034RP 1 3 11783.314225 102 780, 166 62
FN535JG 3 4 11790.914537 138 900, 167 10
PB137KZ 2 3 11798.760476 131 480, 81 112
KV973XA 3 4 11801.201262 175 420, 167 314
XQ644VR 1 3 11810.706576 168 480, 96 97
PC753RC 1 2 11813.394207 187 96
PV628SL 3 4 11822.602608 103 840, 132 299
AA068EU 1 4 11830.512541 133 660, 136 660, 124 310
MX743BG 1 2 11834.282257 161 111
JL267VW 3 4 11838.821575 87 300, 141 420, 84 484
YD888KZ 1 3 11841.189191 91 480, 155 298
ZF686WH 2 4 11846.931662 129 900, 170 481
LH585YN 1 2 11853.184811 91 197
IL145CF 3 4 11855.808819 161 600, 182 161
XA490GW 1 3 11863.439180 114 420, 99 425
LQ387LQ 3 4 11870.573194 103 540, 174 404
WV540YT 1 4 11872.058176 143 420, 96 480, 94 420, 145 300, 142 189
DO398ZR 1 2 11873.029128 110 163
SS352LZ 2 4 11879.252559 82 600, 165 360, 96 840, 131 66
QG993XT 2 3 11883.156128 130 553
GX304PN 1 2 11892.945084 154 116
LR612HQ 3 4 11894.934963 148 540, 165 279
TE118CQ 3 4 11896.913331 189 420, 154 302
QW285FS 2 3 11900.174796 97 540, 175 112
VI870WF 2 4 11906.287073 183 900, 92 361
GB372CF 2 4 11915.443018 81 840, 140 780, 189 109
TF526II 2 3 11919.431255 166 433
AY215VE 2 3 11929.109308 114 631
ZX020VU 3 4 11937.081285 157 660, 117 191
EB382JI 1 4 11940.968754 165 540, 189 420, 157 302
PI314NW 1 4 11948.559018 83 300, 101 840, 158 600, 149 76
CT450PR 3 4 11953.120452 97 780, 87 578
DN396YY 2 3 11955.614846 114 480, 105 164
ZA155IY 1 3 11958.046646 179 502
VI213LN 2 4 11959.187611 140 300, 103 900, 165 383
OF269VH 1 4 11969.003958 175 780, 101 480, 103 301
XG928RK 2 3 11970.281472 84 660, 162 102
ES103WL 2 3 11979.299784 189 380
PC705AM 3 4 11980.788248 138 780, 159 115
DY935ZJ 3 4 11981.584809 89 540, 131 480, 81 185
LP861FW 3 4 11987.743832 114 540, 116 480, 140 62
GN856MM 2 4 11997.002804 87 360, 172 780, 179 181
GK672LH 3 4 11998.022892 126 600, 169 298
UH358WV 3 4 12007.476195 97 420, 156 420, 134 147
SD674QE 1 4 12016.936335 189 900, 122 376
UJ350TY 3 4 12022.075866 130 660, 104 360, 180 15
IK870UL 1 2 12030.580291 107 168
CA675EY 2 3 12040.163503 114 540, 83 125
ZJ691HM 1 4 12049.464914 90 420, 139 420, 102 840, 173 197
TT700KB 2 3 12052.582947 122 590
DT402LX 2 4 12053.722830 100 780, 163 360, 92 666
TU461GI 2 4 12062.982706 111 420, 170 540, 182 327
QN063UM 3 4 12068.777980 186 300, 98 716
TK024QU 2 4 12070.136713 92 480, 172 480, 151 472
DT484WT 1 3 12079.506897 155 300, 80 543
RU326AN 1 4 12080.033438 140 480, 112 780, 183 335
CA166LZ 3 4 12088.131797 187 420, 130 365
RU676OO 1 3 12097.667629 109 660, 94 192
OC841WJ 1 3 12105.832485 160 562
PV282KB 3 4 12107.328799 151 360, 147 487
XN557NN 2 3 12112.749085 109 480, 165 119
JU999SS 1 4 12119.956140 163 540, 156 720, 117 133
CE438TJ 2 4 12128.318186 89 660, 126 360, 97 900, 175 37
IP666UN 2 3 12138.010885 110 654
RY902VU 1 4 12145.394898 114 540, 168 720, 117 286
TA270SL 3 4 12147.469784 155 812
RS049UW 1 2 12152.305173 119 151
MA498JK 1 4 12158.008995 93 360, 106 420, 152 360, 165 504
IW541HM 2 3 12165.618740 138 300, 96 318
LU180KN 3 4 12174.070299 140 720, 108 233
FT934FA 3 4 12175.856928 131 600, 168 282
BG052FN 3 4 12180.830292 188 540, 147 166
HG361SN 3 4 12183.455172 153 823
AI391LQ 3 4 12187.958701 116 780, 128 277
MJ650WY 1 2 12189.095571 122 147
NS506SM 2 3 12193.973906 90 480, 91 316
ZD146AL 1 2 12196.929802 135 133
PE743QV 3 4 12199.814899 166 420, 92 611
EY245RM 1 2 12205.873853 110 163
PH958IA 3 4 12207.915422 181 696
EX842EW 3 4 12216.589677 142 420, 139 420, 134 59
WR231MT 2 3 12226.011811 88 420, 85 412
XD095EW 1 2 12232.179658 95 189
VX096NX 3 4 12239.369123 188 670
YK502DU 1 2 12248.422096 91 197
TE774JK 3 4 12256.166694 136 360, 177 435
SI960LN 3 4 12257.765807 146 300, 120 600, 181 56
BV644KR 2 4 12262.023551 160 540, 183 600, 99 18
HJ753KQ 1 2 12272.021671 84 214
LN513KE 3 4 12273.424810 123 600, 149 350
UW611PX 3 4 12280.550986 149 660, 88 314
MB214CQ 1 3 12289.809210 124 660, 105 77
EI986AF 3 4 12298.867027 190 663
MH397GX 2 4 12302.279875 181 300, 84 900, 140 486
WV022WW 1 2 12309.023598 181 99
GE141ND 1 4 12315.277127 152 780, 186 420, 100 193
LV424DM 2 4 12317.404176 83 360, 136 480, 175 300, 187 269
IX971SM 2 3 12325.614818 125 480, 167 71
LV346AT 1 3 12326.956273 158 569
BA782OB 2 4 12334.541740 96 420, 151 600, 154 360, 155 75
WV218SU 2 4 12339.942985 160 300, 160 660, 112 396
HY971UR 2 3 12345.491938 129 540, 176 13
PO449YE 2 4 12352.433879 183 780, 105 526
SK129OV 1 4 12362.151480 130 780, 165 694
CO537CP 3 4 12365.866186 91 360, 92 720, 96 281
OW823ME 3 4 12367.801479 186 677
KW159CU 2 4 12374.948859 125 540, 160 540, 101 436
EM623BN 2 4 12375.457818 164 900, 151 333
CD760XS 3 4 12383.479300 162 420, 101 573
IC939GE 3 4 12385.048877 138 720, 111 239
EX957DW 2 3 12386.945553 101 712
MI428NR 2 4 12396.935540 117 720, 125 600, 108 358
OS140CY 3 4 12404.852954 176 715
DT314WO 1 4 12406.484457 124 360, 172 720, 173 274
RB727IR 3 4 12416.233187 112 900, 103 244
SM062OB 1 4 12424.912787 107 480, 147 720, 172 341
RV113QG 2 4 12431.428046 97 540, 179 420, 175 402
GL145RL 3 4 12440.614587 81 900, 129 411
CF079GY 2 4 12443.479852 152 480, 90 780, 89 616
CG812ZV 3 4 12446.267282 112 300, 159 581
BQ660DW 1 2 12454.058104 161 111
SC213KD 1 2 12455.921452 110 163
TZ514HZ 1 3 12465.170234 85 300, 167 386
MV321UC 3 4 12466.751204 130 360, 114 694
JF570SB 1 2 12469.678714 124 145
VU450NZ 1 4 12472.420186 138 600, 171 300, 128 639
BT757DT 2 3 12479.499695 169 426
BC814DB 3 4 12484.449688 87 480, 134 628
GY478AD 1 3 12493.568333 90 660, 175 174
WW161YM 3 4 12502.472667 131 360, 136 420, 131 165
VB546MW 3 4 12509.754950 108 720, 100 480, 88 2
OY463VW 1 3 12510.585857 142 420, 109 278
UM312JL 1 3 12513.701170 124 540, 116 198
EN372NU 1 3 12520.195490 179 502
RP154CR 2 4 12522.559584 126 900, 190 445
NQ047TM 3 4 12530.717896 146 420, 135 479
JB377AA 3 4 12536.655840 180 700
BN607ZU 2 3 12546.544647 93 420, 177 186
RK503FX 1 4 12548.532484 125 720, 125 600, 126 360, 157 35
EM870QZ 2 3 12552.426776 170 360, 81 133
QL805FK 1 3 12561.859442 159 300, 159 266
JZ577OZ 3 4 12568.395309 80 780, 155 410
EG294AM 1 2 12575.164603 129 139
PJ696OS 1 4 12580.810588 122 300, 114 840, 188 444
OD553BX 3 4 12584.114280 158 360, 84 822
XK567II 2 4 12590.462648 153 480, 96 600, 159 421
KW700AX 1 2 12598.758171 80 225
LM356OU 3 4 12600.695403 172 480, 151 287
ZJ089MW 2 4 12603.648365 180 540, 114 420, 161 328
TT956TV 2 4 12606.808512 81 300, 89 840, 183 540
AG209CK 1 2 12612.760293 174 103
SY873AN 3 4 12621.305029 81 480, 89 540, 135 289
MS673FI 1 4 12630.929173 86 480, 148 660, 153 503
SF465KN 2 3 12632.765413 174 413
DS457CT 2 3 12634.458114 177 406
CI839OQ 1 4 12642.422117 129 600, 103 300, 140 660, 149 102
VS459OD 2 3 12643.944497 188 300, 89 175
OV788YP 3 4 12653.122168 101 540, 186 384
IG528NJ 1 2 12661.961599 141 127
NX163CR 2 4 12671.399220 123 900, 87 540, 141 285
QW857CR 2 3 12674.299069 148 486
AK319VS 1 2 12679.694127 112 160
IT926IS 3 4 12687.918154 173 480, 134 320
JB438JX 3 4 12697.896529 106 900, 139 220
PG855HU 3 4 12704.135833 160 540, 137 289
JZ290LB 2 4 12708.447147 103 720, 173 480, 152 268
LG417EB 1 2 12711.918682 156 115
XK810PJ 1 3 12720.451040 80 720, 98 330
WC684AR 1 4 12725.635494 124 420, 151 300, 108 300, 187 420, 119 64
XD896DE 1 3 12733.431773 117 300, 91 603
TX361MY 1 2 12735.590807 173 104
DV555MJ 2 4 12737.305017 92 900, 92 840, 171 221
VR868QY 3 4 12746.467580 151 360, 150 477
IJ341WY 2 4 12755.895199 127 600, 176 692
BY978DC 2 3 12756.426594 127 540, 136 25
WO081IH 2 3 12762.916992 81 840, 140 28
DL270OF 2 3 12766.485437 111 648
NY016HG 2 3 12770.796029 86 360, 107 383
SX205NL 1 4 12771.899468 111 540, 153 720, 102 450
MZ825YY 2 3 12772.655588 91 660, 152 78
HO298YB 3 4 12774.002426 129 900, 84 117
OF731BH 2 4 12778.664843 80 660, 114 840, 141 350
JR301PY 2 4 12787.559486 94 600, 86 480, 186 539
OB352QS 2 3 12789.230341 150 360, 84 214
BC136PL 3 4 12791.549557 83 780, 136 420, 110 37
TN543FM 2 4 12800.236148 147 720, 176 523
CS775MX 2 3 12810.060063 142 507
WU386NT 3 4 12814.878813 166 360, 125 529
FN057TN 2 3 12815.498789 152 473
FT768SV 1 3 12821.764175 140 642
XR211YZ 1 2 12826.054245 103 174
VY095HT 1 3 12833.228660 92 480, 85 539
OQ444PG 2 3 12835.681512 178 404
OY743KA 1 4 12838.302127 131 480, 117 720, 104 662
AS530BI 2 3 12846.787968 90 720, 154 46
ZE069NW 3 4 12855.817568 119 780, 134 247
UP851HO 2 4 12862.120451 160 840, 101 420, 134 158
VJ816YJ 3 4 12868.662335 146 720, 85 245
HU479VV 2 3 12875.771208 178 404
EY784MS 3 4 12877.717783 123 360, 187 437
FN035QB 3 4 12881.221938 86 720, 88 728
TN221LD 1 2 12882.365948 110 163
KZ381VI 1 4 12890.338961 132 720, 145 720, 80 206
DY333TD 3 4 12898.075029 170 720, 179 20
WM098WE 1 3 12900.793731 114 480, 125 282
AH484EE 1 3 12901.985565 177 480, 105 47
AB983HK 1 3 12911.039413 188 478
JY103IS 3 4 12920.954100 186 660, 153 21
GP129WL 2 3 12925.220368 168 420, 177 8
AR822UL 3 4 12929.021335 101 360, 161 556
XP875PA 1 2 12933.922197 183 98
DL589EN 2 4 12934.789482 125 600, 109 480, 184 384
WM507ME 2 4 12944.666625 134 420, 125 900, 85 343
JP452GI 2 4 12952.245315 151 660, 134 733
WZ905SB 2 3 12956.469835 103 480, 118 191
FC468AJ 3 4 12959.448513 106 420, 98 480, 130 264
TO237IV 2 4 12966.609211 163 360, 125 840, 134 256
JR369PU 3 4 12968.488823 129 480, 166 386
BU143KF 1 2 12974.169978 187 96
ZW034CK 3 4 12983.841955 135 780, 184 112
WR530PX 2 4 12992.619141 160 480, 148 540, 132 312
RE024RI 3 4 12995.838274 124 480, 137 485
KT966JH 1 4 13001.251270 120 840, 148 300, 167 300, 94 220
GS475US 2 4 13007.441421 107 540, 140 780, 82 378
KK386OI 2 3 13010.907567 132 545
WY445HP 1 3 13014.642075 179 502
AK402VV 1 2 13018.878408 111 162
MQ644FF 2 4 13027.516624 130 660, 82 840, 157 275
CJ738XD 1 4 13032.885777 102 360, 126 780, 132 540, 127 76
EG136SJ 2 3 13036.531664 160 450
RJ745ED 3 4 13043.885210 106 300, 178 529
YU074TF 1 2 13045.596229 161 111
ST275LK 1 3 13055.015524 121 420, 92 425
OG428DS 3 4 13058.348226 182 692
NS812WO 2 3 13061.443908 128 420, 102 178
DI226AE 2 4 13063.252084 162 420, 184 360, 109 584
VM986MS 3 4 13066.348040 175 540, 87 362
BX098EV 1 2 13067.021304 87 206
AL421LF 2 4 13070.765923 176 420, 161 600, 176 156
QU188MI 3 4 13077.774544 184 684
MA571HA 2 4 13086.975571 160 660, 137 600, 135 75
TD731HU 2 4 13091.693748 157 660, 87 420, 186 310
NJ553WQ 1 4 13100.378430 167 480, 143 600, 134 373
JT198GE 2 4 13102.592273 88 360, 84 420, 125 480, 104 683
NA616HQ 1 3 13104.338698 180 420, 166 86
YW199AT 1 4 13107.777392 128 360, 176 480, 141 605
HA029PI 2 4 13113.612512 130 600, 132 900, 111 10
YZ323TE 2 3 13121.963060 160 450
EL472BR 3 4 13128.006012 101 900, 189 185
TM581AS 2 3 13134.875303 119 420, 158 139
CN683GM 3 4 13143.219219 130 600, 157 305
EQ530CT 3 4 13151.242525 149 840, 178 4
OM781NK 2 4 13153.304018 186 600, 100 720, 106 135
BD679YE 1 3 13155.347567 132 420, 119 290
NZ085IQ 2 3 13157.141791 117 420, 143 159
CV424ST 1 3 13165.178294 94 420, 149 339
HE441KR 1 4 13166.622200 135 540, 148 780, 86 321
DD993GV 2 3 13170.524275 122 590
CU166BP 3 4 13178.874027 125 300, 148 360, 130 270
YI416TF 3 4 13186.966782 85 480, 103 480, 103 347
KW632DO 3 4 13196.224549 119 300, 154 586
CU242YU 3 4 13198.024345 141 720, 86 284
BE771MI 2 4 13198.639716 82 360, 85 600, 159 738
WV838LD 1 2 13208.155393 99 181
MR861KT 1 2 13211.704221 187 96
HY804JB 1 2 13217.221491 113 159
GV826MB 2 3 13218.899130 138 521
MX581TN 2 3 13219.948881 154 467
GK086QL 3 4 13221.386762 130 720, 108 300
ND707DT 2 4 13224.957775 83 900, 170 360, 124 500
PQ583VO 2 3 13233.267809 83 867
PU492OJ 2 4 13241.257308 128 720, 147 360, 142 372
NA738HX 3 4 13243.468210 138 480, 87 540, 128 99
QE122DX 3 4 13250.202422 150 780, 150 60
JZ249HQ 1 4 13251.452251 142 840, 159 480, 104 196
FF343NX 3 4 13260.554534 185 360, 140 360, 181 49
RP975DT 2 4 13268.232420 98 840, 122 900, 157 37
ZX577JE 3 4 13276.521495 112 660, 110 473
MF124JS 2 3 13283.358047 97 742
KJ656RT 3 4 13292.432375 174 724
OC621YS 3 4 13297.248279 86 900, 151 321
WZ336VD 1 3 13302.095435 161 540, 84 36
HQ937HJ 3 4 13305.397101 90 420, 160 420, 140 149
QY590EU 1 4 13310.453225 162 840, 83 480, 140 286
JG322CJ 1 3 13314.175163 170 529
FS088RF 2 3 13317.998703 139 517
TC471UL 3 4 13322.713589 120 600, 185 291
AZ797ZL 3 4 13327.967424 127 780, 174 154
QI156AF 3 4 13328.516183 154 720, 141 107
HN024QI 1 2 13332.597716 107 168
LB561JV 1 3 13338.224593 154 584
JE436BG 1 4 13344.002929 159 540, 127 540, 109 564
YT485QO 1 4 13344.557541 120 780, 135 900, 114 7
RV001UE 3 4 13353.295080 153 600, 168 203
KS620FE 2 4 13355.765934 157 540, 187 540, 179 68
FP317EV 1 3 13358.948365 126 360, 106 421
OQ559AT 2 4 13364.247771 154 480, 102 360, 135 600, 177 35
VQ493BN 1 2 13368.293404 110 163
AI782YF 1 3 13374.062531 127 708
VH036QS 3 4 13375.472113 169 660, 181 79
BM197YV 1 3 13383.171133 172 523
XL102EG 2 4 13389.096139 187 780, 176 296
MI415HL 2 4 13399.045982 127 300, 148 360, 187 420, 162 173
TK433IT 3 4 13404.535165 145 720, 168 128
WD532VV 3 4 13405.937786 185 681
HM581IV 2 4 13412.759192 99 540, 165 600, 155 293
MV244AY 3 4 13416.382186 99 600, 172 387
NO829PT 1 3 13425.992163 156 540, 90 64
ME044WJ 1 4 13427.533149 163 780, 133 300, 179 273
XS013ZU 1 4 13429.415815 82 720, 148 300, 157 600, 176 104
VF804OW 3 4 13432.125320 147 660, 90 322
XB784RV 3 4 13438.544363 89 900, 113 406
TD223HQ 2 3 13445.575771 121 480, 92 151
AT669KJ 3 4 13452.701459 91 480, 84 480, 173 242
OP806YS 1 2 13461.468605 87 206
OW797ZT 1 4 13468.369119 180 360, 165 840, 130 96
NO302UP 3 4 13474.150604 88 900, 140 334
RL309MS 3 4 13480.586309 88 420, 141 480, 97 220
FJ326KC 2 3 13490.413268 100 720
ZP485FF 1 2 13493.735117 162 111
CF774WQ 1 3 13496.820521 164 420, 149 141
OX398KJ 2 4 13503.368619 86 660, 133 660, 190 281
SC592CW 3 4 13507.563904 186 677
XJ236YX 2 3 13510.603085 169 426
RB020AN 3 4 13516.700715 130 480, 91 360, 134 230
XI111RM 1 2 13519.599548 123 146
MX108IM 1 3 13521.269976 131 687
WR197PZ 1 4 13530.878845 116 720, 171 300, 119 682
CL847XQ 1 4 13532.904035 108 300, 83 300, 135 840, 146 310
FA169YY 3 4 13535.907595 170 420, 97 360, 189 104
HY378HS 3 4 13543.767891 99 300, 95 660, 102 329
MY377XH 1 3 13547.121187 84 540, 111 402
MV665OK 1 4 13556.229787 132 780, 149 360, 82 300, 188 185
IB208QK 2 4 13561.612255 100 900, 112 840, 158 88
VS461BS 2 3 13565.791409 161 447
AY529SO 2 3 13573.261118 127 566
QG290RA 1 3 13582.415640 113 540, 149 194
MT734KC 2 3 13586.143512 128 562
VZ228JM 1 2 13595.686770 185 97
BF178DS 3 4 13596.445774 105 840, 178 212
VV432IY 3 4 13604.259335 142 660, 93 347
QY414LG 3 4 13613.470626 158 300, 113 480, 119 204
OU053LI 3 4 13621.036486 119 540, 173 356
NZ478KY 3 4 13630.742329 164 768
ZK112KW 2 3 13634.274057 139 517
BA076WN 3 4 13636.648879 94 660, 158 404
QG188AP 2 3 13640.494875 111 360, 135 237
EX998LF 1 2 13643.397278 101 178
LF634SY 3 4 13646.568122 111 420, 159 420, 175 72
CN406BB 1 3 13649.071136 125 360, 158 284
DT553WV 2 3 13656.472686 155 360, 98 165
SB248EE 1 2 13660.785017 132 136
HQ910JA 3 4 13662.512764 160 787
MO767NQ 3 4 13664.521648 103 660, 182 318
WK882KM 3 4 13665.205582 107 840, 86 419
SU256NL 2 3 13669.044870 80 300, 121 396
ZW679RL 1 4 13670.184385 97 720, 134 540, 91 660, 97 141
EX468NE 3 4 13674.197157 158 797
OF615UW 1 3 13676.822641 102 420, 178 264
HE404EE 1 3 13680.596186 174 480, 96 67
IW368ZM 3 4 13687.863797 172 732
VX108IV 1 2 13693.541229 121 148
XM762XV 3 4 13696.586746 148 780, 190 55
KJ876AA 2 3 13704.187532 190 378
GN491PJ 1 4 13710.830026 155 480, 115 540, 135 588
NV578SK 2 3 13719.410368 114 360, 85 364
JM054YX 2 4 13724.899678 142 780, 185 471
YG281AX 3 4 13729.956560 188 670
PK860ZI 3 4 13733.431657 155 660, 188 126
OT587KW 3 4 13737.954069 86 360, 143 300, 127 300, 156 90
KH508CR 3 4 13743.327030 140 300, 175 480
EU426QU 2 3 13748.183559 96 750
IX067UF 2 4 13754.281092 101 840, 116 360, 135 528
JQ785RZ 1 4 13757.662293 93 660, 93 300, 177 660, 133 74
PL984JU 2 4 13759.548429 124 480, 95 600, 183 445
LK956PH 3 4 13763.232654 80 660, 187 391
BT506XR 3 4 13768.729907 108 660, 167 327
QB141IZ 1 3 13772.987785 119 360, 155 304
NK096MP 3 4 13776.289505 170 360, 138 469
QS915OR 2 4 13782.895443 103 300, 103 660, 113 877
NW137QB 1 3 13786.516910 187 300, 113 300
ML080UC 1 3 13790.514790 122 540, 112 215
IS597ME 3 4 13793.074113 128 840, 172 107
DL516GB 1 4 13799.686814 187 420, 165 660, 167 171
BS524SP 3 4 13806.564284 88 720, 185 338
ED095JM 1 3 13807.609192 187 481
GE889IB 2 4 13815.176454 118 300, 174 540, 158 360, 89 132
LJ575BM 3 4 13822.186044 160 780, 117 10
SU381IL 3 4 13824.738020 189 300, 165 300, 180 110
FD651QQ 2 3 13831.843594 145 496
UH048FN 2 4 13837.919763 138 300, 180 870
NM956RS 3 4 13842.691245 171 736
XK864AW 3 4 13845.322168 154 660, 105 232
NY953BR 1 3 13846.774053 118 720, 148 34
WP092XK 1 4 13853.123356 106 540, 145 600, 174 360, 187 48
IX257MN 1 3 13855.808735 85 600, 182 214
DV798CH 2 3 13865.294579 95 360, 139 271
IG823NA 3 4 13869.787050 146 300, 141 582
PZ539OH 2 3 13871.041035 82 540, 92 301
FY902TJ 1 2 13876.892438 105 171
KD155XT 1 3 13885.428090 135 360, 182 227
UY154MY 3 4 13886.747543 138 840, 80 125
VC899XI 2 4 13896.350426 156 540, 89 540, 81 720, 145 50
RA292CG 1 2 13898.759739 141 127
ST083HM 2 4 13904.405215 151 840, 165 431
XM071OJ 2 4 13906.968226 115 840, 121 480, 86 360, 145 85
QA984WA 2 4 13915.407249 131 840, 108 480, 94 384
VE893NN 3 4 13918.712654 117 900, 183 113
UD630KH 1 4 13920.582997 180 900, 147 367
FN658HP 2 4 13923.191079 157 720, 125 679
WG903FR 2 3 13928.606487 101 712
KO853PY 3 4 13936.096453 160 600, 174 172
KI698QW 3 4 13945.438112 161 300, 117 600, 114 65
BB876ZG 3 4 13948.490050 118 420, 181 422
LM904TG 2 3 13957.159244 106 420, 183 150
GX912NQ 1 3 13966.859117 147 300, 93 493
TQ337XK 2 3 13974.350795 120 600
LW700AK 1 4 13977.647390 112 420, 158 660, 110 480, 173 68
ZM842IZ 2 3 13983.644756 152 473
QK321VF 3 4 13987.220104 183 688
TO825YE 2 3 13988.774680 126 571
CZ731VE 3 4 13989.901016 137 300, 150 566
XZ610JB 1 3 13998.286264 176 511
ST637AQ 3 4 14004.406524 123 420, 169 420, 125 26
RX023CP 1 4 14011.229962 115 420, 98 480, 94 600, 147 437
YK305UL 1 3 14016.299692 125 660, 188 39
MU002QV 1 4 14020.214527 187 300, 167 360, 137 728
LF901BV 2 3 14023.707519 108 666
YC279CR 1 2 14028.331456 91 197
OT089SQ 3 4 14033.217342 91 360, 146 638
CE632HQ 1 4 14037.788536 94 660, 84 660, 180 300, 81 549
SI371US 2 3 14042.819428 145 480, 119 20
CO628RK 3 4 14049.805634 138 300, 93 840, 138 46
YV351WE 2 4 14053.421861 144 480, 115 360, 111 480, 178 192
ZM394GK 3 4 14061.999061 93 840, 109 439
JI917OW 3 4 14071.925400 168 750
XC013BI 3 4 14080.713443 168 750
BH126SK 2 4 14087.614069 153 420, 115 360, 89 720, 120 235
KM832WY 3 4 14096.508155 96 900, 126 314
LQ943MD 1 3 14099.918530 159 566
IW496SJ 1 2 14103.572318 184 97
GG102ZH 3 4 14111.754298 185 480, 176 211
MX377CX 3 4 14119.568751 170 741
UU857KG 1 3 14125.331214 156 576
QA081TR 3 4 14129.849968 122 720, 137 278
HV778QZ 3 4 14135.893313 110 840, 159 211
SM783HI 2 4 14137.589316 105 480, 136 420, 115 360, 176 278
WV336WN 2 4 14143.674934 106 360, 174 540, 121 544
HD285ZP 1 3 14152.601750 95 600, 121 272
ZK073UI 3 4 14157.137063 105 600, 116 543
NH806EX 2 3 14160.618559 168 428
WD275FI 2 4 14164.313315 157 660, 189 300, 115 327
PT004CV 1 2 14167.407924 170 105
KD537EO 3 4 14170.248674 101 360, 147 609
RJ198UR 2 4 14172.702050 149 420, 121 900, 138 192
IW692KI 1 3 14176.359493 184 489
HO746GC 2 3 14181.458853 157 458
BK238XY 3 4 14187.282771 149 300, 177 459
ZF592NO 3 4 14190.340511 163 773
KQ436UH 1 3 14198.613338 172 420, 138 128
SX240EA 1 4 14205.394016 138 480, 165 540, 170 356
HT481GZ 3 4 14214.820939 86 840, 90 597
AV900SW 1 2 14220.342254 124 145
FT656UC 1 2 14226.453042 167 107
SO335QP 1 2 14235.187111 158 113
OT651AG 3 4 14244.850924 120 480, 140 488
CP300UI 2 3 14245.513345 116 300, 180 206
RV459LB 2 4 14246.136105 128 720, 137 360, 131 431
JZ231RU 3 4 14255.752452 122 300, 120 720, 170 17
OH447JJ 3 4 14264.624123 162 600, 93 309
WH578FF 1 3 14265.342572 156 576
FR026KN 1 4 14271.337471 189 840, 143 400
XT930PO 3 4 14278.427911 108 360, 151 480, 96 152
ID997HW 3 4 14287.780847 109 900, 138 202
HJ922HT 2 4 14296.022404 87 480, 187 780, 190 54
XA596CM 1 4 14304.275542 116 300, 91 540, 108 720, 153 354
SJ188NQ 2 4 14309.897583 175 780, 146 421
QP372AT 2 4 14318.322097 82 780, 88 660, 82 540, 120 264
LW957OU 3 4 14326.359415 109 420, 132 300, 135 300
DB081VR 3 4 14327.276805 134 480, 148 360, 147 57
CA550VA 2 3 14331.485318 158 455
IB603OP 3 4 14333.565567 132 840, 181 83
EC974QU 2 4 14340.564446 80 480, 175 420, 110 660, 154 87
BM324UM 1 2 14344.783567 114 157
WR593MS 2 4 14346.160669 132 600, 166 540, 94 310
SW169UX 2 3 14346.770919 135 533
UX127OK 3 4 14351.461009 149 660, 136 203
AH795OG 3 4 14356.048283 161 300, 177 438
DN023QT 3 4 14358.198805 95 720, 128 450
ME359PQ 3 4 14360.968231 164 768
DJ130TN 3 4 14368.940950 181 696
YK139RM 3 4 14374.202790 179 480, 186 215
JP967UC 3 4 14375.307751 109 540, 120 300, 145 214
NP322HJ 1 2 14378.367837 84 214
VO454LB 1 4 14383.019580 113 840, 135 660, 152 210
HJ633TG 2 3 14384.601158 177 406
SM534TV 1 2 14389.795926 170 105
QZ789FR 2 3 14397.309610 103 699
YT579NT 2 4 14400.099543 101 600, 175 720, 93 122
OO939JH 3 4 14403.420840 135 600, 125 360
XO325FG 2 4 14410.006642 111 720, 112 660, 169 261
ZN712WT 2 3 14411.474588 86 720, 153 65
OY616BU 1 2 14417.156147 176 102
TA632PL 2 4 14419.183981 110 420, 152 660, 160 300, 163 21
UZ787CR 3 4 14428.312144 131 900, 110 73
GC778AC 1 4 14430.240896 166 360, 96 900, 101 691
EI545NC 3 4 14436.943063 126 300, 167 528
LM405AT 2 4 14439.510252 120 420, 141 720, 171 269
BW298NI 3 4 14440.644474 82 360, 114 720, 134 107
RX109NH 3 4 14443.121469 126 780, 144 192
II788TG 1 2 14450.996428 159 113
WL165ZE 2 3 14459.865885 90 660, 186 67
UG909RR 2 4 14460.675386 184 900, 128 253
PG011KI 2 3 14462.055056 82 780, 84 95
VX797QE 3 4 14463.461347 92 300, 83 480, 97 480, 84 142
NA303XK 2 4 14470.942008 165 780, 130 300, 174 174
RQ572WH 3 4 14472.535942 182 600, 136 123
MF651GW 3 4 14474.514160 132 720, 185 167
SH012JV 1 3 14481.185629 138 652
VS451XT 2 4 14481.783480 172 780, 130 491
KM929LN 2 3 14490.635953 84 540, 82 324
KE287TH 3 4 14498.502986 186 660, 136 23
SG189TN 2 4 14504.303411 142 360, 127 660, 135 467
CJ446SD 1 3 14510.836806 114 360, 83 589
FX055DM 2 4 14512.614473 130 660, 126 600, 188 194
UR543FG 2 3 14518.276078 93 600, 167 97
HD192TZ 1 4 14523.619598 117 300, 101 420, 163 600, 163 249
PT229PX 1 4 14525.723341 115 360, 148 720, 93 300, 113 355
HC599MJ 3 4 14528.153648 186 677
FS598YU 1 2 14533.755826 81 222
WT707HT 3 4 14537.567195 153 540, 155 279
RE807IH 3 4 14541.776906 120 780, 186 174
ZY208IA 1 3 14542.645720 175 480, 160 37
TZ288QY 1 2 14545.057252 185 97
YV178BL 2 3 14554.943461 93 774
TY840FN 3 4 14560.520873 120 660, 82 480, 157 47
BP184SH 3 4 14567.931225 155 300, 109 420, 161 209
KR992LO 1 3 14575.422999 155 580
FE715IE 1 2 14580.936574 131 137
IJ380JY 1 2 14586.713065 139 129
DU275ZV 3 4 14594.417715 130 720, 149 217
MW196QQ 2 4 14604.327469 136 840, 170 492
KV010MN 1 4 14612.296575 102 660, 138 420, 136 420, 166 202
OK545BZ 1 3 14613.857526 167 538
XS892KH 2 4 14616.013861 178 300, 131 720, 132 380
DF228NH 1 4 14620.549915 146 300, 126 360, 149 540, 103 450
NH341VF 3 4 14629.718070 180 700
DC837MP 3 4 14631.533072 171 420, 119 455
IA737XR 3 4 14639.200431 86 300, 162 618
BX567PL 2 4 14648.134945 92 720, 107 840, 158 265
KV216UL 2 4 14652.829591 135 780, 178 520
RD983ZB 3 4 14659.008454 100 480, 160 480, 82 14
JP672PI 3 4 14661.457745 137 660, 88 404
CV255AC 1 2 14661.964264 94 191
NY869NJ 3 4 14664.214972 171 720, 146 19
ZL855TC 2 4 14671.773622 174 540, 93 780, 180 175
QL816CV 1 2 14676.606816 134 134
MP896US 3 4 14685.575346 164 660, 125 142
IC656KY 1 2 14689.409964 81 222
TN262TQ 3 4 14698.627786 181 696
UD293YL 2 3 14700.877803 141 360, 170 124
TA325IA 1 3 14707.842330 88 600, 126 295
AI870UZ 2 3 14712.511956 175 411
PA953KI 3 4 14720.667183 187 673
UD081DC 3 4 14727.091343 89 360, 173 543
JC532JS 2 3 14733.385569 87 360, 160 254
VF112BU 3 4 14735.868135 149 420, 180 300, 106 88
RG511HF 2 3 14745.110333 124 480, 172 72
OP067GP 3 4 14752.253117 175 540, 109 288
TV409YW 1 3 14752.974183 121 360, 99 469
EI449YQ 1 2 14759.401714 172 104
TN107RF 2 3 14768.062168 89 540, 164 145
ZU056TX 3 4 14769.736599 152 828
FJ066EH 3 4 14774.655193 86 540, 178 446
OT911KM 1 2 14775.255073 152 118
RB431IE 1 4 14778.097099 84 840, 157 660, 151 276
BB180ZT 3 4 14782.520113 97 480, 157 505
QG918BD 2 3 14784.024863 150 480
WJ065BY 3 4 14788.644659 151 834
FP396BG 2 3 14790.663374 157 458
ZT424HI 2 3 14798.671375 170 423
GG149CP 1 2 14803.133574 183 98
NP456IY 3 4 14803.975886 169 745
QI055SS 2 4 14813.855653 167 360, 167 360, 163 477
PT930QH 2 4 14819.285135 105 600, 144 420, 107 420, 174 170
AS616EA 2 3 14820.596346 173 416
DN504XV 2 3 14829.857612 99 727
QW201TI 3 4 14836.913756 174 420, 84 630
JT550WR 3 4 14842.307839 165 763
XS862AF 2 4 14851.595415 154 660, 104 420, 85 619
XA984XQ 2 3 14858.449998 88 720, 174 49
FG750MW 2 3 14860.204520 95 757
ZX898GL 2 4 14863.454678 133 780, 136 693
OU533KS 2 4 14871.300300 140 540, 87 540, 115 655
BU691XM 1 3 14872.379415 168 535
OS043YV 2 3 14878.422399 109 300, 94 418
NQ926YH 2 4 14879.269089 177 900, 117 330
SJ409ZO 3 4 14885.274344 86 900, 190 255
EA896SO 2 4 14889.889583 93 480, 167 660, 150 287
SJ685JV 1 3 14895.640638 118 540, 97 270
QU111WZ 3 4 14904.117505 175 480, 105 400
IK422RW 1 3 14911.990912 85 600, 173 225
OZ074VJ 3 4 14921.879139 131 720, 114 277
UH348TB 1 3 14923.874674 170 529
EA787ZT 3 4 14930.835997 130 540, 175 318
OX727DT 1 2 14933.989354 97 185
NJ260HM 1 4 14936.172964 82 600, 105 300, 140 360, 112 758
ZK777NU 2 3 14938.749240 158 360, 80 188
SG563LK 3 4 14944.959264 158 360, 102 677
LA196AJ 3 4 14953.974351 105 780, 133 331
ZG883GS 1 2 14955.124687 84 214
UG111IP 3 4 14963.828495 120 780, 152 213
UX468BK 1 3 14972.214581 85 540, 164 268
CW909RW 3 4 14980.440284 133 840, 151 94
MX279AA 1 2 14989.508717 111 162
NZ626EQ 1 2 14993.678944 149 120
MB069SJ 2 4 14997.218559 110 420, 184 540, 144 364
FW039UU 1 2 15002.535073 115 156
NT353ZO 1 4 15009.495751 168 900, 103 540, 166 55
UR265TK 3 4 15011.895883 125 780, 129 220
ZB745BQ 2 3 15016.860674 150 360, 165 109
ZA064KZ 3 4 15024.436880 124 600, 160 322
LC055RV 3 4 15030.395889 132 840, 181 83
WI230RQ 2 4 15035.660709 164 300, 144 360, 97 360, 155 360, 180 34
PV532OC 3 4 15037.912156 165 660, 178 96
RM211KA 2 4 15043.727021 110 480, 190 720, 168 50
FQ126LT 1 3 15049.550778 141 600, 88 61
SJ811KR 1 3 15057.415829 115 782
GE311AJ 1 2 15063.205720 147 122
XK545YM 2 3 15067.560056 134 537
DM323LM 2 4 15069.667692 88 780, 94 660, 188 358
TS023SR 2 3 15073.876177 136 480, 109 61
GI714QI 3 4 15083.554277 158 797
SH211MP 2 3 15088.279277 109 540, 127 103
XO392KU 1 2 15094.348062 126 142
QD298DI 3 4 15097.671778 108 540, 98 660, 172 17
EV815YS 2 3 15104.328240 184 300, 83 202
QB578GY 1 3 15107.994005 101 780, 186 60
SE227JP 2 4 15109.634449 101 600, 154 660, 108 331
XD950EF 3 4 15110.693207 148 300, 128 637
LC836RI 1 4 15118.533316 182 300, 149 900, 168 162
IR209NA 1 4 15121.403686 139 480, 113 300, 188 613
LQ434PY 2 3 15122.106854 140 360, 124 174
YS800CC 3 4 15124.351806 153 823
SN506DE 1 2 15130.647226 146 123
KA203PN 2 3 15136.295879 169 426
IN005YE 2 4 15143.448871 158 420, 150 420, 153 448
DD860EW 2 3 15151.214802 80 660, 101 190
NW525CQ 3 4 15160.684221 137 660, 120 296
KF042QN 1 3 15163.919773 168 360, 136 217
XV949YD 1 3 15171.912496 182 494
IO611DM 1 3 15174.817257 90 300, 89 540, 169 88
QE266EP 2 4 15179.475504 152 840, 169 416
FZ370ST 3 4 15183.679686 170 741
PM772GX 2 3 15186.431916 144 360, 81 248
AB173VO 3 4 15190.544496 95 480, 128 360, 167 205
RC217LH 3 4 15200.312932 124 360, 155 360, 159 160
DH916US 1 3 15210.308307 118 600, 114 168
KD929KY 1 4 15217.247496 165 420, 167 840, 170 37
LB994QA 3 4 15224.625244 95 480, 106 480, 169 174
BZ095DG 1 3 15227.236865 118 600, 121 158
VA950VJ 2 4 15231.761358 114 660, 106 480, 131 480, 176 51
MW066EX 1 2 15237.840724 134 134
JW314IH 2 3 15238.359547 80 840, 91 52
ZG631PK 3 4 15248.163760 153 660, 174 143
SG321KU 1 4 15255.485636 115 900, 120 600, 158 256
JH264KL 2 3 15264.057404 145 300, 115 247
IV529TH 2 3 15268.914645 106 600, 175 48
SR731JJ 2 3 15276.237223 157 458
OW527CE 1 4 15281.407527 111 420, 154 480, 130 734
PQ928YD 3 4 15289.910701 162 300, 140 540, 187 9
RJ211DJ 2 3 15293.189958 189 360, 91 43
CD979MA 2 4 15294.975288 142 900, 178 300, 183 91
RH008WS 2 4 15300.085100 144 480, 105 660, 165 361
JY851VP 2 3 15309.369685 163 420, 150 23
ZP573SY 2 4 15316.753115 161 660, 156 588
HH246YV 2 3 15317.855188 137 300, 154 200
KS980DQ 2 3 15323.207526 181 397
SG286HM 1 4 15328.179452 103 780, 112 900, 114 305
ZH183BZ 3 4 15337.804164 189 420, 158 295
TI061IE 3 4 15345.717535 89 360, 93 480, 91 360, 85 194
GF618SS 1 2 15355.439832 117 153
ZP126VV 2 3 15363.233835 87 720, 112 83
QD818SZ 1 4 15372.668026 172 300, 147 600, 140 360, 125 206
TY809UG 3 4 15375.104514 189 600, 176 71
YR722QW 2 3 15379.307021 96 360, 125 299
KE105UM 1 2 15384.206815 126 142
QA049JP 3 4 15386.085051 119 360, 80 660, 163 186
YJ746FF 3 4 15390.739060 150 600, 144 250
WZ173AQ 3 4 15399.896426 173 540, 152 214
PV783XU 3 4 15409.866229 178 480, 88 460
VA579UH 1 2 15413.297500 113 159
VM888ZE 1 3 15419.768396 113 420, 85 500
VQ141TV 2 3 15428.963703 137 420, 103 140
MG585BS 3 4 15434.218546 143 660, 140 225
ZS126AS 3 4 15437.497268 179 703
HO987PA 1 3 15444.985512 169 532
HF015UV 2 4 15454.023629 126 480, 86 360, 112 840, 160 78
HL328KR 2 3 15459.194100 177 406
YC680XM 2 4 15468.769696 143 600, 115 360, 97 300, 132 315
CD083UP 3 4 15473.315280 159 540, 147 273
QU402NQ 3 4 15473.839601 163 420, 180 319
SC464GU 2 4 15482.669586 90 600, 132 360, 147 420, 176 197
RG477CJ 1 3 15485.814016 80 420, 139 300, 92 159
YD846PT 1 4 15487.292574 111 720, 91 780, 97 671
BC051GM 3 4 15494.732927 100 600, 138 478
NU755TO 3 4 15495.797681 140 300, 125 672
WZ446TO 3 4 15496.705154 110 540, 133 480, 121 22
FH717PM 1 2 15502.443911 134 134
NC890TB 3 4 15510.808733 166 300, 152 360, 166 129
AG035VU 1 3 15516.319478 95 840, 107 95
PD615BK 3 4 15516.876274 90 660, 114 584
LA539NS 1 3 15521.772488 130 660, 116 36
FN331WE 3 4 15524.257807 104 480, 111 360, 111 325
DT618WI 1 2 15531.706702 83 216
IA044EE 1 4 15539.649519 188 600, 111 540, 190 227
LS449ZF 3 4 15544.281036 187 480, 143 253
NO789JK 2 3 15546.716496 82 300, 134 353
TQ123VS 2 3 15548.019313 184 391
LV753CH 3 4 15554.577654 125 780, 95 299
US460YI 2 3 15555.147167 150 300, 82 329
BL877XK 1 2 15562.795592 176 102
NE457CO 1 2 15567.901946 189 95
OV727EA 3 4 15577.577636 187 480, 153 236
ON857LW 3 4 15585.696490 156 807
VQ583DK 2 3 15594.859512 131 549
KP740YA 1 2 15601.136494 154 116
ZD488ZA 1 4 15603.768242 124 480, 104 900, 143 300, 190 105
MH252UX 2 4 15609.750915 93 840, 80 420, 166 519
AB751UE 2 4 15610.946237 158 300, 153 720, 187 216
AO666ON 1 4 15612.647494 85 360, 177 660, 164 418
RE328ZL 2 4 15616.566937 189 480, 158 600, 184 67
IR577VK 2 3 15624.231244 102 705
IF344CS 3 4 15626.972357 81 900, 140 379
TX819LV 2 3 15634.034229 168 428
NL879SF 3 4 15640.847808 96 420, 145 590
OB081HN 1 2 15648.903356 93 193
CL827GY 2 4 15650.940828 116 420, 101 300, 82 600, 162 430
MR667UP 3 4 15652.746623 142 840, 155 43
DA436TR 2 4 15661.824347 158 420, 99 600, 103 600, 149 70
IZ443AH 1 3 15664.659128 185 486
MS481BF 1 2 15671.671354 154 116
GF070WE 2 4 15672.374887 141 540, 172 600, 110 169
II995YN 3 4 15674.734212 150 300, 80 720, 163 143
EX602LQ 1 2 15681.351117 169 106
CS613YN 3 4 15685.973134 118 900, 153 129
HX918MT 2 3 15693.707021 84 480, 142 223
CO042VD 2 3 15698.877367 84 660, 148 111
GE312RV 1 2 15708.364672 122 147
JQ813VD 1 3 15709.106016 95 660, 129 211
OW249RU 1 2 15713.601843 129 139
RY517GE 3 4 15714.709383 180 660, 120 60
IL119LN 2 4 15716.611595 178 720, 179 390
XK154ZU 1 2 15718.918046 120 150
LL909ZY 1 2 15725.045010 188 95
PV965VG 3 4 15731.040349 145 840, 174 24
JZ236BC 1 4 15734.363884 127 360, 156 660, 117 420, 116 156
SO117RP 1 3 15740.933835 135 666
ST615TF 2 3 15746.668356 119 605
BM297ZI 3 4 15753.311831 119 420, 174 436
WR353DI 2 4 15763.152045 149 540, 187 300, 123 499
AD435LL 3 4 15770.903401 137 600, 141 310
OJ498FU 2 3 15777.477853 142 420, 109 113
KX340JQ 3 4 15779.385219 149 540, 136 300, 157 30
GX106HR 3 4 15783.530123 166 540, 120 303
JF996OP 1 3 15786.525040 124 720, 181 3
JU385MZ 1 3 15795.416165 156 576
EN926JE 3 4 15803.483478 165 600, 136 198
UL696MW 1 2 15808.520196 162 111
MC639MR 2 4 15810.857861 100 420, 121 300, 173 691
DF744BG 1 3 15819.002371 101 600, 158 186
FR408TH 3 4 15821.093827 108 360, 158 540, 161 11
VU405PE 3 4 15825.235835 174 660, 100 111
EY271SA 2 4 15831.676029 100 300, 183 480, 107 420, 186 189
VB661RW 3 4 15841.558610 99 840, 139 308
IX881NC 3 4 15846.090849 179 300, 116 623
KO062UN 1 3 15849.903620 111 780, 93 36
ZX861OL 3 4 15852.622275 82 660, 165 300, 126 177
WZ919DE 2 3 15859.572713 106 480, 187 112
EF183VX 1 3 15864.422545 182 420, 90 150
WT336DE 1 2 15865.973553 174 103
PG637ZF 2 4 15866.932187 92 360, 137 480, 149 420, 97 376
QK641KW 3 4 15873.638545 146 600, 110 349
WG373PC 1 2 15877.219438 182 98
PU532BP 3 4 15886.938561 138 660, 143 244
QE277ET 1 2 15894.673069 112 160
NH284PE 2 4 15900.188899 107 420, 80 300, 149 780, 174 73
VS004CJ 1 4 15909.133482 137 600, 170 787
YP805BS 3 4 15917.777509 167 754
IM993OC 3 4 15919.721606 127 900, 108 108
RH488KC 3 4 15923.621246 168 600, 138 182
UV049TN 3 4 15927.098077 88 780, 157 365
UM360JI 1 4 15934.620031 126 480, 174 300, 183 480, 170 91
XS065EW 1 4 15943.090064 154 420, 95 480, 167 633
UX679BE 1 4 15944.883545 89 540, 119 420, 166 540, 87 325
YI951ZX 3 4 15952.589707 177 360, 187 333
RZ966YF 3 4 15954.614625 161 600, 92 319
FM474NH 2 3 15955.356996 177 406
JH452GM 2 4 15960.685209 116 780, 181 420, 125 252
ZO286PB 1 3 15969.969662 92 480, 104 440
TW772XR 1 3 15975.703125 107 841
LO265WO 2 4 15984.069455 180 480, 82 660, 128 449
GY616PF 3 4 15984.819807 146 840, 104 32
WR014LO 1 4 15993.563136 190 840, 185 304
NQ974QR 2 3 16002.929932 149 483
MV574IG 1 4 16003.826643 81 840, 89 360, 174 420, 120 357
DU907XW 1 2 16013.439613 125 144
KC526OM 3 4 16021.911819 102 360, 169 420, 81 225
VE075UQ 2 4 16029.884941 128 780, 181 542
GZ110PX 2 3 16031.213745 152 473
FN925LU 2 3 16034.149554 90 540, 103 227
LG408QU 3 4 16043.698956 136 300, 87 300, 140 300, 105 162
PB399QQ 3 4 16051.083991 98 600, 139 483
SH564FJ 3 4 16052.221253 93 360, 138 660, 145 9
VB421IH 2 3 16058.675359 127 360, 140 187
KB084IH 1 4 16065.354374 142 840, 99 660, 115 272
GL107NA 1 2 16068.908032 110 163
KP469TG 2 4 16070.128109 145 420, 186 420, 139 424
IB773BY 1 3 16075.584147 166 542
JP728EY 1 4 16084.083935 147 480, 190 420, 141 465
JX083VS 2 4 16087.524619 110 300, 140 780, 102 300, 91 276
BP102ZD 2 4 16091.345318 125 300, 143 660, 87 760
KE228VI 3 4 16095.994902 182 420, 145 341
KR052ZL 1 3 16103.002291 107 300, 83 600, 160 50
JX203CI 3 4 16107.703687 116 420, 162 300, 157 182
LX097ZD 2 3 16115.528288 113 300, 128 297
LU666QS 2 3 16121.603062 186 360, 129 39
KJ163WK 3 4 16124.842963 92 360, 127 731
FQ674TX 1 2 16129.715793 126 142
RL723VS 3 4 16135.732143 174 480, 153 277
WL161LV 3 4 16142.664061 136 720, 165 170
EZ275CO 1 4 16144.657929 167 360, 134 600, 92 360, 134 316
QO244HH 2 4 16149.791786 175 300, 142 720, 153 282
VC582ZV 1 4 16158.649726 156 600, 144 360, 89 360, 174 221
HP372VU 3 4 16168.452375 135 840, 110 114
VU668JM 3 4 16170.831975 123 660, 91 492
FE627PA 1 4 16172.341325 144 720, 149 753
EX181SO 2 4 16181.721364 148 540, 94 420, 151 520
VS674RT 3 4 16182.293440 87 480, 100 780, 186 33
VR601TV 1 3 16187.053098 147 612
EO473XL 1 3 16196.588625 171 480, 150 52
VQ435AM 3 4 16197.533701 179 360, 99 600, 117 18
BU502KJ 2 3 16207.313382 109 540, 99 132
OO861HW 3 4 16215.864843 81 420, 89 900, 177 67
JR828MT 1 3 16224.325292 157 573
AJ461GP 3 4 16227.685353 95 900, 96 421
ZB770YR 1 3 16235.495341 126 714
MW179SN 2 4 16243.307095 165 540, 161 676
AR764JR 1 2 16253.173727 163 110
ZK090BN 1 2 16254.702346 170 105
VG182ND 3 4 16261.729858 145 660, 130 233
EF684ZX 2 4 16268.346516 181 900, 156 225
IK328YS 1 3 16271.806303 155 580
LR603TK 2 4 16280.329750 162 720, 135 602
QM324RW 1 2 16281.262826 144 125
FS869WE 1 3 16288.709348 96 660, 97 274
JT900XW 1 3 16297.279027 133 676
DT744GP 3 4 16298.117135 88 600, 104 300, 175 240
WN821DD 3 4 16302.474660 161 420, 82 660, 165 25
IX979BB 1 2 16304.786118 166 108
LP280HN 1 4 16313.157104 158 480, 116 900, 149 240
UX690ER 2 3 16318.453801 171 421
XT139ZU 2 4 16324.422261 85 540, 161 660, 136 337
FI631JS 2 3 16332.589092 123 585
BF076BC 3 4 16336.783204 96 780, 87 587
OW789TB 1 4 16343.508059 175 540, 85 300, 95 780, 135 162
WI077OH 2 3 16349.451194 96 750
HE137TA 1 3 16355.985135 96 540, 146 261
AS289PL 1 3 16364.878317 116 360, 108 446
ZU751OO 2 3 16368.312544 160 450
EB291DK 2 4 16373.773270 155 840, 93 729
CU494GP 2 4 16375.818059 178 360, 117 840, 150 237
BD622YY 1 2 16384.169326 84 214
UO806NI 2 3 16385.605941 122 590
PY895JU 2 4 16389.011634 164 840, 85 708
FL914ZI 1 3 16396.471247 147 612
HF550OK 2 3 16404.976461 138 521
WV376ET 2 4 16411.213587 124 300, 186 840, 174 26
UN766JG 3 4 16414.228428 104 360, 159 480, 123 99
KD916IY 2 3 16423.433028 110 600, 110 54
TG522XQ 2 3 16426.741138 168 428
YJ984HO 3 4 16432.643292 89 780, 178 317
FY251AR 3 4 16434.365044 165 763
NS600GQ 3 4 16444.263095 172 300, 101 720, 120 14
UM393UB 2 3 16448.681683 139 480, 190 27
MB990WJ 2 3 16449.982449 180 400
KA792SW 2 3 16454.529784 188 382
RC240PC 3 4 16463.744870 169 540, 141 246
SF272JI 3 4 16470.202005 146 720, 167 125
ZC479WJ 3 4 16477.491641 98 660, 95 645
ZE644SI 3 4 16479.868736 149 780, 183 53
QU254ZR 3 4 16485.192661 106 600, 91 685
WF336DV 1 4 16492.751289 145 480, 99 840, 154 300, 133 128
WA969LX 1 2 16498.623785 85 211
GN165BB 3 4 16503.652202 160 660, 129 158
IQ811PI 3 4 16511.591651 91 840, 170 291
AP309OB 1 4 16515.051242 180 300, 121 600, 130 687
SW727ET 3 4 16518.644656 122 480, 143 360, 104 153
QJ323EK 3 4 16519.595929 167 600, 114 226
ZU438DV 3 4 16520.942152 88 300, 140 711
WC411SG 2 3 16522.980896 155 420, 153 45
GP551HF 2 3 16523.863688 87 780, 116 35
XV554FE 3 4 16531.405024 81 420, 128 420, 117 326
BT563CO 3 4 16533.108160 148 480, 94 300, 123 217
HN967NL 3 4 16538.706560 98 600, 158 425
PG718BH 3 4 16542.336226 107 420, 180 360, 188 86
VA565EK 1 4 16544.234197 100 420, 190 720, 89 417
XO865JB 3 4 16548.583289 81 300, 176 577
NL858VI 2 4 16556.396458 182 780, 133 421
QS778GJ 1 4 16561.527200 177 360, 157 600, 92 600, 105 27
RC733LT 1 4 16563.908029 184 660, 108 875
XZ399FJ 1 2 16564.449076 130 138
EB421CJ 1 2 16566.306713 137 131
WA893WH 1 4 16573.409397 154 360, 120 420, 140 300, 162 420
BV672UF 3 4 16578.523157 123 300, 145 614
YZ902LG 3 4 16583.956963 101 660, 89 660, 157 3
XJ445EW 3 4 16589.889196 179 600, 179 103
BH360IZ 1 3 16593.801823 163 360, 125 250
BG260RI 3 4 16597.853640 161 420, 120 360, 130 116
QY418RU 1 3 16600.373098 172 480, 144 51
XT184RG 2 3 16607.116023 143 300, 178 163
HD006DM 3 4 16609.128147 146 660, 134 221
FG071SE 3 4 16609.657028 136 720, 112 250
YF675EE 3 4 16619.068034 167 540, 183 195
FF368VL 1 3 16626.495059 172 523
MA627MJ 2 4 16632.500940 156 660, 116 360, 125 426
SE884QT 3 4 16638.314790 107 780, 147 289
EG973PF 3 4 16644.394512 98 840, 105 416
HE410DV 1 4 16646.080980 188 300, 148 540, 109 731
SY943MS 2 3 16654.434697 152 473
FN922YM 3 4 16657.119674 118 720, 169 242
YD505PM 1 4 16659.291146 138 600, 108 480, 125 540, 175 79
NF421CG 2 4 16660.777484 173 720, 165 445
MQ205MJ 3 4 16664.150074 179 540, 142 206
ZV645QE 2 3 16669.595917 148 486
PA242PU 3 4 16676.340470 142 720, 146 162
VV788IY 3 4 16678.269887 128 900, 98 110
AN626YO 3 4 16684.559305 136 660, 161 225
YI914GV 3 4 16687.001084 124 420, 167 300, 82 290
ML196NS 1 3 16690.170569 134 360, 159 262
KD927DM 1 4 16698.502597 123 840, 131 840, 182 14
BW979GH 1 2 16703.229527 119 151
IF902KN 3 4 16708.986243 186 677
WP690GF 3 4 16718.503686 108 720, 164 294
DZ396CF 2 3 16723.935678 105 480, 103 209
TB096JM 2 3 16725.466923 149 483
YN261DM 2 3 16732.404746 114 631
FO838JB 2 4 16742.047717 149 480, 137 780, 108 181
GU428ZE 2 4 16744.950004 138 780, 162 480, 130 96
DE495II 3 4 16751.949543 144 720, 136 164
WY637SG 1 2 16761.881259 171 105
CS371XW 2 4 16765.163561 153 540, 143 720, 160 77
EK846IZ 2 3 16766.107767 102 600, 127 85
MT970FQ 2 4 16773.947279 187 660, 182 409
IZ358KF 3 4 16777.118599 152 480, 135 392
LT161BW 2 3 16778.814145 85 847
GE833TN 2 3 16785.061199 121 595
CM478ZR 2 3 16792.446996 157 458
WE738HF 1 3 16799.877130 110 818
QG223PS 1 3 16802.940491 123 731
DQ946KD 3 4 16807.854042 166 759
LV325GT 2 4 16816.786006 121 540, 155 360, 85 600, 105 246
XD231DB 2 3 16825.323942 114 631
RH126QU 2 3 16828.254000 157 420, 83 73
MZ569DY 2 4 16835.796416 81 540, 132 300, 155 600, 142 152
AS534HZ 3 4 16842.360958 95 900, 122 331
CZ571NB 3 4 16849.692372 146 600, 106 362
HH434YC 2 4 16851.902568 89 360, 105 420, 158 660, 124 141
VQ132FN 3 4 16858.682503 176 600, 82 248
YX179FZ 2 3 16866.549715 143 300, 151 192
KT591SA 1 2 16872.056709 126 142
FC833PC 2 4 16880.334308 99 660, 152 420, 169 407
DZ239NR 2 3 16886.365191 162 444
TB078YO 1 3 16893.881159 84 300, 167 388
PS456HJ 1 2 16895.714937 151 119
ZJ133KL 3 4 16903.149739 134 420, 97 718
TL055KJ 2 3 16912.913739 159 452
WG631QA 1 3 16919.034635 122 737
YK030KD 2 4 16928.300405 114 360, 178 660, 97 407
CM136RP 1 2 16929.883873 87 206
XF839QQ 1 3 16936.412134 141 420, 122 252
PO440XW 1 2 16940.711024 182 98
QP582LV 3 4 16949.624472 96 840, 107 423
CY994CY 2 3 16953.542642 143 420, 143 83
QO352JB 2 4 16959.521091 166 720, 125 627
QY184VN 3 4 16964.553278 177 360, 182 342
UD612AL 3 4 16974.249404 82 360, 115 420, 168 286
YO329GA 2 4 16979.450170 169 480, 161 720, 85 11
VP326JW 3 4 16986.135944 90 480, 142 583
JG653SA 1 4 16988.320749 156 300, 101 360, 139 600, 166 297
MV521PU 2 3 16992.080757 151 476
PZ875QP 1 4 16995.140193 95 900, 135 780, 90 280
PM084GT 2 4 16995.652184 145 600, 183 606
RF641RL 3 4 17001.237680 102 360, 145 360, 113 328
SG371SI 2 3 17010.618435 154 467
UX885FA 1 2 17012.372343 154 116
AH780VR 3 4 17018.462205 135 300, 162 527
LA628KX 3 4 17025.509244 164 768
GH360IW 3 4 17034.643668 182 660, 89 66
DB602FN 1 3 17041.684380 142 633
DE320BM 3 4 17042.987011 175 360, 129 480, 122 8
WF411ZO 3 4 17050.751196 110 540, 171 389
QP339ST 1 2 17059.152166 96 187
KA357CJ 2 3 17063.752238 96 660, 117 73
RW573BF 1 3 17072.199749 121 660, 120 84
WL719IB 1 4 17074.654383 106 540, 119 600, 138 540, 116 110
QA031IJ 1 3 17075.353367 100 420, 148 324
CU445EG 3 4 17080.689083 178 600, 131 146
PF226QB 1 3 17090.328680 165 545
PW012AC 3 4 17094.489481 169 360, 125 300, 132 209
IY928CE 1 3 17099.344591 161 559
GB599HT 2 4 17107.376310 175 900, 117 346
HH103SJ 3 4 17115.328700 119 720, 131 307
XS056EJ 1 2 17120.428256 123 146
RQ967ZI 1 3 17121.497323 82 840, 189 111
BW724KQ 1 3 17128.387149 94 660, 155 180
XD766BU 3 4 17131.556501 171 360, 85 420, 109 263
LU894XV 1 2 17133.965993 146 123
WM574FI 2 4 17141.540214 164 300, 148 300, 92 660, 138 316
YY424DV 1 4 17149.725326 190 420, 145 840, 144 100
SX701OQ 3 4 17157.336771 95 480, 149 539
ZG228NY 1 3 17165.942728 153 540, 84 87
JW876JH 3 4 17171.740473 116 480, 110 600, 153 28
YK768LY 1 3 17176.668932 141 540, 105 132
ZL831YY 3 4 17186.293310 105 840, 132 286
VR170VE 1 3 17190.874349 152 300, 184 241
CN201QP 2 3 17195.832928 116 620
IO079XG 1 4 17197.379145 101 900, 140 780, 149 106
CT570XS 2 3 17203.290968 140 514
HD597VJ 1 2 17207.530279 105 171
QR180EP 3 4 17216.488284 118 300, 145 360, 171 224
XI952SH 1 3 17218.375969 118 762
SR595SL 3 4 17224.958123 130 720, 86 376
MK309WX 1 3 17230.317323 99 720, 148 126
JS671MJ 1 3 17233.768932 169 532
IH934KE 3 4 17239.446477 121 900, 184 92
CM387KR 3 4 17242.207985 148 300, 177 300, 81 351
XB729SF 3 4 17242.863931 104 420, 117 360, 118 300, 127 37
QB318FI 3 4 17249.177802 167 754
NZ538XM 2 4 17253.428794 129 660, 131 660, 151 174
JE090DE 3 4 17262.022124 121 780, 175 180
QC936XB 2 3 17265.048235 142 507
PA761OR 1 2 17273.808155 84 214
IB257WJ 1 2 17279.525122 190 94
QZ610NY 2 4 17288.991452 183 480, 115 660, 101 300, 121 32
MY513ZN 3 4 17290.633252 121 780, 174 181
FI835MT 3 4 17299.902196 139 600, 108 394
NU164XG 1 2 17304.665186 117 153
XB056UZ 2 4 17313.541704 86 900, 116 660, 100 440
NU098GE 3 4 17317.019715 168 720, 175 28
PI412ST 2 4 17319.802510 115 420, 102 540, 156 480, 136 145
RX919GW 1 3 17329.471796 176 420, 80 200
CJ243JJ 3 4 17337.546417 100 780, 120 400
ZF203UZ 3 4 17346.897788 187 420, 165 287
MW047PQ 1 4 17351.387727 184 600, 133 360, 112 300, 108 223
TT891QF 1 4 17352.847185 128 840, 150 420, 98 420, 185 23
JH620KI 2 4 17361.685380 183 780, 150 368
UL623DP 3 4 17365.076203 168 360, 127 420, 107 113
AV111MG 1 3 17369.278494 80 420, 81 696
LN310KZ 2 4 17377.013684 143 300, 163 780, 157 178
YV260KO 1 4 17380.497224 174 300, 147 600, 114 540, 112 125
IE830RX 3 4 17384.503660 117 840, 161 172
JS340FR 1 3 17391.572787 108 720, 130 94
CM972DY 3 4 17399.053176 159 480, 119 417
XD204NO 3 4 17404.252202 158 300, 140 561
RT283ZB 2 3 17407.346191 161 447
NO651CY 1 3 17413.178216 189 476
ZI871FY 3 4 17418.573863 186 600, 116 124
RD146UL 3 4 17419.872371 128 360, 156 512
TB766IF 3 4 17423.887848 130 600, 140 300, 92 65
KX438NM 3 4 17426.412738 185 681
MX227UI 2 3 17435.198759 177 406
EV403AY 3 4 17436.837675 182 660, 94 62
HS723DN 3 4 17445.042556 100 480, 143 545
NY038YJ 2 4 17447.580400 137 600, 181 639
GH111EP 1 2 17450.175895 128 140
OM909MU 3 4 17457.408372 130 720, 169 191
UP052HM 1 4 17467.308094 164 720, 177 553
MF319ZJ 3 4 17470.526872 147 420, 169 380
LK322NI 3 4 17480.369483 119 420, 171 444
GF910ZE 2 4 17482.023544 166 900, 165 294
RM038JP 2 3 17486.342936 111 600, 126 42
OR491OZ 1 2 17487.368484 155 116
LO879WY 1 3 17492.812353 156 576
SN637VZ 2 3 17498.193980 143 503
QW399KR 3 4 17500.985731 161 720, 151 66
VK925OO 3 4 17502.720822 166 300, 184 414
QG949MC 2 3 17511.689619 159 452
RG096YJ 3 4 17516.903151 181 600, 110 158
ZQ975JW 2 3 17517.481666 154 467
YP774XJ 3 4 17518.158314 180 600, 89 202
EA054GA 3 4 17520.455539 97 360, 176 360, 110 251
UD894GR 2 3 17525.869817 166 433
EM874EA 3 4 17529.120391 83 480, 153 360, 189 164
ZH959BC 3 4 17529.741523 139 360, 107 709
LS390KF 2 4 17533.844098 136 360, 175 840, 180 11
KT652HC 3 4 17537.951093 144 660, 120 258
PZ953XA 1 2 17540.574441 83 216
KM020WW 2 3 17544.420377 169 426
LV901EN 1 4 17550.700232 144 660, 83 720, 159 360, 86 46
WD919ZC 1 4 17551.834406 115 900, 176 639
QU948YV 2 4 17556.798338 106 480, 183 660, 100 263
SR199MW 3 4 17559.254917 159 720, 92 125
OI827UP 2 4 17562.378848 115 480, 178 540, 130 359
ZA624JZ 3 4 17569.515820 126 480, 137 478
PG900ZW 2 4 17571.111311 177 420, 156 780, 131 15
ZB259US 3 4 17579.701614 173 728
AR628JH 2 4 17586.213937 185 540, 168 583
GG944ML 2 3 17594.572473 83 360, 111 379
IO301IR 2 3 17602.479775 125 576
IX247UH 1 3 17606.496900 118 420, 166 243
GJ225OG 3 4 17614.956945 118 300, 148 540, 138 77
RA362TM 1 3 17623.407744 82 660, 117 306
GR520AJ 2 3 17630.537336 80 780, 170 56
KE524OG 3 4 17638.214073 158 660, 159 136
VE257IZ 1 3 17644.337052 129 420, 172 208
RH951RZ 1 4 17652.575155 173 600, 107 420, 150 448
MZ425IO 1 4 17653.535724 90 540, 181 780, 161 162
XE541ZV 1 3 17654.350490 86 600, 118 325
HS792CN 2 4 17663.488906 160 780, 125 585
GV848FE 1 3 17669.573333 127 420, 186 197
RY399XV 2 3 17672.249603 186 387
MI919KR 3 4 17676.748193 116 420, 88 600, 178 137
PZ690GU 3 4 17683.040501 120 660, 140 334
WQ262ZH 2 3 17685.757322 109 660
XT951QC 1 2 17693.573260 88 204
FX666LM 2 4 17695.169013 121 300, 85 360, 174 660, 116 140
SM688IW 2 4 17700.205865 95 600, 174 660, 135 193
DS400UG 1 3 17704.381657 162 555
DF766SS 2 4 17706.538303 132 720, 136 600, 95 224
WE909HR 2 4 17708.650236 80 540, 89 720, 184 420, 189 71
CC407GW 2 3 17718.372795 133 541
TY708GF 2 3 17720.795838 188 382
ZI072SN 1 2 17725.396871 178 101
KF911QU 3 4 17727.615677 179 360, 149 413
QY455BE 1 3 17731.046291 149 480, 91 203
XK396CA 1 2 17737.227136 135 133
IG794JW 1 3 17745.752661 172 523
HL425UO 2 4 17748.075325 181 660, 120 300, 108 393
HI685DR 1 3 17751.340382 167 538
ZI079NR 3 4 17753.032396 167 420, 131 426
LH249YC 3 4 17760.558787 137 600, 112 391
OQ656UQ 1 2 17767.733738 122 147
SR436GB 3 4 17771.523510 184 684
WW103NC 3 4 17773.077274 146 720, 110 189
DS272TV 3 4 17782.868594 86 660, 167 414
OK611LJ 1 2 17790.506869 156 115
KG258LE 2 4 17792.229587 107 600, 180 420, 129 451
ZI366QP 3 4 17800.132566 129 540, 137 411
YJ763TA 2 3 17802.808772 148 486
LS244UK 1 2 17806.213207 186 96
SA650KS 2 4 17812.048139 87 480, 153 720, 186 247
XF678LE 2 3 17819.679792 92 780, 89 2
NX489HW 3 4 17828.128362 147 600, 142 266
LM589NH 1 3 17834.012592 84 420, 173 316
PR192ZG 1 4 17838.780571 128 780, 159 730
HT080FN 1 4 17840.523731 112 480, 97 780, 111 779
UP801HV 3 4 17841.136952 164 720, 188 42
HS755LM 3 4 17851.051219 136 600, 157 282
MP342MT 3 4 17852.110819 133 360, 89 840, 168 20
RI074JM 2 3 17857.382619 141 510
SX606BI 2 4 17864.113192 139 720, 117 480, 184 226
AI429CE 1 4 17870.552536 190 900, 152 296
IX534JT 3 4 17878.063358 175 720
JW720WP 2 4 17880.214435 101 840, 106 480, 89 699
ZE257AO 2 4 17882.004481 157 840, 88 420, 115 253
NS658OA 3 4 17882.880292 138 900, 92 19
SY261PB 3 4 17888.019973 88 420, 117 540, 117 221
ZQ324JI 3 4 17894.034708 158 480, 94 360, 152 107
YB722BH 3 4 17901.460314 81 360, 93 420, 140 412
RG987VN 2 4 17905.365467 175 300, 138 480, 180 360, 153 94
OU632UR 2 4 17914.529365 131 360, 164 720, 105 311
LV080MX 2 4 17921.230115 120 360, 147 660, 169 341
XA573FE 1 4 17924.687768 156 360, 123 900, 91 540
PI473SA 1 4 17931.742527 179 300, 113 540, 104 360, 123 519
SZ950BP 1 2 17934.595584 127 141
GZ416OG 2 4 17935.370559 121 540, 96 720, 127 500
BU504PL 3 4 17942.288812 131 480, 181 348
ZJ968CW 2 3 17948.991069 83 840, 109 20
OU982JJ 1 2 17957.598364 177 101
RP844YJ 2 3 17959.669179 87 600, 85 232
OH939OI 3 4 17969.281359 172 360, 125 480, 127 32
YB041EM 2 3 17973.239088 179 402
WZ035RG 3 4 17983.052757 167 754
RY465UQ 2 3 17989.465736 161 360, 132 106
JG199LD 2 4 17998.167037 84 840, 156 420, 159 360, 152 30
LE780DZ 1 4 18005.606202 168 300, 86 660, 164 420, 95 420
MD286BV 2 4 18009.198993 94 900, 171 540, 126 167
EQ479ZE 3 4 18016.168368 143 420, 120 549
ZY147VG 3 4 18018.476093 154 360, 189 300, 103 134
NM829LP 2 3 18019.123861 168 428
JV386FC 2 3 18027.817536 145 300, 190 150
RT494DF 1 4 18032.451540 154 480, 177 780, 90 44
RE292ZI 3 4 18038.699389 121 540, 147 412
OR314AT 2 4 18042.373726 98 840, 158 660, 92 123
GA063DY 2 4 18047.732460 144 360, 153 660, 133 339
JR342SP 3 4 18055.091363 135 720, 153 188
JO000JJ 1 4 18064.221044 93 780, 163 600, 103 443
OH433NL 2 4 18068.743751 86 600, 87 780, 117 540, 156 98
JW656KW 3 4 18070.257049 155 780, 124 41
KP426DL 1 4 18074.884685 143 540, 95 780, 158 409
CJ608EQ 2 3 18083.369459 165 436
NP164BV 2 3 18090.136478 122 480, 162 82
ZH316RP 2 3 18096.771194 91 540, 141 162
JS770JN 1 3 18104.393498 167 360, 113 264
EK307FJ 1 2 18107.948016 127 141
NT866BM 2 4 18116.398883 118 600, 168 720, 185 33
HZ690TO 2 4 18122.247010 162 900, 145 360
OK017RR 3 4 18131.875294 88 300, 126 600, 121 198
YT125RM 2 3 18136.911439 114 631
IP609QL 1 3 18139.545690 118 420, 181 223
YX784EN 1 4 18144.288186 103 900, 123 540, 102 420, 182 77
HC220BR 1 4 18153.072194 170 480, 170 420, 96 656
GX129IT 2 4 18154.971332 163 420, 162 799
JC568LS 3 4 18160.228118 134 720, 153 192
JE744MI 2 3 18168.327378 140 300, 136 220
RK285UW 2 4 18172.568203 101 720, 109 360, 90 540, 139 269
QO185YG 2 4 18179.913369 183 540, 171 360, 129 291
GM940AL 1 3 18180.431623 167 420, 182 109
YC933ZA 1 2 18181.341456 106 169
SO183RK 1 3 18190.244567 92 840, 111 114
HG063AN 2 3 18196.520688 96 660, 98 88
ZU643IG 1 3 18198.344685 131 480, 140 193
KT097DV 2 4 18206.155726 83 300, 102 780, 98 840, 172 65
IU764AT 3 4 18207.006661 186 300, 98 540, 167 103
QY682PL 3 4 18211.767567 89 300, 115 300, 177 360, 135 7
XS953KT 1 2 18213.190643 149 120
EP776GO 3 4 18215.434341 126 420, 160 456
TA235AA 2 4 18219.273057 84 720, 154 660, 132 271
XS416AR 2 4 18220.606898 184 840, 142 305
YG509WG 1 2 18221.920442 146 123
UL273CW 2 3 18229.339410 189 380
OA352TP 1 4 18238.946375 179 420, 147 780, 121 216
ZV665ED 1 4 18242.635988 96 300, 158 660, 138 540, 183 45
CR024FX 1 4 18252.201628 177 840, 184 365
QQ376JY 2 3 18259.233458 156 461
DZ448NB 2 3 18261.711839 154 467
VR573XI 3 4 18271.106479 84 600, 178 360, 103 111
ZI131KQ 3 4 18281.068195 133 780, 86 258
IN228CU 1 3 18288.297123 88 900, 180 60
OS742IX 3 4 18296.354688 123 780, 135 222
IB086EE 3 4 18305.949364 175 720
FJ829NH 1 4 18309.632527 155 480, 187 600, 90 326
SL378RZ 1 4 18316.872036 190 300, 110 840, 148 450
SR348HA 2 3 18320.613803 157 458
KB310IG 2 4 18323.279704 110 780, 137 540, 121 315
YQ379RL 1 2 18332.693899 184 97
YQ565EW 2 4 18334.192005 116 360, 148 360, 100 660, 179 206
DE658HV 3 4 18341.829172 150 480, 152 355
RG842WB 1 3 18349.826939 107 600, 95 271
MD365TW 3 4 18354.403124 179 703
BZ953XJ 3 4 18356.621276 93 840, 120 399
FP294LS 2 4 18358.664863 156 360, 164 600, 187 232
LP231KY 3 4 18360.500589 87 540, 186 424
CL505JJ 3 4 18366.557610 175 480, 151 278
YT937IQ 1 4 18370.843352 104 420, 147 660, 128 588
DF769DZ 2 4 18374.721426 190 600, 152 420, 141 142
UP675MO 2 3 18376.396371 122 480, 148 90
NS779GC 2 4 18382.796614 183 780, 138 400
KQ420SL 2 3 18390.185115 161 447
JV672QO 1 3 18397.570112 174 300, 104 363
XN665NF 2 4 18406.528917 150 420, 124 780, 181 211
ZP519ZF 1 3 18415.212717 141 638
XX797UG 3 4 18420.518894 115 480, 165 429
DX334KN 2 4 18423.867754 106 660, 126 780, 107 278
FR563GC 2 4 18426.934064 186 720, 187 342
TI220ET 2 4 18434.089915 145 660, 133 720, 156 41
XQ333WT 1 3 18441.737517 84 420, 189 289
DZ002IO 3 4 18451.503190 98 900, 184 205
HP127GQ 1 3 18456.973190 135 300, 118 419
SV282EM 1 4 18460.752049 150 540, 111 720, 98 480, 174 46
CN677WH 2 4 18467.406978 175 480, 108 600, 83 540, 177 24
DL535IU 2 3 18468.179253 86 837
CF654FZ 1 2 18471.669175 116 155
KM135UN 2 4 18481.123765 103 480, 181 300, 170 300, 94 360, 153 61
FU993OZ 3 4 18487.923439 107 360, 157 557
RG828XP 1 4 18491.390106 121 360, 171 840, 93 309
UM454BQ 3 4 18499.620455 173 728
PX937DU 1 4 18508.869538 136 660, 156 540, 183 229
QJ229RE 2 4 18516.618220 88 840, 172 721
EN385LH 1 3 18523.842717 138 600, 94 76
CR066QJ 2 4 18533.766022 185 360, 176 420, 136 422
HA529CD 3 4 18541.466593 85 300, 132 600, 86 247
HV944VK 2 4 18546.723304 88 900, 155 540, 136 258
GC228JB 1 4 18552.846645 102 660, 158 900, 157 41
BV101CW 3 4 18560.435470 125 420, 175 419
JX782DY 1 3 18567.369111 166 542
QQ017GH 3 4 18574.930844 92 480, 105 300, 145 300, 187 36
TB294OP 2 4 18577.180420 164 480, 172 693
KJ850IX 3 4 18583.552152 180 700
FN839ZP 1 2 18592.201000 126 142
JK912SU 3 4 18599.642407 176 420, 118 441
JG152VK 3 4 18607.504024 188 360, 83 660, 187 18
NR273FB 1 2 18614.453472 86 209
RM922GK 2 3 18616.649804 130 553
VB876SI 1 3 18621.365558 99 840, 143 47
GR622ZK 1 4 18624.497958 181 300, 108 720, 153 548
HO493PT 2 4 18628.021208 158 300, 187 480, 110 553
GM465YW 2 4 18628.783219 115 900, 106 720, 181 100
IT542WF 2 3 18633.204074 108 300, 163 242
PN490UM 3 4 18635.811101 166 360, 149 420, 171 21
RR267HD 1 2 18644.867042 178 101
ME246TN 3 4 18647.698745 92 840, 167 291
ZO362FX 1 2 18654.719889 121 148
RL961FN 1 3 18659.744026 152 300, 83 534
YG539SZ 3 4 18665.679272 166 759
CK300UN 2 3 18668.588787 178 404
RR725FV 2 4 18672.057345 153 720, 111 720, 99 79
SX017EY 1 2 18674.427010 117 153
ZM550FS 2 4 18676.964632 140 780, 171 480, 96 69
YD155YU 3 4 18677.543198 145 600, 142 274
SH436PL 3 4 18678.570327 146 420, 128 505
YD213IE 1 4 18679.759899 155 840, 156 360, 184 161
EL470VZ 3 4 18683.815474 81 900, 83 480, 113 117
AK468WE 3 4 18692.431858 186 480, 104 353
ZO855CK 1 4 18695.966891 104 600, 102 600, 158 540, 126 56
ER483DW 3 4 18700.645222 126 720, 179 197
KM038SI 1 3 18710.594762 84 480, 174 285
JA200YS 1 4 18713.549865 161 360, 86 540, 91 480, 119 540, 84 43
OU183RE 1 4 18718.308990 131 480, 95 660, 130 600, 137 90
DV202AB 3 4 18727.876047 85 840, 170 321
ET597CQ 3 4 18735.615459 93 480, 135 602
OR555VB 1 4 18745.079497 140 840, 165 540, 124 75
HA094UA 3 4 18752.362981 125 780, 97 293
SA575SC 1 2 18757.390079 151 119
ZI826KW 2 4 18762.925889 187 720, 82 772
IT989PJ 3 4 18768.877581 146 300, 181 454
DP954OL 3 4 18773.638759 181 420, 132 378
NE030UL 1 2 18775.609710 120 150
OL839TB 2 3 18779.225189 99 727
NO078TB 3 4 18787.167665 96 840, 176 257
CJ497UQ 3 4 18796.476642 190 480, 92 378
BE796OH 2 4 18798.665927 92 840, 190 600, 90 74
JC580HF 3 4 18805.165366 128 360, 130 360, 187 177
YM699BE 2 3 18806.727716 110 654
WX363DZ 1 2 18814.192227 137 131
CW569DO 1 3 18821.142624 116 300, 109 506
AL878IE 1 4 18830.242672 159 780, 89 600, 148 260
MY379ZV 2 4 18838.036471 117 480, 151 840, 152 98
ER771FF 3 4 18848.016656 104 840, 97 398
OB226RA 2 3 18849.387971 189 380
TH712HH 1 3 18855.191897 161 559
KR779GW 1 3 18861.514270 179 502
FY794UK 1 4 18866.321844 124 540, 190 600, 106 330
KV200IZ 1 4 18868.711832 134 300, 97 540, 107 900, 180 150
ZQ862JC 2 4 18874.756821 98 660, 99 840, 126 398
QE978GY 3 4 18878.546928 111 900, 100 261
CW422PQ 2 3 18886.709355 113 637
PG419RW 2 3 18888.982484 184 391
HU456UI 1 4 18897.025030 156 780, 178 529
BZ528ZX 2 4 18905.546297 146 360, 90 840, 175 399
VV992XX 2 4 18911.921653 174 900, 177 233
DH326YN 1 4 18918.572970 118 780, 132 900, 81 63
NQ680NK 3 4 18922.609828 121 360, 124 600, 112 71
EW959CL 2 3 18930.063674 159 360, 81 182
GB463VU 3 4 18937.124278 171 736
IG556ZE 3 4 18941.547172 142 420, 171 388
CS677KZ 3 4 18946.614163 116 540, 128 300, 80 312
CM586KA 2 3 18956.120126 101 660, 111 48
TF690SB 1 3 18956.689531 153 588
XL243ZH 3 4 18958.849437 146 660, 167 177
EW482KN 1 2 18968.232831 94 191
RK766NN 1 3 18971.156920 151 360, 174 204
IT416SL 3 4 18974.781959 176 300, 152 481
TC062CP 2 3 18979.116511 151 476
ZT006FC 2 4 18984.259120 157 480, 189 420, 122 354
HO487WZ 2 3 18989.460378 151 420, 178 48
DM923UF 3 4 18994.948928 168 300, 94 420, 148 244
SP367OK 2 4 19004.089739 132 660, 161 688
JL657JJ 1 4 19007.473795 157 720, 157 600, 129 67
BH538EU 2 4 19008.430742 122 420, 170 720, 90 270
PZ701LR 2 4 19011.331510 128 900, 174 300, 153 200
OD386VW 1 4 19017.605515 88 720, 152 600, 98 626
JC674CE 2 4 19022.770422 150 360, 147 600, 163 342
SB795SS 1 2 19026.822208 93 193
JS789TL 1 2 19028.243602 103 174
UB323CQ 3 4 19036.088663 90 480, 83 420, 188 255
LA091PG 3 4 19042.725017 104 420, 161 511
PA504ZT 3 4 19044.096903 126 600, 127 396
DL751DW 2 4 19049.944156 93 900, 148 300, 138 506
QH789OK 3 4 19055.450853 181 300, 154 465
VK999QF 2 3 19060.050051 85 540, 160 163
FV363MT 1 2 19065.348487 83 216
SA520DB 3 4 19073.465257 172 732
GS697GB 3 4 19080.972251 93 600, 140 501
SB266UK 2 3 19084.704218 164 300, 190 120
TY972MY 3 4 19086.932378 155 300, 154 300, 126 264
OR363ZN 2 4 19091.152612 163 300, 115 360, 186 579
VV530GX 2 3 19099.667256 134 360, 101 235
CR821RL 2 3 19108.905943 118 600, 82 14
CO519MT 1 4 19117.281036 111 780, 179 600, 93 236
OD708VQ 2 3 19126.016063 157 458
TJ689KS 3 4 19131.196394 149 780, 127 77
AF025HF 3 4 19140.587175 188 360, 158 369
HB909XS 2 4 19147.196645 152 720, 95 720, 146 138
RG615FY 1 4 19155.006537 86 840, 172 720, 184 108
HJ577CM 2 4 19158.845049 86 660, 134 720, 138 324
KD541LC 3 4 19160.736434 162 300, 96 806
JM025JC 2 3 19168.919627 104 480, 157 140
BU864JX 1 4 19175.472320 106 660, 117 540, 143 420, 163 139
UQ959PM 1 2 19177.764077 137 131
AE951YL 1 4 19182.977063 176 840, 160 425
JH097NV 3 4 19185.989295 171 300, 109 685
QD447RM 1 2 19190.671310 87 206
CH886TV 1 2 19194.365777 104 173
DV950OQ 1 3 19203.716010 189 476
RE523PE 2 3 19211.265445 178 404
PP743QC 2 3 19211.778816 122 590
JH634XD 3 4 19214.531284 87 780, 132 440
RJ056SM 1 4 19222.694594 173 780, 183 442
CT808OD 2 4 19225.586579 133 780, 82 600, 151 298
NL706LP 1 2 19226.348852 126 142
QF652AJ 1 2 19226.932591 149 120
PV424GI 2 4 19236.212071 165 360, 98 900, 189 266
LO166MJ 2 3 19237.919448 185 389
YV317RI 3 4 19247.898277 174 724
OJ823ZE 2 4 19254.673637 121 360, 154 540, 135 527
WL480XJ 1 4 19264.067300 164 420, 106 360, 126 480, 130 372
JV856XV 2 4 19266.058070 127 360, 107 300, 159 300, 188 385
KO929PZ 3 4 19271.245329 156 420, 158 300, 110 118
YX188KJ 2 3 19277.400051 80 780, 147 65
KD560MN 1 3 19281.673841 190 360, 138 156
PR757FX 2 3 19287.389387 85 780, 185 30
CT222JG 1 3 19292.186028 138 480, 179 132
FJ052FI 3 4 19300.059804 92 720, 152 393
DR455WB 2 3 19303.841907 81 888
UR114SF 2 3 19306.645773 169 426
CN346BG 3 4 19309.777695 106 480, 84 840, 139 32
LO325QE 1 4 19313.475509 167 780, 182 471
RX863OR 3 4 19316.376194 169 600, 81 303
EN344PO 1 2 19322.295300 188 95
HJ158VD 1 3 19327.577769 131 687
NF935LM 2 3 19336.141028 95 540, 173 119
CM274RA 1 2 19344.381278 172 104
XA587BL 1 4 19350.594329 138 780, 168 644
QQ118KR 3 4 19356.131118 89 420, 182 480, 85 14
VJ016VE 1 4 19357.052526 99 420, 86 360, 126 900, 163 184
MP573LC 2 4 19361.361435 110 360, 180 780, 177 101
KQ040ET 1 2 19363.797339 131 137
UJ980RB 3 4 19370.060571 127 360, 128 360, 103 332
PV262KN 3 4 19373.391010 91 360, 155 420, 179 157
LZ939UD 3 4 19382.989634 159 792
IB237BH 1 4 19391.614273 161 600, 161 600, 97 235
VO454KI 3 4 19392.633093 101 360, 181 495
EY645AB 1 3 19395.316712 188 478
MO931BE 2 3 19403.148874 157 458
LT797BY 2 3 19409.227041 118 610
RH717BP 1 2 19414.754786 162 111
DF730UV 1 2 19420.382023 161 111
SI320IO 3 4 19423.185435 177 540, 131 232
WH321HJ 2 4 19429.727425 106 600, 97 660, 188 374
YB383MV 2 3 19437.564833 80 300, 166 289
VQ510LE 3 4 19442.570452 180 600, 178 101
IN788BT 2 3 19446.700468 161 447
BL204UK 2 4 19449.528994 117 660, 139 420, 115 420, 89 158
PZ157PZ 3 4 19459.256491 109 360, 154 360, 153 204
OD368RB 1 4 19462.014191 91 660, 179 300, 125 540, 156 222
HR876OK 1 2 19464.058039 172 104
PK576CW 1 3 19471.019587 146 300, 157 294
IW497MI 3 4 19474.472904 166 480, 147 315
MO267CI 3 4 19480.870467 128 300, 156 540, 145 23
SZ732DS 3 4 19489.072673 142 540, 92 300, 123 176
KF642AB 2 3 19491.438783 102 600, 147 73
NI882DU 3 4 19493.709494 159 780, 111 17
RK169KS 3 4 19501.038176 96 420, 103 720, 178 64
UN846IH 1 4 19510.125363 167 780, 85 720, 190 129
WS189SF 3 4 19513.628413 190 600, 185 64
QQ865HG 2 3 19518.927275 150 480
LJ950AK 2 4 19520.642494 97 840, 142 600, 179 174
ES749FF 1 3 19529.949387 179 502
VR504QO 1 3 19536.732633 114 780, 126 8
XC722ZF 3 4 19537.743949 187 673
DE235OO 3 4 19539.195622 99 360, 83 780, 158 162
NW052QC 2 3 19547.291289 181 300, 160 110
FB036QH 2 3 19553.324761 114 631
DP372XQ 1 2 19560.515447 165 109
FA709CQ 2 4 19569.256581 105 480, 183 660, 137 195
GF858JR 3 4 19576.915313 106 780, 171 253
WA855MQ 3 4 19584.403465 128 660, 182 228
TX436VU 1 3 19588.604589 153 360, 176 198
RJ460KJ 2 4 19596.011192 139 480, 81 480, 95 900, 128 53
QG830RN 3 4 19601.863941 154 360, 144 490
FZ058NE 1 3 19609.741819 164 480, 169 66
HD267TJ 2 4 19612.184154 164 600, 119 836
TJ510OZ 3 4 19615.565360 163 300, 144 535
AP423XR 1 2 19622.212695 153 117
XF482HB 2 4 19627.667430 87 840, 147 780, 153 67
ZS964AZ 2 4 19633.133183 97 420, 166 660, 190 251
XU360UF 3 4 19634.220596 125 600, 91 560
SG459ZD 1 3 19637.945054 121 300, 183 293
CA718PP 1 2 19646.886697 183 98
KJ368RH 2 4 19654.292911 181 720, 156 433
MG625TH 1 3 19659.698688 83 660, 85 414
KF838RM 2 3 19661.432536 144 300, 182 158
YV608FY 1 4 19668.965645 89 480, 152 900, 125 291
XP628OJ 1 3 19675.520121 89 300, 100 633
AZ700TJ 2 3 19682.900759 96 660, 96 90
FK488PU 2 4 19684.290094 105 720, 99 840, 85 360, 130 66
DT961OR 2 3 19686.864043 98 360, 92 399
ZM787OT 2 4 19695.757604 181 900, 161 218
SV925HJ 1 2 19699.800813 161 111
OE677IW 3 4 19701.859939 93 720, 144 409
OW653PT 3 4 19706.726110 172 732
XC946OI 3 4 19713.352302 152 660, 158 162
XL368OA 1 3 19720.648305 80 480, 121 426
RM242UO 1 4 19723.230283 134 900, 120 720, 173 52
LS190OM 1 4 19728.348205 100 720, 101 720, 140 509
HD580HO 3 4 19736.947875 107 420, 134 420, 140 177
HT194OF 2 4 19739.999972 137 480, 148 780, 171 98
TC151KX 1 4 19749.716688 162 840, 86 300, 184 294
YM047XQ 1 3 19758.401808 169 360, 185 157
AP751XW 3 4 19764.511689 181 696
BF328OI 3 4 19771.842163 176 300, 111 540, 81 163
FH165AQ 2 3 19781.106239 186 387
WP256JH 1 2 19789.480957 171 105
MY994DD 2 3 19792.335657 119 600, 119 5
AL093JN 1 4 19801.424971 133 780, 182 616
PL644UL 3 4 19805.416467 155 540, 121 300, 148 40
MS974IT 1 3 19812.307091 165 545
YT583AU 1 4 19820.415058 134 780, 135 300, 165 420, 176 9
OB986TT 1 4 19823.377785 172 900, 91 672
GN573CE 3 4 19827.930948 128 780, 107 244
BS269ZA 3 4 19835.486186 187 660, 154 16
NA624ZV 1 3 19843.685812 95 540, 85 455
OR455XR 1 2 19846.099892 171 105
TW411CA 2 3 19847.548123 110 300, 91 420, 153 5
DR668EF 3 4 19848.427016 123 720, 123 304
LT841OH 2 4 19856.707635 148 420, 92 600, 190 420, 120 7
YU052II 2 3 19857.374455 161 447
YR090EW 1 4 19866.891466 137 480, 107 420, 131 780, 167 18
OH104ZY 1 3 19876.652212 169 532
CJ424VJ 3 4 19885.088764 134 540, 113 300, 151 130
AD678TW 1 4 19888.834910 154 480, 112 360, 154 600, 152 61
OG941AU 1 2 19896.710758 145 124
YP934PF 1 2 19899.136943 141 127
ED796UA 3 4 19905.605233 91 780, 80 687
SG417FT 1 3 19911.829387 135 666
TX375FQ 3 4 19919.488593 101 840, 112 367
NV747DY 2 3 19924.420584 166 433
PY870WJ 1 2 19931.151295 165 109
CI004VG 1 3 19939.835036 129 300, 169 300, 91 6
DO299JM 1 4 19942.773227 181 300, 82 600, 139 809
FI478BI 1 2 19946.450686 125 144
PN249UL 2 3 19954.837166 105 660, 131 20
NF944KJ 2 4 19959.950238 132 720, 127 660, 123 155
EE389KB 3 4 19968.789340 121 720, 124 313
ZZ315PM 2 4 19977.928217 175 360, 185 300, 149 533
NM087VR 1 3 19982.824216 121 743
QW956HC 1 3 19984.884860 109 300, 156 367
TN197WU 2 4 19993.056956 100 420, 154 360, 151 420, 127 292
TU260HZ 2 4 20002.686388 95 660, 140 840, 112 158
DE421NN 1 4 20009.862387 136 540, 126 720, 122 424
RF920EV 1 3 20014.975984 100 660, 162 148
XZ008CP 2 4 20018.763706 122 720, 86 600, 168 348
YC014FE 3 4 20027.345974 145 540, 181 263
ZI830HM 3 4 20032.583539 109 600, 112 541
IY179QP 1 2 20033.342019 115 156
UM851NF 1 2 20040.426578 137 131
HF566BJ 3 4 20044.845014 135 720, 100 288
XY391SN 1 4 20048.406585 99 360, 150 780, 162 391
NS314GY 1 4 20055.411841 94 360, 148 600, 190 491
FT677NI 3 4 20056.422148 148 420, 118 541
PE728EP 2 4 20060.436543 126 840, 111 720, 106 115
QH864TW 1 4 20069.414839 92 660, 83 900, 168 360, 107 187
IJ551YL 1 3 20075.534374 186 480, 102 7
LN884QH 1 3 20077.836231 147 612
DI671FI 1 2 20085.351065 184 97
MC510MD 2 3 20090.812464 94 765
UQ099JW 2 4 20099.839653 188 540, 144 670
MJ285LE 2 4 20102.029983 154 480, 161 360, 177 360, 137 17
UR420UH 1 2 20105.752816 90 200
YD411KH 1 4 20114.004081 98 840, 122 420, 157 525
ZM983PQ 3 4 20117.407620 187 673
VM659CZ 2 4 20125.090634 136 900, 98 480, 119 240
FG849IC 1 2 20129.935123 131 137
KC575WK 3 4 20138.190545 99 300, 162 480, 187 99
YZ075EK 2 3 20140.747941 139 517
WT358ZF 3 4 20144.570079 122 300, 118 660, 190 60
DP384SV 1 4 20153.717465 124 660, 122 420, 105 540, 139 188
PH736HQ 1 3 20162.625220 103 360, 179 295
GK612ZE 2 3 20168.051381 149 483
CR686WO 1 3 20170.210780 165 545
VE692YX 1 3 20173.317116 147 612
FZ704KN 3 4 20182.537026 140 780, 147 114
EI729LH 3 4 20191.200548 122 360, 126 651
PZ693UG 2 3 20200.082161 162 444
YI840BC 1 4 20206.019687 107 300, 177 660, 89 600, 116 117
NX367MF 3 4 20215.762603 146 480, 123 360, 181 64
FY379GX 1 4 20218.281253 186 840, 135 442
VH277XT 3 4 20224.518788 85 540, 147 360, 132 205
YA717DG 2 4 20234.220302 171 300, 143 660, 97 480, 82 70
AD528AN 3 4 20240.534616 142 660, 80 403
IT683SF 3 4 20244.426809 179 300, 167 432
FJ066GI 1 3 20245.840075 162 480, 94 130
LQ883PB 2 3 20254.493783 142 507
OP900VM 1 2 20259.042366 147 122
UN216LL 2 3 20264.929529 98 734
EQ089DJ 3 4 20271.075332 101 420, 104 300, 83 631
KB252XU 2 4 20279.780229 176 540, 137 300, 96 480, 101 156
VU371FE 2 3 20282.417339 146 480, 190 10
VZ634NN 1 4 20290.115474 122 360, 137 900, 83 587
KP268BM 2 3 20298.990916 121 595
VE514SX 2 4 20303.320788 93 300, 137 840, 121 420, 139 30
NV814AZ 3 4 20307.583542 149 840, 99 8
XV146ZM 2 3 20310.326194 162 444
VB730FJ 2 3 20315.441223 80 300, 118 406
TO619EA 1 2 20319.909970 131 137
SD323RH 1 3 20328.521987 130 360, 145 297
SL468HD 1 3 20332.543599 121 660, 111 91
UG588UY 2 4 20341.027546 186 600, 115 660, 164 64
IJ027PH 1 3 20350.753458 114 780, 100 10
FA522WM 3 4 20353.910189 88 660, 143 474
LG360KQ 1 3 20362.918811 105 720, 106 135
KF798ZA 2 4 20366.405575 138 840, 109 480, 177 168
TW449FD 3 4 20371.567208 174 660, 114 97
LE107II 3 4 20381.047554 178 707
FJ476RA 2 4 20386.431694 187 540, 83 900, 89 250
QW105IH 2 3 20393.148151 180 300, 85 211
EK837AW 3 4 20401.265606 130 300, 92 900, 173 24
ZW650VD 2 4 20405.067299 177 900, 120 322
ZW341NB 1 3 20414.655094 139 420, 135 234
LF258QU 3 4 20421.192933 172 480, 117 300, 164 50
XX693RP 3 4 20427.406298 182 420, 98 505
KG253RP 1 3 20433.223625 124 660, 148 55
GS464NN 2 4 20439.077068 156 480, 136 480, 158 366
XR378MC 1 2 20441.528073 112 160
ST807SN 1 3 20450.091904 163 552
CW037MG 2 3 20459.211423 181 397
SA198NP 3 4 20467.968432 163 773
JA653UK 1 3 20469.011306 88 600, 170 218
FJ983IJ 3 4 20474.195963 188 670
BS444KY 2 3 20475.096313 104 300, 113 361
QC500KZ 2 3 20479.752676 105 420, 169 165
YJ978MD 2 4 20489.121530 87 900, 100 420, 165 470
WQ037UG 1 3 20494.504164 119 720, 125 34
CY312TC 2 4 20503.474835 99 720, 84 600, 183 417
ZT978EA 3 4 20511.379293 117 720, 112 372
ME728UL 2 3 20514.853781 158 455
KX876HQ 2 4 20521.459091 151 840, 105 677
SA888VQ 1 4 20528.964866 105 840, 102 600, 123 541
AH240DY 2 4 20534.578943 163 360, 106 420, 116 480, 146 267
DE565SI 2 4 20537.474093 124 540, 145 480, 87 540, 169 85
CX091ZX 3 4 20542.337667 151 780, 182 45
WT635OC 1 3 20549.606652 132 681
HA485NN 3 4 20550.137692 172 732
DS329KN 1 4 20552.285852 128 360, 163 540, 164 360, 126 181
DS960CV 3 4 20555.364277 104 780, 148 303
TT897EA 2 4 20564.724222 154 600, 123 840, 126 18
ET302NW 1 4 20565.439674 133 600, 109 300, 175 591
LD520HU 3 4 20572.482698 123 660, 140 320
SW668ZW 1 4 20577.244770 185 660, 133 360, 183 251
CJ914YN 2 3 20581.927165 135 533
JL887CY 3 4 20587.902558 171 736
HR689ZF 1 3 20591.215914 115 660, 137 102
KE412AE 1 3 20591.990561 173 520
UQ835ZB 2 3 20597.283505 176 409
IQ084CR 3 4 20600.754802 130 420, 174 410
AB856VN 2 4 20601.323840 184 780, 180 302
DS776XD 1 2 20603.243699 144 125
HH381UP 1 4 20606.987352 126 720, 168 745
TP122ZJ 2 3 20608.468817 176 409
OE307GU 3 4 20609.522405 125 600, 114 447
XB135KA 3 4 20611.751241 173 360, 102 300, 118 280
LD505BZ 2 4 20615.095674 133 420, 159 893
YN110ZY 3 4 20617.031969 80 420, 115 720, 127 75
AT278ID 3 4 20623.425286 111 360, 117 735
ZE488LG 3 4 20626.845108 82 540, 163 501
ZQ143IC 2 4 20633.692437 102 540, 161 420, 124 540, 168 49
GK074FW 2 3 20643.530144 92 782
RR597SZ 3 4 20651.354213 157 360, 112 300, 103 348
OR697OL 1 4 20661.273616 130 660, 109 840, 143 270
GT580YR 3 4 20668.871200 104 900, 93 348
AI358SF 3 4 20678.704239 124 840, 164 133
DE847FG 2 3 20679.910076 103 300, 133 309
ER824KI 3 4 20687.702527 131 720, 114 277
NF630YN 3 4 20690.444085 98 420, 138 600, 139 14
YZ115FV 2 4 20697.105174 190 420, 178 420, 81 536
MF689QV 2 4 20706.827497 156 900, 181 318
IT350AG 1 3 20710.388638 98 360, 187 292
NB330EX 1 3 20714.845762 178 505
WL871LN 1 2 20715.909037 98 183
TD207GK 3 4 20719.605440 126 660, 145 295
DO124KL 2 3 20721.387190 102 360, 144 244
BY640OT 3 4 20727.034930 136 600, 151 294
XM383EM 3 4 20732.259400 133 360, 141 554
OR102VS 3 4 20734.558596 94 720, 80 720, 149 4
NG130HL 1 2 20742.231553 152 118
NK968SW 3 4 20751.175774 174 420, 122 433
XF435FM 1 4 20756.802945 171 540, 86 720, 125 493
CT674WR 3 4 20758.774330 119 720, 118 341
VG471YG 2 3 20760.118695 189 380
AN613LV 2 4 20760.669108 160 780, 125 585
RI438OW 2 4 20769.180519 90 300, 104 300, 114 720, 118 489
CC343YH 3 4 20774.320270 80 420, 115 420, 113 300, 100 102
XP020XV 1 3 20783.442027 86 780, 121 189
RI008VD 2 4 20786.673323 146 660, 135 752
VZ853GO 1 2 20793.167779 96 187
AM516SJ 1 2 20798.346877 126 142
MY837QU 2 4 20806.797038 110 420, 174 480, 103 360, 176 177
SS324EX 3 4 20808.433000 188 670
AU587MF 2 3 20818.424521 172 418
FH655WW 1 2 20826.476911 110 163
IZ589HZ 3 4 20834.710358 172 360, 128 420, 189 54
MN027HU 1 2 20837.989389 137 131
VA180NG 2 3 20841.794151 140 514
OU205ZU 2 4 20843.376562 90 840, 131 540, 187 276
LP077HI 2 4 20844.891849 121 540, 163 813
LJ257GH 2 3 20849.202321 130 300, 87 379
CX379YS 2 3 20850.969740 141 480, 125 34
UH861SS 2 3 20852.361514 168 428
KH080ZF 2 4 20854.408603 124 600, 96 600, 134 492
QM100IF 3 4 20855.587116 150 600, 130 276
PP595OX 3 4 20862.827338 162 660, 185 103
KY732DZ 3 4 20872.396391 172 480, 140 310
UI069OZ 1 3 20876.902888 124 600, 88 177
AV987VN 2 4 20886.409083 134 420, 81 720, 159 524
XF304FH 3 4 20894.888598 188 670
IQ908QE 2 4 20895.949696 175 300, 121 540, 111 660, 106 65
IK088QK 2 4 20898.614216 152 300, 80 360, 181 300, 129 420, 102 148
GE725NW 3 4 20908.238190 117 780, 173 200
LB849TH 2 3 20914.003357 188 382
OZ275VA 2 3 20916.035367 157 458
IP267ZG 3 4 20921.909561 179 660, 101 77
BD147DA 3 4 20924.908391 159 660, 159 132
KP866UE 3 4 20930.488465 121 480, 99 600, 127 67
CV716MS 1 4 20933.123504 108 300, 175 660, 150 454
WG863SA 3 4 20935.166267 139 720, 120 215
MG639NT 3 4 20938.562401 99 840, 102 419
CI633EG 3 4 20939.241538 176 540, 107 289
WU032ID 3 4 20945.206287 135 780, 108 191
UO179XH 1 3 20946.526743 171 526
WA531LJ 2 4 20952.598976 110 420, 134 480, 87 600, 139 253
QN107OR 1 3 20955.879587 118 762
XD275NA 1 4 20964.468865 91 480, 137 840, 179 319
DB150RL 3 4 20973.434067 100 600, 97 540, 90 151
HK335YV 1 3 20981.408654 103 780, 134 72
DL761YK 1 2 20989.465708 123 146
FC343WC 1 2 20994.852708 86 209
EB099TK 1 2 20995.793863 116 155
BF156BL 1 2 21000.144070 119 151
HO263NT 2 4 21006.088544 93 780, 160 540, 187 208
CP367AA 2 4 21006.704215 94 720, 171 762
KI566FH 3 4 21011.948804 133 540, 184 294
KV565TY 3 4 21018.913479 152 480, 98 360, 116 153
HK683DN 2 4 21020.566909 176 660, 147 556
GC418AI 2 4 21021.106948 185 900, 155 203
UB400RJ 2 3 21025.067508 153 360, 142 119
US405PT 1 2 21031.926630 161 111
LH735LV 2 3 21041.279119 147 489
WZ449EN 1 3 21050.767267 113 360, 166 297
HQ161GK 1 2 21060.650388 170 105
HN583JM 1 2 21068.013909 127 141
VF061CV 3 4 21076.357567 110 780, 178 225
LB133XX 1 4 21077.705251 86 420, 178 720, 82 540, 120 62
GK676OI 2 4 21080.054653 118 780, 151 701
EY319YV 2 4 21088.994900 92 300, 123 840, 146 459
DG338MT 1 3 21095.718003 119 540, 123 209
GY107CS 2 3 21099.620432 166 300, 118 188
AI728AW 3 4 21107.121115 87 600, 136 542
AJ250LW 1 3 21113.621612 179 502
SH701TZ 2 3 21117.439630 159 452
XM428IX 1 4 21126.295573 147 600, 143 660, 109 300, 181 3
JD965WD 3 4 21134.126044 138 840, 107 94
RZ328XG 3 4 21140.443857 150 660, 94 287
XC885PR 3 4 21144.484850 180 480, 102 388
GZ373WB 2 3 21147.447511 185 389
RS965KM 2 4 21152.698574 122 420, 104 900, 145 366
IP197FS 3 4 21155.816063 144 720, 183 121
HB897VL 3 4 21158.717962 88 720, 117 535
IJ016NX 2 4 21164.656013 160 900, 181 298
YI192HF 2 3 21169.458824 152 473
QD258RA 1 2 21177.388476 166 108
YX930JF 1 4 21179.255160 143 480, 138 720, 135 300, 81 92
TV130ZY 1 3 21182.203852 190 300, 145 227
MR860CW 3 4 21189.976710 130 420, 137 480, 151 37
XA764II 1 2 21192.545819 84 214
PK383DH 2 3 21201.442483 185 300, 132 125
AW207QA 3 4 21204.888174 111 420, 119 540, 100 151
GT218PU 2 4 21214.053763 130 360, 178 420, 119 540, 125 97
FI241QQ 3 4 21215.341766 152 828
TY755FK 2 4 21220.578173 97 900, 98 720, 152 264
KM192TS 3 4 21221.931115 95 540, 114 420, 166 161
GD252DZ 2 4 21228.117970 114 900, 103 720, 165 128
ZM103VX 3 4 21236.286047 188 420, 121 388
QI292SK 1 3 21242.656045 134 671
YK435UK 1 2 21249.695911 130 138
RF709LD 3 4 21258.444873 130 360, 153 517
IY152CK 3 4 21265.695387 125 900, 173 78
UX291YH 1 3 21267.755818 109 420, 92 480
KJ264ZL 3 4 21277.687313 114 420, 96 813
IA558QJ 2 4 21284.024188 127 840, 187 488
KH722EH 3 4 21290.220295 129 360, 161 494
SJ002QA 3 4 21291.018815 95 840, 90 513
BG631UK 3 4 21292.333577 129 840, 95 185
WY683XQ 3 4 21298.826408 82 420, 167 548
ST243GA 1 3 21300.814534 190 473
FZ334EU 2 3 21309.517131 140 514
OK018TG 3 4 21311.547249 162 480, 107 300, 108 149
OC125UP 1 3 21312.721268 156 300, 186 232
TW895SX 2 4 21318.411368 187 720, 82 660, 87 106
AK334CR 1 3 21321.724139 116 720, 159 40
WT092RL 1 2 21325.364580 117 153
AN952JD 2 4 21328.745087 91 840, 132 900, 116 23
YN296PK 2 4 21333.328786 128 480, 94 300, 186 540, 121 65
QO293EU 2 3 21342.026498 85 480, 137 227
TU107LQ 3 4 21344.992291 107 300, 170 360, 115 284
QV556NR 1 4 21346.644610 169 780, 87 660, 163 164
UV171PQ 2 3 21352.187704 184 391
PT952BY 2 4 21356.623691 108 660, 145 300, 101 480, 153 227
RT573RI 2 4 21358.070940 185 720, 135 480
IZ584VR 3 4 21362.797549 104 840, 158 244
HS137XF 3 4 21367.620173 81 720, 156 300, 92 226
FW567BX 1 2 21376.998806 158 113
AZ639CX 3 4 21384.198869 149 300, 174 467
MY526PH 3 4 21389.599948 123 420, 99 720, 143 21
RN107XB 2 4 21397.123628 102 780, 101 780, 134 295
HH398TJ 3 4 21399.145804 159 720, 87 132
DG964SU 1 3 21399.947417 117 660, 114 112
QV017OT 2 4 21408.039225 112 780, 165 480, 80 300, 152 48
YU552HP 2 4 21417.035153 105 420, 121 540, 139 637
CB482GK 2 4 21417.716743 148 480, 176 721
PX897FI 1 4 21424.019962 84 840, 177 360, 177 461
QL412YX 2 4 21425.498392 130 420, 142 360, 96 300, 140 453
QD641LL 1 4 21433.424973 149 780, 123 600, 112 231
DU515NL 1 3 21439.361184 163 552
RY876QW 2 3 21443.442216 183 393
QQ687DA 1 3 21446.245920 121 480, 121 263
RX089GN 3 4 21455.000835 181 480, 170 230
BM044AX 1 2 21464.676191 170 105
JG994MI 1 4 21469.816427 180 480, 121 780, 145 242
GM968RK 1 4 21471.300089 187 420, 149 540, 190 300
FJ103RN 1 2 21475.713898 179 100
CI118SA 1 2 21481.949091 163 110
FC923QZ 1 2 21483.919362 104 173
WA791PH 3 4 21488.549048 184 684
RK641BA 1 2 21492.583793 101 178
IQ741WR 1 4 21494.411458 99 480, 187 720, 106 300, 180 11
LF258ZN 2 3 21496.072481 95 540, 105 197
IO557FU 3 4 21504.561373 90 660, 184 300, 151 75
YT284KJ 2 4 21507.607037 99 420, 145 840, 172 201
NJ762TB 3 4 21513.876769 120 840, 88 286
QK327UC 3 4 21521.845624 185 360, 116 360, 82 215
YA899DE 2 4 21528.181278 189 780, 151 334
VT698GW 1 2 21533.587557 88 204
NS840PL 1 2 21543.254432 176 102
LD052YF 1 2 21548.434543 133 135
GW077DE 2 3 21556.144115 177 360, 91 90
LQ922SL 1 4 21562.582295 110 300, 133 300, 144 660, 85 565
YY176MO 2 4 21567.700731 82 660, 106 480, 149 360, 85 463
HX673XU 2 3 21574.484780 151 476
GX740VC 2 4 21576.933699 177 480, 94 420, 160 459
PI893HL 2 4 21581.353917 81 480, 119 780, 170 389
WJ858GC 3 4 21586.501448 83 600, 115 540, 97 145
GH205LN 3 4 21594.143290 88 540, 126 480, 187 96
YZ326FD 1 3 21601.517691 106 300, 91 480, 111 130
GN201SN 1 2 21606.447893 174 103
GU137IL 2 4 21614.652662 111 600, 120 780, 171 221
YS340DA 1 4 21621.672183 86 480, 97 600, 120 420, 102 648
IY248EY 1 4 21629.029970 183 720, 188 448
LH607YC 3 4 21629.687566 159 360, 156 420, 169 19
KT597YG 2 4 21636.742864 121 360, 157 480, 120 300, 87 495
OF984JS 1 4 21646.691045 94 420, 149 780, 174 346
TT646LM 2 4 21656.257124 167 600, 167 585
BT895IM 2 4 21663.389420 170 360, 184 300, 103 720, 123 60
VY172RB 1 4 21669.273948 103 660, 130 720, 169 322
US575TO 1 4 21672.302096 100 720, 175 300, 101 360, 157 351
GS142ZG 2 3 21680.771442 83 540, 113 240
BN078YB 1 3 21685.260411 152 592
QY632PE 1 2 21688.094777 164 109
PO904GI 3 4 21691.157445 154 360, 166 425
YC442LT 2 3 21695.604368 129 420, 91 195
DE337WJ 2 4 21699.685930 92 540, 84 540, 108 840, 123 99
KD596MU 1 4 21700.991091 157 660, 143 780, 141 5
RH244CS 3 4 21710.406363 81 840, 187 309
WF919AI 1 2 21712.030940 87 206
CW855CL 3 4 21714.603053 123 780, 83 362
KQ931AT 3 4 21717.759451 89 480, 113 600, 119 130
HI494AV 2 4 21718.316974 140 780, 156 569
FY718OT 1 4 21724.821123 180 900, 86 600, 113 21
FT460TZ 3 4 21729.569305 140 300, 153 549
VJ279AN 3 4 21737.428377 131 720, 150 211
CT437JR 2 4 21739.801551 83 720, 176 660, 186 118
MO838ZV 2 4 21749.707750 105 720, 106 420, 115 677
SV571XK 1 4 21753.978891 148 360, 147 360, 129 480, 144 332
TP347OL 2 3 21759.360179 89 600, 126 147
LX349FF 3 4 21765.594364 124 780, 111 263
WB958AZ 1 3 21770.832017 108 540, 95 333
KN961FG 2 4 21773.139401 89 600, 165 300, 130 300, 127 441
WE025UW 1 3 21775.840398 149 604
XL274VV 3 4 21781.867929 80 600, 139 561
YP950ZC 2 4 21791.770816 90 360, 124 480, 82 480, 132 505
TU611JT 3 4 21796.781621 94 480, 113 600, 144 90
NQ499YP 3 4 21803.867576 172 600, 129 176
BN053EV 2 4 21805.730475 97 600, 83 840, 96 660, 164 40
ZL307GK 1 2 21814.734810 96 187
BN074IS 3 4 21822.326896 84 420, 143 634
BI951XN 1 2 21825.933208 174 103
CY071ZZ 3 4 21835.358561 159 420, 105 563
CL965EH 1 3 21843.623756 84 900, 113 127
JR004ZG 2 4 21852.403854 134 600, 157 749
JG628ZL 2 4 21855.307125 124 420, 173 840, 125 4
GS350HR 2 3 21857.003750 130 553
QG594PR 2 3 21860.740450 150 480
OD626ZT 3 4 21863.748646 97 420, 107 480, 91 372
CP260KX 2 4 21865.359101 150 840, 139 517
TT493DO 3 4 21866.414402 127 360, 180 445
GO626TJ 2 3 21870.791567 181 397
KC375JQ 2 4 21874.225142 159 780, 149 496
VW685UE 2 3 21875.794677 148 486
FL552QU 3 4 21879.328251 92 900, 83 300, 100 183
UV758HT 3 4 21883.145206 134 360, 92 840, 157 3
JE045EG 3 4 21885.055660 159 300, 111 540, 99 185
LY374NS 1 3 21890.306626 141 638
JU534UM 3 4 21899.515198 118 900, 120 165
BS108RU 1 2 21908.282194 169 106
CQ405JL 1 2 21910.050183 145 124
FI145BB 3 4 21919.426650 156 807
FV191VE 2 4 21921.800108 123 540, 174 360, 178 300, 133 116
HC495CH 1 3 21924.244368 180 500
PW423XG 1 2 21926.106394 132 136
ZG968OK 3 4 21931.985189 120 720, 108 366
HF530TQ 3 4 21935.765216 171 736
YB943WP 2 3 21945.335965 93 300, 130 339
XW470WH 2 3 21951.688914 144 500
IY162JX 1 2 21955.371532 101 178
QW073MA 1 4 21955.957961 150 360, 186 870
JX475YJ 3 4 21961.746798 181 420, 102 489
MQ305MF 1 4 21965.348031 177 720, 116 720, 102 49
JV019AT 3 4 21974.791407 155 360, 90 780
LL758VY 3 4 21980.769611 129 720, 150 220
FX397NL 2 4 21989.363376 136 480, 145 420, 102 600, 176 60
PK425CL 2 4 21993.240896 143 900, 128 300, 185 167
GK639XQ 1 4 21996.107672 102 780, 183 540, 144 261
KE039WQ 3 4 22005.358215 168 750
YG470BK 1 3 22012.097379 165 480, 188 57
AJ583BF 3 4 22019.577103 150 360, 125 576
OT008SR 2 4 22021.600523 168 360, 86 360, 109 900, 169 50
SK985JB 2 4 22023.817541 113 660, 167 739
UQ352MW 1 3 22030.873664 110 600, 89 269
JL715YK 1 3 22034.652777 188 478
GO991VH 3 4 22044.129479 87 900, 92 360, 96 151
UN968QA 2 4 22044.699643 177 840, 183 269
NB967VD 3 4 22050.262233 148 600, 161 231
GD316OR 2 3 22059.059948 159 420, 171 30
EN361KS 3 4 22064.186163 81 840, 97 597
BO098OK 3 4 22071.772930 119 480, 110 540, 107 88
EE769LP 2 4 22079.929460 179 660, 151 420, 89 184
LL932AD 3 4 22089.012953 161 660, 136 145
ZE501BK 3 4 22093.945597 118 780, 95 357
AK652VT 2 3 22095.396566 190 300, 137 109
PC463JW 3 4 22101.303302 118 420, 143 534
MP179CL 1 2 22107.437820 121 148
NV029EH 3 4 22112.824111 185 681
BZ270CR 2 4 22120.934541 129 480, 103 840, 116 427
RM701SL 1 2 22129.807941 150 120
ZF378II 3 4 22131.555080 142 887
NN576CN 2 4 22137.776145 90 660, 108 780, 113 481
DW959TS 2 4 22143.878045 167 840, 127 454
MX289DT 2 4 22146.020200 126 900, 160 528
TC321OM 3 4 22152.187554 89 540, 81 420, 163 269
MN897RZ 3 4 22161.946129 169 360, 187 348
XN825OL 3 4 22170.251281 148 600, 167 222
UF877GM 2 4 22178.717192 143 660, 87 900, 86 294
MV998IG 2 3 22185.948231 83 867
IE437KZ 1 2 22193.634796 171 105
UV277DJ 1 3 22196.288170 186 483
DC784MM 2 4 22199.897873 148 780, 190 360, 190 74
WV426GK 3 4 22201.155859 111 660, 107 360, 99 143
JL115UT 2 4 22205.019925 178 480, 147 540, 144 230
PN925WA 3 4 22211.270852 120 720, 116 341
YU001ML 2 3 22215.278558 81 600, 176 132
WB447ZF 1 3 22219.050542 127 708
NJ368MG 3 4 22227.713961 118 780, 83 409
YY195KI 1 2 22229.259863 83 216
AP800OV 1 3 22233.971707 122 737
UO554FF 3 4 22237.943395 135 300, 183 300, 186 164
JJ353JI 3 4 22240.730087 116 360, 185 455
KW589AT 1 4 22250.387775 143 300, 131 300, 147 600, 189 241
BF373NP 2 3 22257.447200 134 537
MU703CF 3 4 22265.633079 80 900, 178 303
YT726VF 2 4 22271.575244 124 420, 97 420, 183 574
VQ749UG 3 4 22280.364569 134 720, 164 179
EU444OZ 2 3 22284.129316 146 493
TH302UH 3 4 22292.837846 136 900, 103 34
HN210WQ 3 4 22302.129521 98 360, 161 563
WN683FP 3 4 22309.092799 98 360, 93 660, 81 362
MM523AV 2 4 22318.278230 105 720, 158 774
MA006ZG 2 3 22327.318838 115 626
VO173BL 2 4 22329.415754 154 720, 179 486
KB245LB 2 3 22336.598177 168 428
MF114IJ 3 4 22342.832889 157 802
CX414LO 2 3 22350.048512 170 423
XD620RL 2 4 22355.716874 116 300, 170 480, 139 587
JR056DU 2 4 22364.929745 120 840, 190 511
MS262KI 3 4 22374.212300 190 600, 165 72
TB733XV 1 3 22383.765599 110 480, 186 200
VO155TU 1 3 22393.671418 135 666
RB684YW 3 4 22396.677634 102 660, 188 312
UA043HE 2 4 22405.314341 172 840, 90 540, 102 48
BZ020IO 2 3 22413.093509 145 496
CV602DQ 1 2 22415.599753 116 155
WB691HQ 1 3 22423.799721 189 476
KX120BW 3 4 22430.898872 149 840, 92 9
ED901JE 2 3 22431.495734 152 360, 147 117
LU513PY 2 4 22439.717769 121 600, 82 720, 183 362
SP834PR 2 3 22441.597395 142 507
BU067BN 2 3 22443.575061 115 300, 91 412
CX745SY 2 3 22445.866029 133 360, 153 157
FV710RP 3 4 22452.990041 148 360, 173 420
UK889RL 3 4 22457.463975 99 540, 107 677
RG966RQ 2 3 22458.097555 88 540, 186 131
KP249EM 1 3 22462.744601 109 360, 170 298
AI036GT 1 4 22464.834205 89 600, 180 420, 127 685
RF090GK 3 4 22470.621699 180 700
WT889GS 3 4 22473.783617 92 840, 151 322
KF890OJ 3 4 22477.907845 185 681
HP789PK 3 4 22485.092272 121 780, 149 212
LK551YW 1 4 22490.548978 184 660, 187 505
FL429GG 3 4 22494.801600 169 600, 93 264
ZP538XJ 3 4 22498.209526 177 480, 110 373
BZ234KK 1 4 22500.378191 167 780, 164 300, 118 309
YH895ZS 2 4 22504.935975 85 780, 99 480, 119 707
JJ895CH 1 3 22514.234440 85 540, 143 308
CB643QW 1 2 22515.675448 101 178
NL761ZY 1 3 22519.691010 125 420, 133 281
LU453HA 2 3 22520.605915 82 720, 183 70
DV038XL 3 4 22528.077564 160 660, 148 137
JD028DI 3 4 22535.408018 111 600, 137 433
DA573LE 3 4 22537.378403 189 666
MU745XK 1 4 22537.955148 134 360, 94 840, 181 300, 130 265
AC859IY 1 2 22539.819515 131 137
OC150WV 2 3 22544.529631 82 840, 120 26
BQ713VG 2 3 22551.215784 153 300, 105 248
HU380EZ 2 4 22556.916253 147 480, 119 840, 189 145
BD869QH 3 4 22562.069908 117 660, 131 372
RY367GE 3 4 22569.044821 186 360, 174 339
OZ966ML 2 3 22575.578868 111 648
VQ633KI 2 4 22579.016194 185 360, 189 480, 178 228
NJ559VI 3 4 22586.714823 115 300, 126 600, 135 117
MC778PU 2 3 22589.961559 167 420, 118 15
UZ278LY 1 3 22599.340082 184 300, 121 287
FA558EJ 2 4 22607.573295 82 360, 169 480, 180 485
JU625QW 2 3 22609.194097 156 461
TK647ZB 1 2 22611.768969 126 142
GZ301DK 3 4 22614.387040 104 840, 182 212
TZ685TB 3 4 22616.248612 97 300, 142 682
KR404KQ 3 4 22624.629406 96 420, 102 420, 145 295
PK680DE 1 3 22633.886494 132 480, 176 151
XN861IJ 2 3 22634.778633 178 360, 136 58
RN878CZ 1 2 22637.369390 153 117
DI924TT 3 4 22645.501484 183 300, 115 360, 116 256
QH519TA 1 2 22647.270760 116 155
FJ852JS 1 4 22650.648371 121 480, 136 420, 143 360, 120 411
ZI119LM 3 4 22651.712065 102 600, 149 360, 119 93
IM389SW 2 3 22658.524403 169 426
DI051HD 1 2 22665.359150 109 165
IZ476GE 1 3 22672.346831 152 300, 149 297
UF346ES 1 2 22672.931187 169 106
VJ205BG 2 3 22680.055381 138 521
HS597SF 2 4 22680.598280 146 900, 95 480, 152 138
UQ674UA 1 3 22686.102899 118 600, 114 168
GM409RP 3 4 22690.258731 102 600, 161 402
VE686DI 3 4 22691.412071 172 600, 86 265
QD575BY 2 4 22697.951349 174 300, 138 780, 134 284
RH965SW 2 4 22707.435417 95 360, 175 300, 141 300, 99 696
VT649DE 1 2 22715.608007 102 176
FC815HS 2 3 22718.743845 138 521
HZ821ZH 3 4 22727.308263 178 480, 120 338
CB998EQ 1 2 22734.383916 182 98
UX887MY 1 3 22737.311110 100 540, 118 305
MV213FF 3 4 22744.394513 180 300, 172 418
IZ652FL 2 4 22746.374980 146 660, 169 601
CY501RU 2 3 22753.788472 99 720, 110 6
QC401AQ 2 4 22758.200170 151 840, 175 406
HK749XB 1 4 22758.959777 138 480, 183 600, 90 444
UP699SB 1 2 22763.654604 161 111
OB098TA 3 4 22765.161570 99 600, 90 740
KR541TS 2 3 22772.995647 163 441
AD732GA 2 4 22781.359717 155 420, 127 540, 183 351
YA955HP 3 4 22784.347591 142 480, 87 540, 149 72
MQ194TK 3 4 22790.229923 130 300, 89 420, 81 300, 119 212
YH581JC 3 4 22798.379198 156 360, 83 480, 122 245
KA337SX 2 3 22802.990525 172 418
WJ567PS 3 4 22811.846972 184 684
FP000QP 2 4 22818.123961 117 540, 135 300, 186 507
CB182QY 2 3 22820.167266 85 720, 158 68
HW984ZN 3 4 22829.940422 128 300, 134 600, 146 49
XW282RH 1 4 22830.508585 80 600, 177 840, 80 241
OG326ZC 3 4 22838.993004 182 692
IM869GA 1 4 22842.126353 164 300, 133 900, 185 254
JE295II 3 4 22851.607687 131 420, 156 455
IE319RP 3 4 22860.389959 185 360, 125 475
DZ743UT 3 4 22866.007149 94 780, 177 297
PG865OL 2 3 22873.139968 165 436
NQ991BH 3 4 22875.333982 143 720, 174 132
IU125LG 3 4 22884.493772 115 840, 172 170
XS169FO 2 4 22891.488540 100 720, 156 360, 86 480, 165 173
JV009AD 2 3 22901.244927 163 441
DT559RO 1 3 22909.313683 142 633
LQ339VG 2 3 22918.924693 110 300, 114 342
CR757VD 3 4 22923.570075 166 720, 182 35
WH803EP 1 3 22924.104741 166 542
BW540BY 3 4 22925.499786 88 720, 169 370
IU858JW 3 4 22933.731357 156 360, 168 415
RX975UG 1 3 22936.671705 171 526
OJ498PN 1 4 22938.450989 121 660, 172 420, 176 363
XJ169EU 3 4 22940.866117 180 700
DM534ZA 2 4 22947.441186 188 840, 137 292
UB750ZU 3 4 22956.479625 189 540, 144 166
QY345OB 2 3 22965.179220 98 540, 168 113
RH956LS 3 4 22974.401718 147 857
KW867VB 2 3 22983.277210 96 750
IS400QH 1 4 22993.024115 95 840, 118 840, 181 204
RY767JA 1 2 22997.054657 123 146
EU418KK 3 4 23001.881224 165 763
OZ502HX 3 4 23008.110724 120 780, 138 234
AR872WT 2 3 23013.242826 113 420, 133 184
NU363WQ 1 2 23018.517059 84 214
RK922LW 3 4 23027.321778 182 540, 92 301
FO466JK 1 4 23036.907715 169 660, 137 762
UK610QJ 2 3 23039.082373 173 416
UB169AN 2 4 23043.885351 190 420, 154 480, 92 481
OM852II 3 4 23046.549175 148 360, 144 360, 127 164
SG704IS 2 3 23051.180597 80 900
GG734AI 1 3 23055.760195 173 420, 139 124
SS942LK 2 4 23056.442453 186 840, 104 401
XT549ZM 2 3 23059.138803 146 360, 111 175
QO362MK 2 3 23065.381883 99 540, 114 162
IL537YS 1 3 23067.910290 166 540, 189 1
VQ706PY 1 4 23072.043738 182 600, 171 624
CL421LB 2 4 23079.755104 147 840, 133 480, 164 65
ZV005IN 1 4 23081.634324 124 540, 189 720, 159 81
SR274EM 3 4 23085.825917 182 692
YQ307NW 1 2 23090.513706 102 176
ZW408LH 3 4 23091.132174 84 540, 167 300, 185 165
YP616PT 3 4 23092.195294 139 840, 153 60
IC953GG 1 4 23099.097953 127 540, 97 660, 117 712
JG490OQ 2 3 23108.832648 114 631
DE712QW 1 2 23113.481325 83 216
OT988XB 3 4 23114.379172 184 420, 128 380
DH052SI 2 3 23116.248371 167 431
WT521UO 2 4 23125.370070 165 540, 94 660, 94 498
ZG531DP 2 3 23126.279424 80 360, 103 300, 125 98
DZ911XE 1 2 23135.617625 81 222
JN925NQ 3 4 23145.350274 93 420, 186 360, 176 113
BV315PX 1 3 23149.458494 117 660, 112 114
PM217NU 1 4 23155.350804 116 600, 126 360, 123 420, 108 457
NL040EC 1 3 23163.920115 113 360, 116 425
NA644KN 2 3 23168.209563 96 720, 107 26
DM800EB 3 4 23171.584042 146 600, 95 404
XM553LC 2 3 23180.600809 152 360, 158 109
ZE801VJ 3 4 23186.916927 101 300, 168 569
SO747UO 2 4 23194.358008 139 720, 153 640
IZ250MM 1 4 23200.183544 127 600, 93 900, 80 420, 84 267
QS912GL 3 4 23208.598996 118 600, 121 456
PI050WK 2 4 23213.021381 100 300, 174 600, 116 420, 147 101
MB478EN 1 2 23218.721570 101 178
SK662AH 1 4 23227.645824 93 780, 175 360, 131 540, 144 67
OS039NY 1 4 23237.286572 123 420, 83 540, 163 480, 81 509
MJ788CC 2 4 23242.706880 87 420, 155 360, 183 577
UH174XN 2 3 23245.041599 121 300, 134 266
XO214NZ 1 4 23254.393239 127 600, 154 840, 168 62
NO367TX 1 3 23260.848213 145 540, 128 91
EH590RJ 3 4 23262.778312 129 780, 172 147
ZR517MB 3 4 23269.022473 183 660, 91 57
FJ284OF 1 3 23276.258590 93 780, 157 111
QS484KG 2 4 23281.017837 104 660, 184 360, 176 358
GQ278XV 1 4 23287.733530 122 360, 145 840, 91 480, 107 61
VK379OD 2 3 23290.548155 118 540, 90 92
ST353UD 3 4 23298.028966 84 840, 151 367
FY664UM 2 4 23305.309432 134 480, 183 720, 110 17
TR057AG 1 4 23309.881791 178 780, 131 360, 105 285
EO111FW 3 4 23315.268983 154 818
KO810QT 3 4 23316.679924 136 540, 96 360, 142 126
HL847WH 3 4 23320.541861 170 741
VC612ZR 3 4 23322.424984 87 660, 136 504
IX235IC 1 4 23331.956476 83 720, 92 600, 134 754
DC666UA 1 4 23335.422187 97 420, 148 540, 104 540, 107 366
HV728DG 1 3 23340.095154 181 497
ET616KE 3 4 23344.806180 144 480, 178 319
CC637XC 3 4 23348.175063 166 600, 179 147
IN723YC 2 3 23348.867511 101 712
LP694KK 1 2 23349.433175 169 106
DT008RV 2 3 23353.358320 159 452
FA387PZ 3 4 23356.881058 143 660, 120 263
NS902RP 2 3 23364.781448 83 660, 173 99
WO075WD 2 4 23365.477639 88 420, 87 720, 145 300, 137 400
MB194SO 1 2 23367.655985 107 168
ZJ803UX 1 2 23373.633832 130 138
MA996UG 2 3 23380.398219 174 413
YE025GQ 2 4 23385.360230 119 300, 112 660, 133 664
CW986ZP 3 4 23389.163252 93 420, 127 684
VL345XB 1 4 23398.008192 103 600, 118 720, 147 471
GG136EX 3 4 23406.475198 110 600, 153 392
BC380GH 1 2 23415.308016 141 127
WB572JT 2 4 23420.588093 123 900, 87 600, 161 218
UF197RG 3 4 23425.069763 107 900, 92 322
KZ491DV 1 3 23429.594389 81 780, 98 273
AF514XC 3 4 23439.378250 181 696
VM360TF 1 3 23445.097581 130 692
BT394FU 2 3 23445.685791 114 480, 120 144
LK532UC 3 4 23455.469847 89 900, 131 350
MG183IP 1 3 23458.016113 180 500
GH923XW 1 3 23466.220605 96 900, 147 24
JC148SE 3 4 23469.866786 136 360, 132 540, 126 45
SA294TA 3 4 23472.514639 186 660, 164 19
WP478HV 3 4 23481.662649 111 540, 160 412
BN763KT 3 4 23482.732397 125 780, 124 229
YB782CV 3 4 23491.802162 97 720, 148 379
XI103BG 3 4 23496.787441 127 300, 101 870
JH948DM 2 4 23498.234220 135 300, 153 840, 156 185
XU149MP 3 4 23507.016765 131 900, 137 59
MK465AX 2 3 23512.870438 136 529
VV397GX 2 4 23515.887259 177 360, 159 720, 93 212
XU183BI 3 4 23518.076734 130 720, 93 300, 152 29
AQ200DF 3 4 23521.282375 115 480, 141 502
HZ039SJ 3 4 23525.346843 119 660, 151 314
JQ161BR 1 2 23526.137880 118 152
WI241DR 1 3 23531.506886 88 600, 181 205
IM788ZZ 3 4 23532.511726 152 828
FA390CY 3 4 23537.506232 110 540, 187 356
AS066QJ 3 4 23546.916975 169 360, 125 480, 152 33
BZ686ZV 1 4 23549.492553 173 600, 96 540, 130 300, 176 121
JY817AK 1 2 23557.928635 106 169
GZ463SY 3 4 23564.116128 95 900, 82 493
PB740NF 2 3 23567.062935 140 514
WP800IG 1 4 23575.164571 134 480, 147 540, 92 480, 131 214
SX201BN 1 4 23584.945537 129 540, 84 540, 155 480, 91 292
VS506DH 2 3 23593.916194 113 637
IV363XI 1 4 23595.182044 133 840, 147 600, 186 86
HY550EV 2 3 23596.358340 92 660, 124 90
CJ197MI 2 3 23604.240245 106 360, 121 279
WF413OB 3 4 23611.608980 115 780, 171 212
RE348QE 2 3 23616.235776 95 720, 107 33
IF612AB 3 4 23620.466976 167 600, 106 243
NZ737BN 1 2 23624.194082 128 140
QV947ZT 2 4 23627.252205 102 780, 159 600, 101 228
YR702OL 2 3 23632.677801 144 500
ED049DX 1 2 23634.745436 89 202
UV005CO 3 4 23640.072009 129 900, 149 66
FC575GV 3 4 23644.126378 103 360, 165 360, 178 165
FN800TI 2 3 23646.434863 107 540, 167 85
TF273BI 3 4 23652.140518 135 600, 132 340
PY250WN 3 4 23658.803487 164 768
BP650KN 3 4 23666.540645 169 745
JM201FG 1 2 23669.556392 178 101
LS106SH 3 4 23677.608946 164 768
HC826VK 2 4 23687.018791 134 660, 106 780, 110 244
KA335CW 3 4 23692.744699 96 540, 143 360, 149 152
PF919RW 1 3 23700.921027 100 600, 85 352
QF458DA 1 4 23707.208528 94 540, 122 660, 97 660, 143 144
AB251YX 2 4 23715.495236 168 780, 82 480, 130 212
HE127SL 3 4 23721.805439 95 900, 103 393
LT153NX 3 4 23730.799178 135 300, 178 360, 173 123
MA236HD 2 3 23740.151450 177 406
PZ217LF 1 2 23747.340969 151 119
LV178OM 1 2 23757.004333 92 195
FS346CK 2 3 23757.594509 125 420, 113 172
PE402CY 2 4 23763.361159 164 600, 138 721
NF853KW 1 3 23768.248639 156 300, 128 337
AZ957TZ 3 4 23774.900777 188 670
KD880RF 2 3 23781.562934 134 537
RS726GM 2 3 23787.213432 112 642
BF033UB 1 3 23790.133473 168 535
XS997HL 2 4 23792.728680 94 360, 148 840, 126 316
OD773LS 2 3 23801.681300 120 540, 171 42
IH638IL 3 4 23802.584500 110 780, 170 236
KV207LB 1 2 23808.727936 163 110
AP836PY 2 3 23817.697009 181 397
TT964NQ 1 3 23824.147581 133 480, 159 164
ZW929GI 2 3 23829.820103 124 360, 106 258
NA133RH 3 4 23838.332136 181 696
ID113UI 3 4 23841.135519 181 696
BW792NK 3 4 23842.921479 141 360, 173 434
LS607AR 3 4 23850.705564 117 900, 182 113
RU684HL 2 4 23858.561073 146 420, 109 720, 161 361
YZ485UD 2 4 23865.155936 120 540, 186 480, 162 271
XL499IV 3 4 23867.470454 106 300, 98 660, 130 227
FY869OT 1 3 23874.729263 121 540, 133 185
MU971WO 1 4 23882.342423 153 360, 172 540, 155 438
CR699SV 2 4 23887.265962 131 360, 96 900, 157 410
MQ497VE 1 2 23896.401527 83 216
FD934YN 3 4 23902.176379 112 300, 119 600, 175 120
ZL568TD 3 4 23910.058596 155 600, 90 366
OQ619FC 1 2 23912.715916 172 104
OZ933BE 1 3 23918.271044 136 600, 135 62
PF614TV 1 4 23928.061518 180 600, 114 540, 142 300, 139 27
GR721TC 2 3 23930.782226 150 480
RZ828PT 1 3 23934.779243 106 660, 181 110
OR569LY 2 3 23936.175004 84 600, 113 191
KL625FB 3 4 23937.550342 172 600, 155 147
MH729WD 1 4 23940.547071 131 660, 172 753
LS264JI 2 3 23942.468092 147 489
SK253FF 3 4 23949.868019 108 360, 88 600, 86 399
HH739IY 1 3 23955.802725 186 483
XA304BP 2 4 23965.710081 93 900, 88 900, 113 310
MN405AR 1 2 23968.490311 187 96
AH264UF 3 4 23970.043389 142 360, 169 443
OD343HE 3 4 23975.249485 175 480, 179 234
RF265AW 1 4 23979.715785 112 660, 138 840, 95 275
ZF571QH 2 4 23981.229864 181 420, 92 720, 81 688
BH923JT 1 3 23983.109187 144 600, 83 43
VA483CS 2 3 23987.472030 175 411
MS261XC 2 4 23991.784469 99 480, 129 840, 120 351
GK380HE 2 3 23997.156433 84 540, 159 167
KO921PI 1 3 23997.861077 185 486
FE347PD 1 3 24006.229026 155 300, 135 322
PQ612VI 2 4 24011.451766 147 900, 162 405
HY393IC 2 4 24018.395470 185 360, 125 360, 80 600, 80 480
BE241SW 1 3 24025.370485 160 300, 145 289
QF784HU 3 4 24025.979760 86 420, 178 504
ZM110HZ 1 3 24034.882298 106 420, 155 293
KE087JS 3 4 24038.094247 132 420, 187 377
QK755XE 1 3 24047.593286 94 360, 121 300, 153 129
XC925LE 2 3 24048.751902 160 450
GR054FG 1 2 24054.572965 172 104
IX876AG 3 4 24059.341083 174 660, 125 89
JB323CM 2 3 24069.047676 182 300, 128 135
LH821US 2 3 24071.116189 97 300, 82 523
FC289VF 3 4 24079.221285 170 741
MG198RA 1 3 24082.113166 150 600
AA802KK 1 4 24083.244356 184 300, 169 660, 177 278
DB245CF 1 3 24088.804649 147 612
RW622WI 2 3 24098.086063 83 360, 134 314
ST713IK 2 4 24104.803142 122 660, 178 660
TY799YR 2 3 24113.433089 109 540, 165 79
SH780CK 3 4 24122.462583 98 540, 184 360, 132 51
EJ530YT 1 2 24131.029046 185 97
ZM552EE 2 4 24139.994674 113 540, 175 480, 162 327
XV292FA 3 4 24149.895181 176 660, 112 87
IV760NB 2 4 24156.217027 136 900, 145 521
UT716SO 1 4 24165.208389 136 720, 141 420, 156 377
AD609BE 3 4 24169.974009 168 600, 101 249
BC794BK 3 4 24174.642979 126 900, 116 108
FB648BC 1 3 24182.163348 146 600, 156 15
CU083FU 2 3 24187.332576 140 514
OV946FX 3 4 24189.386104 90 360, 122 720, 155 37
XV761RL 1 4 24190.774802 164 840, 81 720, 134 148
QJ777ET 2 4 24198.044426 137 480, 182 726
AK121BI 2 4 24208.001436 121 480, 89 900, 107 480, 126 67
ET855FB 1 2 24208.832630 152 118
YF056JE 2 4 24215.594604 89 480, 181 540, 170 300, 126 51
CO385DB 1 2 24216.295416 181 99
DQ514ST 2 4 24224.384200 125 780, 123 300, 122 521
FO782RA 3 4 24227.881715 105 540, 144 360, 152 114
WT725MG 3 4 24233.830524 146 780, 89 136
LA296RZ 1 2 24238.463711 119 151
KA114IA 2 4 24245.131143 98 420, 100 660, 189 420, 156 73
RB293RG 1 4 24254.806758 181 360, 128 900, 82 434
SA350XA 2 4 24258.399267 153 360, 172 480, 110 548
LH797FP 2 4 24260.938425 94 900, 99 420, 97 740
IF639EC 2 4 24263.595949 85 540, 186 360, 127 670
ZE598QO 3 4 24271.979781 118 660, 148 325
ME077FW 1 3 24278.552653 188 420, 143 77
JM757RH 1 2 24279.083238 159 113
AR696UP 1 3 24287.290549 124 480, 108 282
LO324PT 3 4 24295.843539 92 900, 143 300, 168 1
OC940TN 3 4 24303.086338 100 720, 144 375
QK284WS 2 3 24306.631177 144 500
JR192JG 3 4 24309.752249 155 300, 164 484
WV363UP 3 4 24312.603436 156 300, 181 437
BR324VI 2 4 24313.909614 154 660, 109 360, 167 342
HG433BD 2 3 24319.471129 166 300, 86 258
GF032CJ 2 3 24326.590252 117 360, 88 339
QS786QZ 2 3 24334.515035 111 420, 170 149
YC517PL 3 4 24336.273543 170 300, 108 694
CV508JT 2 3 24342.560888 133 360, 88 274
KW366OL 1 3 24351.505024 130 692
WZ065XC 3 4 24354.249358 154 420, 125 490
NO290EC 2 4 24358.998999 189 540, 83 720, 113 320
OF099OC 3 4 24363.086651 84 300, 127 360, 105 524
FZ371FD 3 4 24369.320933 96 480, 172 464
RW838RY 1 3 24370.835040 145 620
EJ876QL 1 2 24373.661319 98 183
BA291CM 2 4 24383.070411 129 360, 175 866
ZX349LW 1 4 24392.504723 173 360, 168 540, 159 396
HX698JV 1 2 24398.959341 107 168
UE025MF 2 4 24406.557223 95 360, 175 360, 108 600, 126 285
VC056ZH 1 2 24414.119809 184 97
QJ499SO 3 4 24419.481029 106 660, 159 352
JU960XA 3 4 24424.631434 92 420, 120 728
JN790MZ 3 4 24428.708312 156 300, 165 480
JC969OO 3 4 24430.541326 106 420, 186 438
HZ458LS 3 4 24439.289608 166 420, 99 420, 176 83
HT179EI 1 4 24446.225294 136 600, 127 480, 98 300, 115 360, 96 27
VD724YB 3 4 24455.675257 82 600, 156 492
XK681AI 3 4 24457.437779 150 780, 190 47
US538EU 2 4 24461.493323 137 720, 183 542
SX499CP 2 4 24468.125719 102 360, 149 480, 142 540, 135 96
CM511GG 2 3 24472.070599 93 660, 105 101
JY230AP 1 3 24475.090763 120 750
JZ377OZ 1 2 24484.016857 141 127
LZ505IH 3 4 24484.557613 144 600, 82 482
AG354GJ 3 4 24488.805242 130 720, 157 206
GB127ZL 1 3 24489.724317 86 900, 139 90
QC305TH 3 4 24490.584403 99 780, 134 364
LN868GE 3 4 24494.485394 176 360, 105 540, 161 36
BV711BN 1 2 24495.511566 81 222
ZR859DO 1 3 24504.363461 145 300, 135 344
XV731CX 3 4 24514.044263 190 420, 176 262
WY043BC 3 4 24520.843561 112 600, 117 480, 157 16
GK213UY 2 3 24524.154883 82 420, 112 335
OU521TT 1 3 24527.223128 174 517
WG587NF 3 4 24530.659024 179 703
FD575MK 2 4 24537.146419 109 840, 122 840, 155 25
AL004JZ 3 4 24538.715926 129 540, 86 600, 85 55
OK020TB 3 4 24539.401082 183 688
HF234ZB 1 4 24539.955914 180 300, 147 720, 148 379
VL287VL 2 4 24542.862763 153 840, 141 420, 110 93
QJ502GU 3 4 24551.763365 97 840, 139 320
ES481KS 2 4 24558.997258 89 480, 122 420, 190 300, 131 359
RT081PD 3 4 24566.046994 159 792
XR274WX 2 3 24573.724839 185 360, 186 29
AK100SC 1 4 24581.440255 180 600, 129 837
ZO852KT 2 4 24582.015946 90 420, 176 720, 151 221
ZB788AQ 2 3 24583.748699 181 397
OY735LA 3 4 24589.202186 122 300, 178 502
ZT450DJ 3 4 24594.469494 168 750
JP335NG 2 3 24598.656921 126 571
GZ207DH 1 3 24600.260792 164 300, 133 306
LA427GB 1 4 24602.411317 117 420, 80 300, 97 360, 115 540, 153 299
NH779WZ 3 4 24606.522526 182 540, 137 202
RS171DY 2 4 24616.158865 97 420, 143 900, 130 219
CM159ES 1 3 24622.026338 175 480, 170 35
ON553FJ 2 3 24625.751777 154 467
UT262FF 3 4 24630.915735 127 900, 145 80
IA207MF 3 4 24636.891779 176 480, 157 264
OQ743ID 1 2 24641.185162 173 104
VL393PT 2 3 24649.500952 140 300, 129 232
SE449MN 3 4 24658.198212 143 540, 91 536
LE824IH 2 3 24666.057434 135 533
CO960DD 2 3 24670.672907 94 360, 144 265
ZP692CW 2 4 24671.721288 130 720, 114 780, 114 135
PM596CI 1 4 24675.462081 174 300, 186 480, 103 660, 145 45
GE189MO 2 3 24681.677059 141 480, 94 45
GQ212JP 2 3 24687.717439 174 413
SW529CL 1 4 24690.663505 167 720, 117 818
VX205JU 1 4 24697.429988 116 540, 117 660, 160 475
MN467ZU 3 4 24704.692981 130 480, 150 424
UG587QV 1 4 24711.834437 146 780, 112 480, 152 300, 149 18
WT833JL 2 3 24713.293020 97 540, 96 204
HZ516TE 1 3 24719.534361 144 480, 118 176
CE083XU 2 3 24726.872465 165 436
FF736NH 3 4 24736.060019 114 780, 151 245
II311JV 2 4 24740.693912 149 840, 86 780, 182 31
RV763NR 2 3 24744.926110 169 426
YA317EG 3 4 24753.358262 102 840, 164 245
LX463UI 2 3 24755.045205 180 400
CZ768UT 2 4 24757.516611 151 660, 189 360, 180 168
DW354IL 2 3 24765.067742 138 420, 95 147
KD010GK 2 4 24765.633150 175 840, 154 331
BP959YK 1 4 24769.432457 113 480, 164 900, 104 136
ZP749ZZ 1 3 24778.908685 118 720, 163 30
WC156BS 1 4 24781.275123 163 540, 91 900, 166 277
SX311IQ 2 4 24784.840111 112 900, 177 549
VW961CD 1 4 24787.735238 129 540, 180 420, 84 780, 117 44
YN587VK 2 3 24792.600945 173 416
WX244SP 3 4 24801.574011 94 420, 98 882
IA010HY 1 4 24807.454325 163 660, 105 540, 144 359
TC444CK 3 4 24811.209187 143 881
HI354OU 3 4 24814.474680 143 540, 87 560
EW067BN 1 3 24820.200743 160 562
XC560YT 3 4 24826.094434 98 420, 108 660, 152 89
OY963MI 2 3 24830.065697 117 480, 160 99
BB946IF 1 4 24837.591498 182 420, 95 480, 94 840, 100 150
JN471PS 1 4 24840.987583 128 900, 99 300, 116 540, 166 50
MP923TU 2 3 24850.261762 144 500
HW433XC 2 4 24851.755995 160 420, 166 787
TO509PI 1 4 24855.074545 113 840, 130 360, 140 530
RB825DS 1 2 24862.065499 133 135
NY482BA 1 2 24867.576034 170 105
DH537CX 3 4 24871.659198 160 720, 105 102
WI249PC 2 4 24876.860296 154 840, 118 581
NI178QR 3 4 24885.284011 108 720, 188 256
TD174KV 1 3 24885.869895 163 300, 83 495
HE638LC 2 4 24888.607520 139 780, 142 630
SK659VE 1 4 24897.588374 135 840, 142 300, 151 397
AW221XC 3 4 24906.656072 130 840, 106 158
ML462UH 1 3 24910.884452 156 540, 119 48
SG076PO 3 4 24911.527660 181 540, 184 153
JC958CF 1 2 24916.443496 124 145
PU863VX 2 4 24917.836745 148 840, 156 472
NA543DA 3 4 24927.001564 149 600, 91 402
IC117WO 1 3 24931.529509 175 514
FF169WC 2 3 24936.432088 183 393
HW016YW 2 3 24943.606625 120 600
UP984HS 1 3 24948.564670 80 840, 109 209
UQ972BD 1 4 24949.234444 129 540, 104 540, 85 720, 166 174
IA265RU 3 4 24955.325929 176 660, 147 66
LG047RL 2 4 24961.157904 132 720, 111 780, 136 120
EK943KF 3 4 24963.100409 144 540, 143 300, 134 39
FV684AW 2 3 24970.038015 119 600, 169 3
AB217EF 1 2 24975.294946 185 97
OV902CV 3 4 24977.515136 178 660, 164 51
PL449WR 1 2 24987.355919 161 111
YB244KN 2 4 24992.916594 85 720, 121 840, 112 313
QK445DB 1 2 25001.090308 158 113
GG274GI 1 3 25005.665820 115 540, 183 152
EI315VT 1 3 25014.730740 163 480, 115 102
AR718FP 2 3 25023.448668 136 420, 137 108
RS006YL 3 4 25027.077190 115 540, 188 339
IH099CL 3 4 25027.645879 112 540, 89 360, 181 184
CX165UL 2 4 25030.454821 106 540, 167 480, 174 348
EO973LY 1 4 25032.859350 131 840, 106 300, 81 720, 92 172
GJ019UQ 3 4 25033.650085 83 900, 123 417
LD861CG 3 4 25038.708127 122 780, 104 296
PG767YL 1 3 25040.906718 95 480, 123 360
DQ473FP 3 4 25041.424789 99 600, 85 360, 189 190
HA364PD 1 2 25042.228775 145 124
BT711KT 3 4 25046.099186 188 360, 165 353
IZ509CU 3 4 25053.444133 170 480, 169 262
UV745BB 3 4 25062.433376 88 480, 84 780, 98 186
WF211DZ 2 4 25063.660878 103 720, 96 660, 190 318
VH873BJ 1 2 25068.108727 131 137
GT017LQ 3 4 25071.880023 147 420, 146 420, 168 17
KW858FN 1 2 25081.064076 163 110
KV633TP 2 4 25089.793743 92 720, 178 720, 133 27
BF304FF 2 4 25097.879396 167 420, 93 360, 106 300, 166 376
NR615FM 1 2 25107.365839 182 98
HL385PC 3 4 25112.824480 179 480, 181 221
SK972DO 3 4 25117.366271 121 900, 82 208
RT199WC 3 4 25123.928900 190 663
VH702AI 3 4 25126.542276 113 360, 184 300, 173 174
FU518IL 2 3 25136.154976 123 585
KW657TW 3 4 25139.779759 181 696
GA096KC 1 4 25141.025687 162 780, 165 360, 111 272
CU345QU 1 3 25150.252561 152 592
KO083ZK 1 3 25152.769648 182 494
GH821GL 2 3 25156.713171 115 360, 90 340
XY153IA 2 4 25164.880586 180 480, 141 660, 86 215
PO924XV 1 4 25172.916461 163 540, 170 600, 112 231
GH243EI 3 4 25178.298391 83 540, 185 360, 94 155
SM650MN 1 2 25188.181046 146 123
DF041EV 1 2 25191.483502 122 147
HC221HY 2 3 25196.214539 94 660, 119 83
HB775VI 2 4 25202.447999 172 480, 173 667
ZB585KY 1 2 25211.784195 147 122
BK502XS 1 2 25219.353080 167 107
RP046OK 3 4 25223.850872 154 660, 159 153
MK567RN 3 4 25225.253245 126 420, 88 300, 172 271
DT299HD 3 4 25233.320422 94 420, 178 420, 127 92
OV679AN 1 3 25241.422282 104 480, 132 303
WY307SG 2 4 25244.349056 99 660, 167 540, 96 360, 169 46
FE677NY 1 4 25253.446205 187 300, 127 300, 108 420, 116 600, 83 82
ZI840HA 1 4 25261.106741 172 780, 137 480, 160 100
BA813MW 2 3 25269.207274 117 615
TF519WC 1 2 25270.281084 171 105
CM809QM 1 2 25275.199997 156 115
BQ586DQ 3 4 25281.661149 133 780, 140 159
ZC708FX 3 4 25289.025803 173 360, 99 480, 171 94
NG410TM 2 4 25292.547924 173 660, 103 300, 149 355
VJ694JX 1 2 25296.281977 173 104
HD637FL 1 4 25301.689929 85 600, 177 720, 117 300, 124 19
NU068CB 3 4 25306.044160 162 420, 116 300, 142 163
BG649HV 1 4 25309.614488 132 720, 115 780, 165 189
FU143LU 1 2 25315.706026 94 191
LM744PT 1 3 25325.516330 82 720, 189 163
GI476VO 3 4 25334.769442 151 834
JC695XI 2 4 25341.045306 88 360, 149 900, 99 325
MC517YG 3 4 25349.792481 117 780, 168 206
ES504HO 2 3 25352.449206 180 400
SE823LY 3 4 25358.075532 169 660, 160 90
TU208GE 1 3 25365.523070 132 660, 134 21
HU829ZQ 1 2 25367.633658 170 105
EV398PN 2 3 25372.290125 168 428
OH232RB 3 4 25376.263075 130 840, 112 150
RH147SQ 3 4 25377.794993 145 540, 108 441
FQ331XG 3 4 25378.680754 153 420, 133 420, 129 45
FK880RY 3 4 25385.277991 95 360, 94 720, 122 197
AR127VS 2 3 25390.507566 133 541
UU519SA 1 3 25391.616970 160 562
BQ606GU 3 4 25393.432396 136 840, 129 91
VP321KH 3 4 25396.957124 86 900, 161 301
TB052HJ 3 4 25404.589582 179 703
JX912PG 1 4 25408.890602 145 780, 150 300, 185 312
PD250QS 1 2 25417.595891 174 103
XE972XG 2 4 25420.670919 98 840, 90 660, 128 420, 180 14
KQ655MJ 2 4 25422.890099 170 900, 179 251
OP423VZ 3 4 25429.861641 133 360, 83 900, 106 32
UV847VW 3 4 25434.774453 82 780, 95 653
PI535MM 3 4 25435.588006 185 681
XH035KY 3 4 25436.566761 182 692
HY654LC 3 4 25437.531320 143 780, 103 140
JZ119JR 1 2 25446.804462 137 131
XA459TX 1 2 25448.357618 160 112
YJ882OY 3 4 25454.970800 176 360, 147 426
DD598BT 2 4 25455.618679 82 780, 121 420, 183 454
HT256KE 1 4 25459.997355 189 780, 146 469
OB878DL 1 4 25460.933418 163 600, 121 360, 84 888
MJ452DS 1 4 25465.814961 112 300, 131 300, 84 900, 180 375
ZV451CW 2 3 25466.578599 142 507
NY716JP 3 4 25471.398932 106 300, 148 636
VJ314EJ 2 3 25475.628660 187 385
UM419HR 1 2 25481.245710 147 122
GP127SR 1 3 25489.238994 88 660, 175 182
JI085TZ 3 4 25490.005529 120 780, 187 173
XN675MZ 2 4 25492.564457 149 420, 182 360, 97 480, 119 196
OC274UC 1 2 25501.426047 127 141
VL864DN 1 4 25502.571163 190 360, 123 660, 118 562
PN943NY 3 4 25512.463715 162 660, 140 136
OR568SC 1 3 25513.887802 158 569
KB858SE 3 4 25516.501965 129 300, 129 420, 81 408
ES178VX 1 2 25517.143630 143 125
OH521BM 1 4 25518.442307 88 420, 135 420, 98 600, 177 358
MT786RS 2 4 25521.373967 80 840, 151 600, 145 277
LX426BS 2 3 25528.677458 99 360, 158 230
HG123RI 2 3 25534.204662 140 514
BS000UD 3 4 25541.807915 104 780, 175 256
VA176ZG 2 4 25548.025664 136 540, 188 300, 137 497
KZ600QR 2 4 25552.081927 132 780, 117 660, 86 207
DH905PE 1 4 25561.342325 158 420, 169 480, 86 796
WS797DG 1 3 25569.616595 119 300, 117 464
RU809TU 3 4 25578.538442 112 540, 167 392
QQ707LE 3 4 25586.271953 188 360, 189 308
CR116RA 2 4 25588.624316 101 480, 128 420, 134 360, 143 332
IT946WR 1 2 25596.309158 138 130
LQ721EM 1 4 25603.829419 155 420, 91 480, 146 420, 106 433
UJ796TN 3 4 25613.721742 156 807
EH141BV 2 4 25619.151400 188 360, 119 420, 145 554
VN063BT 3 4 25626.254464 82 900, 127 411
RP446GK 1 3 25633.015659 142 600, 167 28
QX100EI 2 3 25642.808945 148 486
XA496FJ 3 4 25649.848204 97 720, 175 320
KS694OP 1 2 25659.593969 185 97
ZR701ZH 1 4 25667.568759 90 660, 105 300, 140 300, 176 472
XJ050EV 1 3 25676.361846 96 600, 104 300, 163 7
MO330JK 3 4 25678.483255 119 480, 127 542
XX002QY 3 4 25685.163568 132 840, 101 149
TP348DD 2 4 25692.710808 92 600, 130 660, 102 558
IG549JG 2 3 25699.084545 119 605
XT078VM 3 4 25708.653972 119 720, 149 270
JJ145YQ 1 4 25714.246232 179 480, 133 720, 85 360, 100 37
PS310JJ 2 4 25722.690309 168 480, 162 420, 179 275
YC392DW 1 3 25726.990141 147 612
CG014FK 1 4 25732.333258 168 720, 115 780, 91 58
PF708JE 3 4 25738.618797 147 660, 86 336
MW269YA 1 2 25744.178586 113 159
TR799HC 3 4 25750.965293 134 720, 97 300, 141 2
UB776QV 2 3 25754.444108 171 421
MY633KI 3 4 25763.478135 173 728
TO029FS 3 4 25765.719761 181 600, 128 135
SP709DD 1 3 25772.924182 185 420, 155 79
RB758SO 2 3 25782.388833 176 360, 120 71
WF972YZ 3 4 25786.900582 83 480, 180 478
ZN046VH 2 4 25791.415504 151 540, 189 616
LE716QI 1 3 25797.779014 114 789
WF179TR 2 3 25804.977903 171 421
OI526FN 3 4 25805.897729 181 480, 120 326
XL814CS 2 4 25813.847446 156 540, 189 480, 173 133
PO969SI 2 4 25818.859398 174 840, 147 352
AW469OR 1 2 25825.817886 151 119
ZP713KL 2 3 25832.552924 156 461
JZ805VX 1 3 25836.470537 108 480, 141 270
RF064EV 3 4 25840.770461 118 720, 161 254
HR262XC 1 3 25846.441457 162 555
LI582HL 2 3 25853.075543 157 360, 112 138
YP553JV 2 3 25854.257977 145 496
NE170CL 3 4 25861.503134 138 480, 187 319
RK422FM 3 4 25862.081350 128 840, 190 97
RT398VE 1 4 25866.116822 118 660, 132 840, 124 219
PY298PG 1 3 25870.974418 162 360, 129 245
DP240HR 2 4 25879.729978 136 600, 185 629
UB137XU 1 4 25889.553764 117 360, 142 780, 109 480, 98 110
DO412CH 2 4 25893.491890 155 540, 135 600, 185 180
TZ639IE 2 3 25902.003515 178 404
TK746VS 2 3 25911.169571 136 529
UP167DP 2 4 25913.437957 150 360, 108 600, 85 660, 159 145
GW819ZK 1 3 25917.028616 140 642
IP376WW 3 4 25920.062874 90 480, 118 360, 141 285
WA270EP 2 3 25920.702210 125 576
MD154SD 3 4 25924.017921 154 420, 99 300, 181 174
XD562QM 2 3 25927.525652 147 489
CW301FX 3 4 25929.867834 142 480, 103 561
SC155RF 3 4 25939.482801 172 600, 116 196
AO942DO 2 3 25947.848369 138 521
QX152WL 1 3 25951.637386 127 300, 158 300, 144 31
VO937QV 3 4 25956.401492 158 797
SA255KI 1 4 25960.698094 157 420, 85 660, 107 540, 186 194
UF271VE 2 3 25963.256810 150 480
PB200NA 2 4 25968.331476 178 660, 127 480, 91 214
VU681KU 3 4 25970.118655 145 540, 174 274
EL830VL 1 4 25975.769689 83 780, 170 600, 132 373
YE005FS 3 4 25978.541286 163 600, 97 290
JL427HR 1 2 25988.219043 140 128
PO402AS 2 3 25995.969619 142 507
AI238AP 3 4 26001.311056 106 900, 91 336
GD858KA 3 4 26009.824870 168 750
MK597CO 2 3 26011.175794 166 433
LL107TO 1 2 26014.303079 148 121
OU639YX 1 4 26021.322975 80 900, 120 540, 101 360, 165 259
JB707VY 3 4 26023.329200 88 420, 148 300, 142 314
QL652PR 1 3 26027.590755 88 780, 118 181
NO399DH 3 4 26031.782382 133 840, 141 101
OO516XC 3 4 26037.441931 158 540, 98 415
GP822LA 1 2 26042.659511 189 95
IS531CX 3 4 26052.599981 96 720, 92 420, 152 119
BM806YQ 1 2 26057.165600 105 171
ZS714XW 2 4 26059.247563 118 780, 164 646
GV266LM 3 4 26063.328321 119 480, 176 391
UL384BX 2 3 26072.175578 90 540, 145 161
SA662NP 1 2 26080.603579 187 96
CG751VD 1 2 26083.716225 138 130
OH892LS 1 2 26090.615908 95 189
DX705JJ 2 4 26096.621588 128 360, 117 840, 186 288
FY587IG 3 4 26100.388381 125 360, 169 420, 93 107
FB532YJ 1 2 26107.221166 113 159
PM724SD 2 4 26112.310321 159 420, 92 420, 129 360, 141 327
XY073JD 2 3 26115.038542 165 436
CD620XR 2 4 26119.630438 167 540, 175 616
DT021EH 1 4 26129.505937 90 660, 82 660, 153 360, 86 420, 177 63
LC724CZ 2 3 26130.125637 104 540, 144 110
DO183OC 2 4 26140.033619 140 360, 85 660, 175 522
GV075RC 1 4 26149.194441 111 660, 84 840, 110 480, 102 189
JP339JM 1 3 26150.215337 165 480, 121 89
IS961NP 3 4 26151.027081 157 540, 135 305
FB929HD 2 4 26160.761082 80 540, 82 660, 179 420, 138 184
TW800ZC 1 2 26164.822367 144 125
IX632YT 2 4 26168.909150 155 660, 114 360, 134 407
ME191ON 1 2 26169.518936 88 204
YI980RI 3 4 26178.306608 170 540, 171 200
OP292YE 3 4 26185.433227 182 360, 190 318
JD156LB 3 4 26192.270677 156 807
GC634SH 1 4 26201.245471 140 360, 91 840, 96 300, 157 384
RU649IM 3 4 26202.760705 151 600, 152 232
ZD864BI 1 3 26210.575772 142 633
YA602SZ 2 3 26215.803686 164 439
XV532IG 2 4 26220.434686 152 600, 176 300, 142 380
AK968WH 2 3 26223.672781 164 360, 188 68
EX720UN 2 3 26225.735865 141 300, 189 157
WZ946AU 3 4 26231.563237 100 900, 148 243
FR307VI 2 3 26233.478057 159 452
CZ410WO 1 4 26237.821197 154 900, 110 540, 187 96
BD811XA 2 4 26247.143796 150 540, 111 420, 155 454
WJ276AV 3 4 26249.433198 180 700
CW876JI 3 4 26252.665673 135 660, 142 259
ZL854UG 1 3 26254.027107 81 660, 85 429
BO370CP 3 4 26260.185892 176 600, 164 124
OG661BL 2 3 26261.778313 136 480, 114 58
TF863JD 3 4 26269.900726 125 540, 168 348
CO600LI 1 4 26273.119084 138 720, 149 420, 170 318
RZ513KQ 1 2 26278.356406 152 118
OL895CK 3 4 26288.082247 172 720, 143 15
AG397MH 2 3 26296.067676 172 418
RS707VH 2 3 26297.443357 182 395
YO316HP 3 4 26298.479969 179 703
TX850GO 1 2 26303.341341 80 225
NQ043EW 2 3 26308.429484 179 402
LB978LA 2 3 26318.011433 122 590
YW187DZ 2 3 26324.050141 155 420, 142 48
UY990KX 3 4 26327.646191 150 780, 113 79
CW023RA 2 3 26333.740947 143 503
LC303HH 3 4 26337.445183 158 360, 139 497
MF984BE 3 4 26344.846326 162 777
OZ890SE 3 4 26351.368913 140 780, 123 136
ZD066GO 3 4 26358.593832 163 660, 119 154
GD657RG 1 4 26366.681972 168 420, 186 720, 96 119
BK106XX 1 3 26373.177898 160 420, 89 256
TG754FY 3 4 26382.287700 121 300, 183 300, 90 386
DQ028NZ 2 3 26389.992273 147 489
ET296MZ 3 4 26398.434875 173 720, 100 14
IX991CW 2 3 26407.750380 85 720, 127 85
EP276YH 2 4 26411.905939 165 720, 181 437
JZ293QC 1 3 26419.293032 111 810
RY696MY 3 4 26424.434428 118 540, 175 355
JP869SM 3 4 26425.257530 124 360, 99 480, 154 219
HI632KH 3 4 26432.993896 166 480, 100 300, 101 161
QE614NK 1 3 26435.293847 102 540, 173 201
NJ635WB 3 4 26439.180019 112 720, 160 283
BC746EN 2 4 26448.136795 125 480, 107 600, 171 360, 162 75
QN011KR 2 3 26453.034802 179 402
VF898DF 1 4 26460.297867 101 480, 183 540, 102 673
SG880GS 1 3 26464.560877 153 588
KT709UH 3 4 26466.465900 160 787
TN326WW 1 4 26471.016469 93 780, 187 300, 144 606
DA789NK 3 4 26477.679181 127 840, 168 115
RU569HF 1 4 26478.452677 100 660, 127 720, 163 359
UM970LW 2 3 26481.589402 148 480, 184 5
GT532NK 3 4 26482.962393 133 480, 87 600, 101 98
KV414IS 1 2 26491.674609 116 155
RU294JG 1 4 26500.699641 89 420, 99 420, 150 660, 125 304
PV559KK 3 4 26503.580780 86 780, 110 300, 163 159
HP646KA 1 4 26513.434426 136 600, 158 840, 165 10
QE006RY 3 4 26521.361931 190 663
NH727XX 2 4 26530.899630 110 840, 101 900, 112 131
HY225TZ 3 4 26531.767374 94 480, 113 420, 127 263
KL406YG 1 4 26538.015044 111 360, 115 600, 150 660, 181 44
TC522ES 1 4 26543.692462 128 660, 174 480, 119 403
HG228TC 2 3 26550.439310 144 360, 109 184
QA374WW 3 4 26551.413518 188 540, 174 140
JO297YB 1 2 26560.599810 174 103
VV116UB 1 2 26561.670615 128 140
NQ881ZO 2 3 26564.027221 157 458
NV864MK 3 4 26565.883175 183 660, 184 28
XN591RY 3 4 26572.740909 145 868
CX707KV 1 2 26578.742470 88 204
XZ035OU 3 4 26580.813999 188 480, 152 235
VA813MN 3 4 26581.730840 147 600, 95 397
JW734QQ 1 3 26583.669873 83 840, 166 122
ET022HA 3 4 26584.252117 128 300, 92 300, 116 517
SJ501ZZ 3 4 26588.717769 177 540, 181 168
KL206WN 2 3 26595.932580 159 360, 109 135
YC745CY 3 4 26599.534684 153 480, 138 380
AJ794WQ 2 3 26601.940999 157 458
RL288LZ 1 3 26607.222515 140 360, 107 370
FN705EF 3 4 26608.007422 177 300, 141 517
ZH790KF 2 3 26617.579233 100 360, 163 220
OK125ZQ 2 4 26623.231399 183 480, 189 360, 111 379
UU992XY 2 4 26626.312955 133 660, 127 600, 169 201
UU689EB 2 4 26633.745822 155 780, 80 300, 137 387
QF761VU 1 3 26635.686845 104 420, 165 280
UP514MU 3 4 26640.467745 115 600, 140 407
JV184MG 2 3 26645.323318 149 483
JB088TE 1 2 26646.075867 99 181
ZJ114PC 1 4 26653.752640 119 360, 116 780, 183 451
CU754XQ 2 3 26656.924421 128 360, 161 160
ME148XX 1 4 26666.871067 145 780, 98 660, 93 410
KQ078MB 1 4 26673.131088 140 360, 112 840, 188 380
FD982OU 2 4 26676.515426 140 720, 144 360, 92 493
KE063CF 3 4 26680.592986 151 834
BC063VO 2 4 26682.262220 140 360, 151 840, 187 111
OH959FB 3 4 26685.178944 89 480, 80 720, 96 267
WS943EI 1 3 26689.372689 155 580
EY038FA 3 4 26693.801649 102 480, 114 675
GD388YI 3 4 26701.763800 98 540, 139 525
SR662VM 1 2 26711.713412 152 118
XZ896EM 1 4 26718.284852 132 900, 99 840, 111 126
CE667LK 3 4 26723.803866 185 681
IN474KO 1 2 26726.326747 113 159
EH053GS 1 2 26729.082998 163 110
RL672EM 1 2 26732.174495 113 159
KV972BU 3 4 26737.318110 107 660, 167 331
TB906IW 2 3 26744.716679 114 631
CP994MJ 2 4 26747.100897 120 480, 107 780, 119 300, 82 259
VF554CG 1 2 26752.671741 116 155
UR748VV 3 4 26761.066252 96 420, 159 538
ZS147OJ 3 4 26765.369318 136 480, 88 690
LM187SH 1 2 26770.897557 106 169
IM709BT 3 4 26775.953359 174 724
QB503CA 2 4 26779.499364 108 900, 82 360, 145 491
PH524YQ 3 4 26788.896633 183 540, 133 204
LN206PJ 2 4 26795.506943 111 900, 103 420, 136 403
EH727NL 3 4 26803.380989 93 480, 80 600, 81 411
VK212FA 1 3 26805.769271 96 300, 150 408
AV658BY 1 2 26815.598806 185 97
PC838RD 2 4 26816.505993 124 780, 109 420, 125 443
MQ570II 1 2 26823.810283 112 160
PR421DV 3 4 26825.794999 179 540, 152 193
JH679UD 2 3 26831.554559 102 600, 132 81
ZU185ZU 3 4 26836.082238 131 480, 187 337
AA150GW 3 4 26845.266631 128 600, 153 321
BA914QX 3 4 26850.899671 189 666
ZX644NO 1 3 26860.194420 86 480, 115 423
HV621MU 1 4 26860.791510 92 600, 99 720, 107 600, 115 220
NE887HP 3 4 26865.690515 180 300, 83 780, 113 64
YM571AO 2 3 26867.435256 177 406
DS409IX 1 2 26868.041289 182 98
QQ275SI 1 2 26871.427434 99 181
TW960HK 2 4 26872.697142 97 720, 108 840, 139 269
OU501RG 2 4 26877.483624 140 480, 128 780, 161 192
NX319IV 2 3 26885.353255 101 600, 178 64
GB263YS 2 3 26888.312762 157 458
YQ946IZ 1 4 26890.110391 161 600, 81 660, 179 368
RV959PW 2 3 26897.313011 120 600
GX635BJ 2 4 26899.581257 152 480, 150 480, 159 333
NK405PD 3 4 26904.324554 110 600, 166 361
WQ426FW 2 3 26910.534988 145 496
YK025NI 1 4 26919.353491 104 900, 81 420, 163 542
PJ738QU 1 2 26922.094096 139 129
HR799QC 3 4 26927.818780 123 360, 116 540, 151 126
FF881MY 3 4 26930.171767 184 684
FA005TQ 1 2 26935.345935 99 181
DT167YM 1 4 26937.312624 172 900, 173 353
CZ595UG 1 2 26942.017819 119 151
LA556SQ 1 4 26945.146868 90 840, 139 780, 83 385
ZF576BK 2 4 26954.023187 153 420, 124 900, 110 201
CQ714VI 2 4 26957.369301 168 840, 162 351
LZ869XX 2 3 26963.223066 120 300, 95 378
QE970ND 2 4 26971.391291 158 540, 172 540, 82 241
SN478UG 1 2 26980.573535 122 147
TC572RG 1 2 26983.120249 108 166
SW469ZO 1 4 26985.052570 140 420, 172 360, 117 814
OA391LK 3 4 26986.410998 152 360, 106 672
DF098WV 2 4 26990.732878 131 600, 121 540, 122 443
BF686SP 2 4 27000.184559 182 660, 149 522
RB257UU 2 4 27009.801241 118 360, 123 900, 174 257
TN889SX 3 4 27017.808477 95 420, 140 300, 95 464
QT744FE 3 4 27021.990338 149 780, 142 68
LF201GX 3 4 27023.153530 154 720, 86 175
KP578PX 3 4 27031.912155 182 692
WF842FQ 1 4 27038.486980 148 780, 134 540, 153 184
CC567ZV 1 2 27045.216740 86 209
IP671OR 3 4 27054.172210 183 660, 158 33
EB357BN 1 2 27057.950073 148 121
WM202NY 3 4 27061.674852 144 600, 121 327
NN388CU 1 2 27066.889091 121 148
VI774JI 1 2 27071.697120 138 130
XK757VY 1 4 27074.454242 180 480, 176 660, 177 75
EJ500LU 3 4 27078.977539 155 480, 153 337
PE490SD 1 3 27083.847009 184 489
XQ680BZ 3 4 27087.864016 120 840, 175 144
YI771SA 3 4 27095.690496 168 750
HE021HA 1 2 27096.604320 91 197
IF500KR 2 3 27101.397521 115 540, 167 59
ND736FS 2 4 27110.568396 85 360, 98 420, 174 600, 135 161
RV246IA 3 4 27120.039742 144 420, 91 540, 110 148
UN507JH 2 3 27121.178443 119 540, 132 58
OK624YU 1 2 27122.474466 144 125
IP514II 1 3 27126.827644 103 480, 152 266
PW905IA 2 4 27135.019011 177 660, 181 448
ME798BF 3 4 27140.538226 164 768
EX757KQ 2 4 27148.305138 153 840, 92 755
BB056HB 2 4 27157.831043 144 480, 124 840, 112 220
JU530SX 3 4 27163.333334 186 600, 98 146
CM996OC 1 4 27170.714912 98 600, 158 540, 139 420, 119 113
EY455CS 2 4 27177.009472 176 840, 188 266
SB825UE 2 4 27181.190615 159 300, 142 300, 165 600, 94 92
TC928UV 3 4 27183.928481 114 360, 177 480
KT722AK 3 4 27186.810968 132 780, 111 207
IP368HK 2 4 27195.720556 137 420, 152 540, 166 351
ZW084BK 2 3 27203.315967 89 480, 110 266
PV926RX 1 4 27211.748825 108 540, 146 480, 100 480, 132 300
SE415MG 1 2 27213.761099 117 153
SU517NX 1 4 27217.391038 107 300, 114 300, 89 600, 127 660, 107 116
XF200AR 3 4 27226.779808 117 480, 93 540, 129 152
RT260KW 3 4 27232.473978 155 300, 189 420, 109 1
QL796PU 3 4 27238.646358 126 840, 84 239
MM142LO 1 3 27239.554520 188 478
HO341JP 1 2 27246.469319 166 108
XU642GI 2 4 27253.864605 132 780, 156 609
RI156TV 1 3 27257.523789 180 300, 170 211
FS016VC 1 2 27259.429627 146 123
JL273TZ 3 4 27260.712246 135 900, 152 29
IW801UB 3 4 27262.048302 184 420, 84 300, 185 127
FW536AH 2 3 27272.005931 92 782
AY444VP 2 3 27275.806983 98 600, 183 72
EZ150IR 1 3 27276.813277 176 511
HZ467EG 3 4 27280.299045 89 900, 187 245
XJ550EG 1 3 27286.461127 183 491
UV880QG 3 4 27294.768749 161 660, 82 240
BG970LL 1 3 27296.312581 180 300, 99 363
GK517AC 1 2 27305.783247 132 136
IK298YX 1 2 27313.262737 141 127
HO180JG 2 3 27318.836820 143 503
RW513JJ 1 2 27320.339923 104 173
TZ326LK 1 3 27325.817455 190 473
RP427XA 3 4 27326.492545 144 840, 171 29
NK105NJ 2 3 27330.259429 122 360, 141 199
GC517SX 2 3 27337.449735 177 406
GZ977PS 3 4 27338.374119 114 600, 146 394
NE124IE 3 4 27345.131824 134 480, 91 677
TZ110GY 3 4 27348.411667 122 900, 103 157
DD741HF 3 4 27349.326429 181 420, 162 300, 188 7
AN487NC 2 3 27353.080929 105 660, 163 16
YX495MX 3 4 27362.099668 98 420, 115 360, 168 258
DF285AW 1 3 27369.056482 135 666
UI920US 3 4 27377.176810 128 480, 159 406
DP213MV 2 3 27386.529571 103 699
DW156RX 1 3 27391.222211 98 840, 142 54
SD770GM 2 3 27397.860104 92 600, 175 96
FL794NM 1 3 27403.996765 89 780, 140 146
VO493QU 2 4 27407.516117 139 780, 87 360, 129 300, 110 177
LD898FG 2 4 27412.720227 125 540, 111 840, 109 341
LP147OD 3 4 27420.204413 133 540, 147 368
WP080CZ 1 2 27421.236629 120 150
JH582UV 1 4 27421.946272 93 600, 151 300, 160 300, 107 300, 157 221
DV929HJ 3 4 27424.953516 178 600, 136 141
PD708OV 1 2 27433.542420 150 120
PA086NY 3 4 27439.267347 80 480, 157 420, 95 227
RZ763YU 2 3 27441.677435 95 360, 125 302
CB864VH 2 3 27446.844982 130 300, 136 242
AP946SV 2 3 27451.981293 137 360, 106 213
PQ592QH 2 4 27454.793781 149 900, 91 702
JI889XW 1 4 27456.394874 83 300, 188 300, 85 720, 148 300, 172 169
EV071HQ 3 4 27461.498440 100 780, 93 516
SK228GG 2 4 27467.079918 179 720, 122 566
CD139NX 1 4 27472.167534 178 600, 189 577
JB423QE 3 4 27478.254821 126 360, 123 655
KF000UZ 2 3 27485.102004 158 455
GR186ZT 1 2 27493.837183 184 97
XJ009AQ 3 4 27498.748504 99 360, 89 780, 161 130
JZ584IS 2 3 27500.507077 112 642
DQ823LD 3 4 27501.212878 154 818
OP187MA 1 2 27507.622547 92 195
DS917EQ 2 4 27508.766398 148 420, 126 720, 131 300, 144 40
WJ460YD 1 2 27516.947773 185 97
MP733JA 2 4 27524.994618 161 720, 165 300, 126 258
WX324DR 2 4 27525.530015 146 360, 178 817
MX103XB 3 4 27529.592974 182 540, 103 269
SU014ZJ 1 4 27532.011739 146 480, 145 720, 163 254
FX901AC 2 4 27538.813143 170 360, 110 660, 106 605
WT381WA 2 3 27544.846817 92 720, 159 36
ON334KV 3 4 27552.125611 157 360, 159 436
KN275GE 2 4 27555.577945 114 600, 158 780, 88 72
AS602TH 2 3 27556.257689 98 720, 156 9
RP379VI 2 3 27563.927528 103 660, 134 30
UB222NM 1 3 27573.468058 128 703
BP729AQ 3 4 27579.448347 88 720, 179 349
TA909GT 3 4 27580.717050 82 540, 128 480, 190 106
IH617YI 2 3 27585.477630 127 566
JY150VO 1 4 27593.473510 139 420, 152 540, 92 780, 149 25
EG636SV 2 3 27600.961197 115 626
CE108ZM 2 3 27601.818990 106 420, 188 146
SL175AA 2 4 27611.289475 117 840, 171 360, 129 295
RC449JX 3 4 27614.458988 94 420, 183 472
TL827ZQ 1 2 27622.073256 177 101
LH207AA 3 4 27630.011657 182 692
GQ808ZX 1 3 27639.916560 189 476
XY552HR 2 4 27641.355245 125 660, 129 780, 91 163
NO933JK 2 3 27650.395385 156 461
AT679AH 2 4 27651.476372 190 360, 135 360, 117 360, 139 279
IV803RA 1 2 27655.221278 176 102
NI464FM 1 3 27658.059291 164 420, 96 220
UQ137HP 3 4 27663.453329 139 720, 162 159
YH384PO 2 4 27673.051253 187 900, 171 173
FI231DB 1 4 27679.014510 127 300, 91 840, 135 480, 123 298
JW230OZ 3 4 27683.489159 164 720, 99 79
NG848UF 1 3 27686.971860 107 600, 132 195
BQ951QQ 1 2 27690.114145 88 204
BM065WW 1 4 27698.661498 187 420, 120 540, 166 437
DW419DH 1 4 27707.447418 143 420, 132 480, 101 420, 136 368
YJ995ER 3 4 27716.785693 104 720, 148 345
AB971OO 1 3 27726.281435 153 588
RR189UA 3 4 27735.202621 86 480, 87 780, 154 109
FU082IW 3 4 27737.032067 85 720, 119 544
UD894LP 2 4 27740.877977 169 600, 158 611
RS367HE 1 3 27748.257969 83 540, 96 420, 121 40
CD481JU 2 4 27754.044957 98 780, 177 360, 105 550
PZ343WH 2 4 27760.097451 120 480, 170 540, 131 370
EC145EP 3 4 27763.150388 128 900, 186 58
UT345MK 2 3 27764.713984 91 720, 163 39
LJ830LI 3 4 27766.594986 150 300, 135 600
FO929CZ 3 4 27768.446523 148 600, 86 432
PD570FW 1 3 27769.244803 94 360, 87 645
QK026MN 2 4 27774.859636 151 540, 119 360, 122 603
RQ766UX 2 4 27776.147876 169 480, 186 628
AG566MS 1 3 27784.548929 117 769
JN436UO 3 4 27785.999006 186 360, 84 600, 177 48
CP941OO 1 3 27791.435803 173 520
XC720IU 3 4 27794.394592 92 720, 154 388
AQ604QM 1 2 27803.271964 112 160
TA530JG 1 3 27812.482481 162 420, 120 183
FD579JS 2 3 27815.994769 186 387
GN746YT 2 3 27816.668725 146 300, 97 290
UB608CV 2 4 27822.360726 116 360, 162 780, 189 158
GD172AI 3 4 27824.682526 107 720, 169 289
QW993VQ 1 3 27830.864097 91 660, 152 196
RD630RU 3 4 27838.599329 176 715
AL011OF 3 4 27844.475082 160 480, 119 413
PA496FD 3 4 27852.843736 149 780, 182 53
QT542QU 2 4 27853.412117 137 660, 105 480, 176 324
XX391HQ 1 3 27862.428918 116 480, 105 326
HW974AV 3 4 27870.341870 151 360, 114 628
XC626UA 2 4 27873.588138 151 660, 180 540, 172 6
NT584BP 3 4 27879.522829 84 540, 162 497
EM709OZ 1 2 27880.439695 124 145
VD076IB 1 2 27885.862094 170 105
PW345NA 2 3 27891.309895 92 780, 167 1
VZ554QT 1 3 27895.727847 112 803
KD429FG 1 3 27897.353822 151 596
CO728DI 2 3 27904.315073 158 455
FQ864IM 3 4 27909.020027 153 360, 137 517
QE929ZJ 3 4 27912.335650 109 300, 157 594
TN784XS 2 3 27914.597293 187 385
DB990FB 3 4 27917.857018 154 660, 111 219
XX059LG 3 4 27923.885503 152 360, 100 712
WT190SC 3 4 27929.890696 96 780, 108 473
GA184LF 3 4 27937.699586 151 420, 180 347
TN560UT 2 4 27938.444809 185 900, 81 388
KP773ID 3 4 27940.307180 167 420, 117 420, 89 75
WV683GZ 1 4 27946.171823 128 480, 112 360, 132 720, 98 195
KC690PW 3 4 27954.199414 180 700
NT994HT 2 3 27959.087064 108 666
IA374LX 1 3 27961.985456 147 540, 150 70
YC266VN 3 4 27963.111835 178 360, 139 360, 112 106
BN058NI 3 4 27963.877839 180 300, 149 480, 88 5
FO676UG 3 4 27969.224966 166 660, 148 111
AP520TP 1 4 27977.709071 112 360, 108 300, 117 540, 87 480, 106 361
BR145HZ 1 4 27985.859955 131 660, 124 660, 107 445
HU374IT 1 2 27986.894786 126 142
XR246PJ 3 4 27995.238709 124 600, 142 363
OR216QZ 3 4 27999.919363 165 763
DY971BD 3 4 28002.319885 125 600, 80 637
KZ869GD 3 4 28005.716400 152 540, 171 256
TN653BH 2 3 28012.825658 130 553
FX320NN 3 4 28015.334255 114 540, 182 354
MK580XN 3 4 28016.323300 105 660, 157 361
FQ142JX 2 4 28025.103401 178 660, 86 420, 104 426
FC870ZH 2 4 28034.924940 180 420, 113 900, 122 169
CU618IJ 3 4 28036.283054 96 720, 184 309
PN592OO 3 4 28043.362581 169 745
ZW272IM 1 4 28047.437708 186 840, 135 442
DT599NC 3 4 28056.422216 158 600, 108 288
DS677QD 3 4 28065.289727 170 720, 177 20
SU541JN 2 4 28072.363859 117 720, 82 720, 166 329
AB560HZ 2 3 28074.284533 171 421
DH540LE 3 4 28077.248766 98 360, 124 720, 123 11
AG151UD 2 3 28082.329557 164 439
ZR915LY 1 2 28083.323652 171 105
ZM946ZX 1 4 28090.174794 97 420, 81 900, 162 360, 181 243
LS834BS 3 4 28092.389364 105 480, 159 475
PT382MC 3 4 28098.720281 112 300, 147 628
FQ386YC 2 3 28101.022332 100 600, 177 67
TV611CW 1 2 28110.021220 119 151
FR912YG 3 4 28120.007763 90 840, 135 300, 85 116
OY611RC 2 3 28124.337790 129 420, 186 95
OH508LR 3 4 28128.895879 114 780, 167 222
FF834UN 1 3 28129.982168 148 600, 179 6
EK190LH 3 4 28138.487898 114 840, 184 164
CL523MO 2 4 28141.948341 155 780, 120 480, 139 140
XO483OO 1 2 28144.314862 167 107
CT649NH 2 4 28145.635681 82 480, 81 300, 131 540, 92 480, 142 136
WQ125KK 3 4 28146.221561 109 480, 84 720, 100 131
ZQ731DR 2 3 28156.183293 161 447
SS620RJ 3 4 28157.685787 190 600, 183 65
VA212FT 3 4 28164.155664 160 420, 171 343
DU391BF 1 3 28171.640644 104 840, 121 21
SW225ZQ 1 4 28174.592396 86 540, 91 420, 95 600, 169 300, 136 173
UT859OJ 2 3 28184.195052 150 300, 96 281
DD234BV 1 3 28190.488004 178 505
VK483GS 2 3 28191.284986 157 458
KR306IA 1 3 28194.323436 163 552
UO647YA 1 4 28198.050490 137 540, 102 660, 101 739
XU135TA 3 4 28200.936378 81 600, 93 480, 166 197
UL568MH 3 4 28206.684921 155 812
XO803UQ 3 4 28209.564865 136 780, 170 117
EQ214OX 1 2 28214.904092 178 101
YO929NG 3 4 28219.451755 93 540, 118 540, 168 71
PT818LK 3 4 28227.882074 171 300, 159 469
FT530TW 3 4 28236.139424 107 540, 113 603
QR025KR 3 4 28244.392491 170 741
QU593BR 2 4 28247.390037 176 720, 81 360, 182 231
XD245AA 1 3 28249.827103 171 526
AS941HZ 3 4 28259.375539 88 360, 165 360, 142 245
ST335IA 2 3 28263.657753 159 360, 85 173
VD582LW 1 2 28268.086562 156 115
ZY283WJ 3 4 28271.511807 167 754
KL920DB 3 4 28274.278763 135 660, 148 249
GD390JR 3 4 28281.833723 102 900, 111 300, 108 8
GO063AK 3 4 28285.016143 123 480, 172 389
DP209SX 1 4 28290.899865 117 600, 85 300, 123 780, 85 286
WN688YZ 1 2 28299.571074 129 139
CO034IN 3 4 28302.484044 173 360, 184 346
BJ551VH 1 4 28311.546577 96 360, 126 540, 180 630
HL782PN 3 4 28316.138724 107 480, 179 416
TR575QM 3 4 28320.571433 100 600, 168 392
XH905CV 1 3 28323.601067 112 540, 117 252
LW959YG 2 3 28325.606681 124 580
AJ661CJ 3 4 28331.322106 120 720, 133 297
PN067YP 2 4 28339.812493 129 780, 143 360, 134 342
XC261JF 3 4 28347.113395 89 900, 88 521
GB370QQ 3 4 28354.404872 157 360, 106 300, 156 241
DP933VO 1 4 28357.690619 166 420, 189 773
CP921FO 1 2 28360.675222 110 163
TT773CK 3 4 28369.492384 153 780, 128 52
OX290NT 1 3 28374.245396 103 720, 115 137
YI996JO 3 4 28383.168783 162 777
NJ010ND 2 3 28387.633643 176 409
GA568JD 1 3 28395.083201 124 300, 130 406
GZ442KK 3 4 28400.657842 103 360, 134 600, 151 56
YC984RR 2 3 28410.480471 93 774
BC693BU 1 4 28412.998657 139 480, 154 420, 93 660, 161 144
DB019SN 1 4 28418.194629 175 780, 160 496
XM852OG 1 2 28420.935818 94 191
WD225TC 2 3 28429.056829 178 404
DX610TY 2 4 28438.549434 134 720, 181 420, 188 135
FV246TN 2 4 28441.961341 180 480, 91 660, 152 339
XY476MF 3 4 28446.369657 143 300, 179 300, 125 235
AI620FM 1 2 28452.375275 111 162
LC353VW 3 4 28462.033463 91 720, 164 300, 122 92
YS991IZ 2 3 28466.796752 177 406
VD616WR 1 4 28475.333746 137 780, 188 580
XA443TY 3 4 28480.145667 85 780, 181 300, 164 32
JK372UO 2 4 28482.195438 122 600, 166 660, 115 132
TP537MK 2 4 28490.093544 84 540, 123 300, 165 300, 83 600, 162 101
UC133EA 3 4 28495.631326 116 840, 119 240
PE558BI 1 4 28503.419142 180 720, 164 420, 82 213
UM689TP 1 3 28508.493631 158 540, 85 55
RD954BL 3 4 28517.472295 158 420, 156 382
KT508RK 1 2 28524.549822 174 103
EA254WM 2 4 28529.907036 87 600, 94 480, 86 420, 153 421
FB616EB 2 3 28539.596820 109 480, 100 196
GJ339AI 3 4 28540.941503 174 300, 103 480, 174 139
IO347UR 1 4 28546.714830 130 480, 144 900, 129 186
ES153GP 1 2 28550.057182 129 139
GW097LD 3 4 28553.755931 172 600, 137 166
BX161PM 1 2 28562.507675 156 115
EI150MP 1 2 28570.771634 84 214
RS660GO 2 4 28576.774325 91 300, 167 360, 87 720, 181 264
WM895TU 2 4 28579.945875 138 720, 181 480, 132 89
WQ566BO 2 3 28581.898968 153 470
MG475VU 3 4 28586.382471 147 480, 107 360, 115 147
HL567GP 1 4 28596.248413 134 360, 110 720, 140 600, 154 29
LN449CO 2 3 28600.883365 115 626
AQ148VO 3 4 28610.146154 169 540, 99 350
NT586BP 1 4 28611.409574 81 300, 176 540, 99 780, 101 192
EW515LW 3 4 28616.127130 133 840, 182 78
HT698WQ 2 4 28619.992426 121 360, 128 660, 102 685
IM326BT 3 4 28627.841030 145 780, 165 78
MT000TZ 2 4 28637.227883 131 600, 173 300, 187 360
SB027EK 2 4 28638.459071 152 300, 130 900, 175 202
IX897QC 3 4 28640.960282 124 780, 123 238
KL080SU 1 4 28645.592897 172 660, 169 606
OS832VY 1 4 28646.690790 161 660, 172 360, 163 293
YH095MO 3 4 28650.046222 157 720, 105 123
FZ388ON 1 2 28654.508423 151 119
OW768UN 3 4 28662.217113 186 677
GA756MF 1 3 28671.691563 137 540, 146 109
CV726LS 1 4 28679.020573 171 600, 124 600, 99 393
TA450AC 3 4 28681.591010 146 780, 184 65
RN493TF 3 4 28691.256943 118 420, 188 406
JI326VY 1 2 28694.024344 156 115
YZ549IH 1 4 28699.234681 132 300, 157 900, 153 229
VI601SM 2 3 28706.923671 104 420, 147 192
VV902EJ 2 4 28711.776605 113 720, 148 480, 149 306
DU289ZP 1 3 28719.306812 91 600, 87 406
QQ825OZ 1 3 28727.345778 164 540, 152 9
DR442AM 1 2 28736.689287 165 109
OU833OX 2 4 28740.342522 186 600, 181 477
IE965VR 3 4 28750.135860 84 420, 107 780, 169 42
BQ782FX 3 4 28757.467516 185 600, 144 104
PY379GN 2 4 28767.349001 139 780, 166 539
ND532IF 1 3 28774.901794 141 480, 150 148
ZY668IT 2 4 28778.401955 158 900, 87 420, 190 101
IB040FI 2 4 28779.200232 135 420, 94 780, 184 369
OP641LY 3 4 28783.592149 127 600, 152 327
DI150MI 2 3 28790.432690 175 411
BY117DW 3 4 28793.925784 179 703
ZD953UE 1 2 28794.987617 145 124
RQ683JT 3 4 28802.561522 100 540, 189 380
ZX977JM 1 2 28809.862476 121 148
MH882WB 2 3 28815.463970 145 420, 140 79
OI106HN 3 4 28820.837269 145 540, 123 387
PI830IG 2 4 28828.730085 118 300, 150 780, 151 301
ZS791FN 1 3 28838.686229 122 420, 150 258
JQ318RG 1 4 28848.204410 101 300, 89 480, 156 360, 173 480, 95 39
JK816NN 3 4 28851.920053 187 673
TS382MG 1 3 28860.703328 106 540, 135 242
FH948WU 3 4 28866.119830 124 360, 181 449
KU137EW 2 4 28869.642351 114 720, 162 420, 118 405
IJ704XO 2 4 28873.153069 168 660, 181 480, 190 1
HL800EE 1 3 28874.859467 83 540, 104 434
HQ623EO 1 2 28878.186085 117 153
HT182HK 2 4 28878.914479 146 420, 109 780, 169 305
FF983VB 1 2 28883.933953 165 109
AE528XQ 3 4 28886.283105 105 720, 187 269
IC371GC 3 4 28894.212102 128 780, 167 156
XU716BV 2 3 28899.198500 105 600, 148 60
SA587CY 2 3 28903.624012 178 404
PO892EB 2 4 28908.636918 101 540, 81 540, 114 840, 95 41
HE416JD 1 3 28913.560215 89 720, 103 251
MO990RA 2 4 28917.285049 101 840, 187 600, 128 7
VM470VD 2 4 28922.971194 112 840, 132 480, 165 245
ZU329VZ 2 3 28930.911326 94 765
SX747BG 1 3 28935.560993 179 420, 128 115
DI030DC 2 4 28940.176711 189 600, 83 840, 143 104
GB942DY 3 4 28946.550412 159 792
WY034UC 3 4 28949.103076 146 360, 115 480, 129 141
LD904GR 1 3 28956.951155 107 780, 155 42
TT628QW 2 3 28960.509027 95 720, 172 20
HY907OB 1 3 28967.341861 184 360, 163 145
HN508UY 3 4 28972.659060 157 420, 127 472
BI899QR 1 2 28975.033113 182 98
CT610AJ 2 4 28983.358317 176 900, 115 344
QA394CH 2 3 28988.057275 158 455
IP937AF 2 4 28995.960905 150 300, 156 480, 169 420, 148 48
QV388GK 1 3 28997.152613 186 483
EJ124TH 1 3 29001.047933 157 360, 122 274
UT265RE 3 4 29002.624203 174 360, 113 560
AC027UH 1 3 29005.801154 142 360, 122 318
FS156MX 2 4 29011.530639 180 540, 175 480, 126 133
JA502TK 3 4 29020.155287 150 660, 107 252
FG649PG 1 3 29029.986071 87 840, 190 89
KW372NZ 1 4 29030.499765 163 900, 163 425
RE219VK 2 3 29039.236385 163 441
FV495PU 2 3 29046.682464 147 489
LB790SO 3 4 29050.278849 117 660, 172 283
AZ015CH 2 4 29051.725029 90 840, 127 420, 93 360, 182 195
BQ938KX 2 4 29053.933090 160 780, 143 300, 134 226
GP728LY 3 4 29054.606125 146 720, 107 195
AQ524EN 1 3 29063.017475 84 540, 105 425
RF457EO 3 4 29063.828486 152 780, 153 48
HX820GB 1 3 29065.600271 123 600, 88 184
EX418YJ 2 3 29074.297861 140 514
FT462NE 3 4 29080.538822 98 540, 91 600, 92 200
LT351OV 3 4 29087.400894 173 600, 125 177
RI138OM 3 4 29091.033066 152 720, 186 89
WW840KN 3 4 29092.454086 125 360, 105 420, 188 196
QD866LO 1 3 29101.674903 180 500
DG488HY 1 4 29104.666430 90 360, 90 720, 176 600, 110 120
MA960WR 2 4 29112.685979 159 660, 150 540, 154 78
UN802TA 3 4 29117.793360 176 300, 90 600, 173 110
KD509HN 2 3 29126.290017 102 705
YH340OI 2 4 29128.180743 137 660, 150 717
YA994BR 3 4 29134.616084 131 720, 100 316
OK679NL 3 4 29135.136615 101 540, 140 360, 99 212
IF538NJ 2 4 29136.231932 133 840, 159 360, 94 308
DL630DS 2 4 29140.366780 121 540, 117 360, 121 600, 166 108
IK492CY 2 3 29145.409884 181 397
BI647VG 3 4 29152.304287 100 660, 134 447
JE935WZ 1 2 29159.583235 93 193
OP585UZ 3 4 29160.343260 111 300, 147 600, 160 28
FD474RC 1 3 29167.151712 127 708
GF442WF 1 4 29174.158873 160 900, 148 486
BK091YJ 2 3 29177.255983 109 420, 177 148
TO902LZ 3 4 29184.721588 140 300, 124 540, 91 187
RZ630QY 2 4 29188.247966 138 660, 117 360, 152 426
UI305UH 2 4 29196.886114 159 900, 183 300
ZY848SR 2 3 29197.414932 147 489
WY531WE 3 4 29201.877550 144 540, 146 330
OA212DS 3 4 29204.221152 116 360, 132 480, 128 163
OP274WU 1 4 29211.102890 189 720, 190 300, 124 184
SY132MH 1 4 29217.538884 146 360, 175 900, 98 60
AN087JB 3 4 29225.401016 169 480, 109 411
KO988DL 3 4 29228.709363 102 300, 186 360, 146 194
NF601IO 1 4 29230.186466 182 900, 127 411
HQ800DR 3 4 29234.529560 132 480, 183 342
NY205EC 2 3 29243.043520 189 380
LJ048SY 3 4 29251.102940 177 360, 141 441
CA223ON 3 4 29252.720189 126 420, 121 540, 130 59
OK502QX 2 3 29257.364044 181 397
HJ334OU 1 3 29267.339807 147 480, 117 166
PS558VE 2 3 29272.907651 163 420, 171 20
JX485YF 2 3 29279.489272 83 720, 129 94
UI392LQ 1 2 29283.552802 83 216
UR384UU 2 3 29293.527945 188 382
GW966KR 3 4 29295.479769 128 420, 100 660, 107 58
FL710XA 1 3 29297.913488 183 491
QS835KT 1 4 29306.865382 109 480, 84 720, 111 420, 146 300, 156 81
ZJ368JL 1 3 29312.061228 110 480, 128 290
XM467JH 3 4 29312.913414 159 540, 101 397
YO458ZB 2 4 29315.957635 147 300, 142 480, 105 300, 118 459
AJ259ON 3 4 29317.092647 89 900, 123 300, 169 53
LX217WU 2 4 29326.243380 103 780, 147 360, 182 355
PW692BJ 1 3 29329.900934 117 769
OU262VL 1 2 29337.180556 178 101
AQ617AH 2 4 29343.166058 125 480, 102 300, 93 480, 164 382
JK957GN 3 4 29346.974009 154 660, 114 213
DL346FI 1 2 29353.249762 118 152
BB233KG 3 4 29356.534775 139 300, 134 629
QN332KL 3 4 29361.796303 128 660, 126 329
KV521WB 1 3 29370.166311 93 600, 91 375
BW802GN 1 3 29373.076020 120 750
GM495OP 1 4 29382.818773 108 780, 163 420, 171 370
QT832RV 2 4 29389.879446 181 720, 111 300, 109 315
GO143BV 2 3 29397.002319 95 757
SW259AD 2 4 29400.954242 91 900, 141 300, 123 300, 185 199
QB028LK 1 2 29409.560677 101 178
DH186HN 3 4 29414.685448 88 600, 104 703
WJ161PW 2 4 29415.590609 170 300, 180 600, 128 304
LS904SN 2 4 29420.914708 102 420, 117 840, 140 406
FT493BY 1 2 29427.507509 105 171
FW981PC 3 4 29428.705244 157 360, 86 720, 164 46
YW166AE 3 4 29438.165816 87 840, 85 540, 174 40
RR558KW 1 4 29443.361979 99 900, 126 840, 149 141
RN955QA 1 4 29445.280160 110 360, 82 660, 101 900, 165 190
PK806TE 1 2 29451.152810 111 162
CB089AZ 1 4 29454.157190 125 480, 126 360, 173 420, 96 395
DH562NU 3 4 29455.038747 144 840, 147 34
UI845FW 1 3 29459.361648 92 480, 146 313
KC088FT 2 3 29463.260648 183 300, 186 91
FE211IA 2 4 29468.969717 185 360, 138 660, 182 221
AK056ER 3 4 29477.155399 179 600, 107 173
QH741HF 3 4 29483.385162 173 420, 188 283
ZW351HM 2 4 29487.942051 84 300, 183 360, 96 840, 123 213
GA413WS 3 4 29494.051294 114 900, 167 140
AH747HB 2 4 29503.738691 181 480, 96 540, 85 420, 162 145
PQ277TM 3 4 29505.248624 123 540, 155 384
GN980ZK 3 4 29511.804327 118 480, 175 396
QN007WB 2 4 29516.082158 91 540, 99 480, 179 300, 124 384
RK002PS 2 3 29520.857482 108 660, 190 3
AT264IF 1 3 29527.534597 127 600, 88 156
XO065MP 3 4 29528.687627 157 300, 161 490
LL162MX 1 3 29532.802794 187 481
KZ689LZ 3 4 29537.161532 179 420, 114 445
JK026UD 2 4 29540.602000 81 300, 183 900, 113 79
LW286KB 3 4 29546.301357 93 780, 124 431
LS983YV 2 4 29556.273125 83 300, 179 540, 135 566
MS935YD 2 4 29565.091905 121 780, 87 600, 105 360, 147 92
MS354KK 2 4 29573.963563 189 840, 138 284
DC455DN 2 4 29579.602057 114 780, 82 720, 160 312
GQ828GY 1 4 29588.072085 155 420, 140 900, 144 172
CV787HH 1 3 29593.894247 111 810
JM678XX 2 4 29598.454413 171 900, 128 344
LM913AF 3 4 29600.575509 160 420, 130 452
XA882FX 2 3 29608.888240 111 540, 91 132
HM527LU 2 3 29613.620562 105 600, 89 101
YM709JX 2 4 29622.491387 131 300, 185 780, 105 137
JF301HG 3 4 29630.617853 150 840
MX157EG 2 4 29637.186881 109 780, 115 900, 128 74
ZR923MY 2 3 29646.320488 143 503
PQ869HN 1 4 29655.721841 162 360, 97 300, 157 818
KT330JE 2 3 29664.356233 189 380
ZC414TH 3 4 29673.778748 185 600, 113 132
GU906OF 3 4 29679.684933 149 600, 95 385
DQ137IG 2 4 29682.498104 180 780, 94 612
VR144ZF 2 3 29691.172624 174 413
TF241JS 3 4 29698.643176 114 360, 127 420, 118 267
BF961RH 3 4 29707.991820 122 360, 114 660, 102 67
AT924GC 2 4 29716.747300 99 360, 158 840, 117 253
GJ723LK 3 4 29725.622780 84 900, 134 376
FU943PR 1 4 29734.571385 177 660, 163 540, 126 88
CG261MT 2 4 29740.313960 99 540, 114 480, 99 840, 177 37
CR718IQ 1 2 29746.201151 123 146
XI958WA 3 4 29748.499200 141 360, 99 480, 92 301
PC481VN 3 4 29755.725212 167 600, 161 160
NG248SJ 3 4 29762.673365 161 660, 165 119
YT309GA 3 4 29765.931901 89 300, 119 660, 172 120
LP987JW 3 4 29775.315775 91 720, 80 756
LW656YS 2 4 29783.340443 102 720, 150 600, 182 189
KJ966BI 1 4 29788.401097 121 780, 86 360, 143 360, 158 247
UD416QW 1 3 29796.062198 89 660, 92 339
XD525XS 1 3 29801.280115 185 486
EW207ZO 3 4 29805.301445 161 600, 159 184
CL966UF 2 3 29811.144272 148 486
ML472YO 1 4 29815.012130 186 420, 82 420, 113 540, 117 300, 157 46
NN262UF 2 3 29823.558733 84 780, 104 62
UH409TH 1 3 29826.383799 149 360, 186 195
CD988KQ 3 4 29830.220788 135 480, 85 660, 184 27
XX439NK 3 4 29836.771504 173 660, 138 85
CB849KE 2 4 29837.443029 141 360, 154 300, 80 600, 89 595
KI300IE 3 4 29841.441438 155 480, 137 376
GA097ZJ 2 3 29846.249347 118 610
KT183FN 2 3 29853.121452 87 480, 153 197
MQ109NA 1 2 29860.354106 184 97
ER347UV 2 3 29867.947269 136 529
EE328TU 1 4 29877.531664 181 900, 100 531
UG331SZ 3 4 29879.228045 149 660, 91 303
NW371VF 2 3 29885.840955 87 827
UE485IG 3 4 29893.843699 172 540, 115 287
CE970ZP 2 4 29895.861068 82 360, 127 780, 113 360, 188 152
ZA200JP 3 4 29898.346867 106 720, 97 512
CF348DT 2 3 29902.070564 129 558
IX785PL 2 3 29909.843771 187 385
FP084ZN 3 4 29916.561844 137 300, 182 466
GB745VQ 2 4 29923.169485 118 540, 108 480, 93 660, 108 195
FA371ZW 2 4 29923.720957 178 900, 147 257
CP866NJ 3 4 29930.234686 119 300, 189 477
SL795GV 3 4 29937.963742 137 900, 104 25
AQ070XU 2 4 29947.710822 112 300, 131 360, 127 480, 154 360, 184 4
PI791ZD 3 4 29948.917542 147 480, 183 302
AY756VG 3 4 29956.894083 162 480, 81 595
RB534YC 2 4 29960.138877 124 360, 162 840, 176 98
WL878SV 1 3 29966.727914 138 480, 99 240
SR956UO 2 4 29973.162709 83 540, 165 600, 112 483
AX727JB 1 2 29979.903443 99 181
XB973ZY 1 3 29983.093029 168 535
ON138VL 2 3 29986.617229 127 566
GO587FB 3 4 29992.905587 89 720, 189 327
QC339MR 2 4 30000.769321 83 300, 187 540, 183 394
QL904HN 3 4 30008.306283 117 420, 170 452
ES455VO 1 4 30013.504221 113 780, 93 840, 152 327
WM351ER 3 4 30016.875731 117 540, 131 479
KC715XI 2 4 30026.021673 133 900, 142 551
IR640KK 1 3 30027.632067 187 360, 159 142
MM603SC 3 4 30033.793974 141 893
VK531DX 1 4 30039.106562 160 540, 159 300, 176 420, 108 73
YI228VN 2 3 30041.402902 137 525
ZL059XQ 2 3 30045.667612 139 517
FJ527LS 2 3 30048.523710 107 480, 88 234
XU765EW 2 3 30050.030048 109 480, 128 153
XM655VC 2 4 30056.293127 143 300, 101 660, 152 581
XF039BL 3 4 30058.282937 187 540, 182 137
UA316VX 1 3 30063.743226 184 420, 123 103
LD338HU 1 2 30066.459080 145 124
BY155PU 2 3 30074.628230 141 360, 154 137
FP208OZ 1 3 30078.678592 121 743
GY099NG 3 4 30086.382376 108 900, 176 163
OR099AI 3 4 30092.361810 186 600, 159 90
DK862GV 3 4 30096.169133 183 688
HK562HU 2 4 30097.166912 177 360, 105 480, 161 420, 173 93
CT189IJ 2 3 30105.719755 186 387
TP319DK 2 3 30115.700942 185 389
BS750PY 3 4 30120.159853 149 540, 137 332
XB437RU 1 4 30122.118182 123 600, 133 660, 188 289
UO809WR 2 3 30128.985989 139 517
BF190RN 3 4 30137.998169 160 360, 92 743
CT878SK 1 4 30140.402919 116 360, 103 360, 161 360, 83 720, 118 164
NI721RH 2 3 30142.897893 178 404
VH913KV 1 4 30147.600783 148 480, 158 600, 169 296
SL102XV 1 4 30152.867725 165 720, 170 571
OJ065BJ 2 3 30153.836662 88 818
CR941GB 2 4 30158.794362 132 540, 139 600, 125 346
VA893ZR 1 4 30165.825446 129 360, 167 540, 112 300, 122 375
CY304WR 1 2 30174.692140 134 134
EE357YC 3 4 30183.569374 183 300, 102 697
KM545RV 3 4 30186.951005 107 840, 169 213
HP364CG 3 4 30194.020761 98 600, 127 529
MJ831NV 2 4 30201.922303 92 360, 186 540, 133 484
TJ303RO 3 4 30204.990484 136 540, 156 336
AO467RI 2 4 30214.824587 150 540, 153 764
XX988LP 1 3 30216.454224 125 480, 129 232
VF271NY 3 4 30224.009453 132 540, 131 417
RJ058HB 3 4 30232.555003 142 480, 122 474
QJ756EN 1 3 30238.033973 156 540, 156 36
MY971YI 3 4 30240.892174 139 780, 158 111
XP474CG 3 4 30244.661553 160 720, 152 71
BS118KD 2 3 30246.166435 138 521
TH439IT 3 4 30251.441172 136 360, 176 437
EA923CM 3 4 30256.983298 183 688
SV909UQ 3 4 30258.825528 108 300, 176 360, 90 335
PI644LR 1 2 30264.686095 91 197
LL553II 3 4 30269.395432 89 540, 162 300, 166 176
KU569LW 2 3 30276.336512 185 389
FO799HU 2 3 30286.096794 127 566
NA303EJ 2 3 30287.887743 111 360, 149 215
AK841NL 2 4 30292.741824 144 720, 140 480, 125 216
KI523UE 1 2 30297.239991 131 137
IX659YM 3 4 30301.471493 133 420, 128 420, 95 172
ZD112MR 2 3 30306.274404 119 605
VG640NW 2 4 30314.476153 88 840, 174 360, 113 543
IU043SC 2 4 30317.779303 118 540, 115 780, 190 234
AU243EH 3 4 30318.690058 137 300, 86 540, 144 267
KT808ZD 3 4 30324.989371 99 420, 98 540, 190 165
GL503BK 2 4 30329.440555 168 480, 185 420, 90 440
LY885EV 3 4 30333.813752 180 660, 136 52
XN034ML 1 3 30338.357356 96 900, 175 20
ZN429JV 2 3 30344.387079 80 840, 162 29
TI315JT 3 4 30347.156667 189 480, 162 217
ZH379VY 1 3 30351.948449 157 420, 154 156
FA891OD 1 3 30360.978567 96 900, 155 23
XN617QJ 2 4 30366.403098 176 600, 130 360, 85 420, 186 53
QY573IA 3 4 30367.105856 165 763
GW173VC 3 4 30370.167498 122 540, 130 462
YV600ZQ 1 3 30378.972693 153 480, 93 178
NI359BE 2 3 30381.650543 185 389
QQ020WS 3 4 30387.660373 163 540, 158 240
DX313MA 1 4 30395.539827 172 600, 124 840, 137 63
RW363UA 3 4 30402.973015 106 720, 179 277
YV610WD 3 4 30404.664559 144 360, 81 300, 113 441
JH907QQ 2 3 30410.307331 159 360, 107 137
XC542UF 2 4 30417.563957 155 600, 164 640
LJ614BW 2 4 30420.313145 188 900, 84 342
YE028CU 1 4 30430.048890 162 660, 114 840, 138 96
AK355HW 1 3 30434.034695 149 604
IP940TI 1 3 30443.483157 116 540, 117 233
ZR176ST 3 4 30447.865838 166 759
FY668IA 3 4 30455.425972 138 420, 152 447
BS666LK 2 4 30463.474646 112 480, 187 720, 95 101
BM485VB 1 2 30466.080586 106 169
KR006KH 1 3 30469.910951 121 540, 168 146
KU378BZ 2 3 30471.053843 184 391
UV503ZT 1 3 30479.506146 135 300, 127 389
CW910FW 1 2 30483.949503 180 100
MW473AN 1 2 30486.514686 91 197
SI126UZ 1 4 30494.938816 190 780, 96 660, 155 28
FN030DM 1 2 30497.607040 81 222
ZX984CL 1 3 30506.740605 93 480, 121 374
XR204QV 2 4 30513.586217 81 900, 138 660, 144 236
TF946KH 1 2 30517.283352 121 148
OQ106YW 1 3 30518.558798 105 540, 149 223
UG462NN 3 4 30523.716597 115 540, 88 360, 93 346
HO056XB 1 3 30525.994410 131 600, 174 65
NL554MR 1 4 30527.966699 101 780, 128 660, 139 379
OE313OK 2 4 30534.729321 101 480, 96 780, 174 428
MT104VT 3 4 30540.934818 130 660, 111 300, 135 51
HK366YA 3 4 30544.546981 130 900, 169 53
ZS869MF 3 4 30550.550542 137 600, 126 300, 172 34
PM411ES 3 4 30557.359208 110 480, 99 739
VS710ST 2 3 30561.232565 115 626
EC675LZ 1 3 30564.874592 182 480, 185 14
AD200GH 2 3 30571.076364 152 300, 165 160
VW485AJ 1 3 30572.496860 154 584
VQ874RF 3 4 30579.334722 152 828
CW548KZ 3 4 30589.039202 165 660, 172 99
TO815YZ 1 3 30590.085858 179 502
KE842TD 3 4 30593.508343 119 420, 149 510
RZ680CE 1 3 30599.608455 151 540, 130 65
OS088UR 1 2 30607.592895 100 180
LF486EH 2 4 30615.602508 132 840, 153 540, 180 25
WH440ZX 3 4 30616.802167 139 480, 188 315
QK349LS 3 4 30617.370190 102 300, 131 420, 146 276
YX465GJ 3 4 30619.401894 101 480, 190 408
DJ578TC 1 3 30626.183297 158 300, 188 226
QD480PG 3 4 30628.946676 103 480, 190 300, 102 191
LK841ME 3 4 30636.506763 154 818
SH404RS 2 3 30640.781017 80 300, 107 448
FP087ZR 2 3 30647.858301 162 444
KH195KC 3 4 30657.253169 126 480, 120 546
GB022MJ 1 2 30665.579194 182 98
ZO156ZH 3 4 30667.905611 121 840, 178 136
RX189BF 3 4 30676.459380 186 677
IW383CM 2 3 30678.296645 177 406
ZZ594OO 1 3 30687.564863 126 300, 157 332
QS999CU 3 4 30696.434817 99 660, 102 540, 132 42
VT674EI 1 2 30705.894757 143 125
TZ795QG 3 4 30710.852441 116 480, 87 660, 181 71
BY561TZ 1 4 30718.212353 170 900, 164 384
LX332QF 2 3 30727.485329 106 420, 115 238
AJ542KZ 2 4 30731.213009 177 540, 137 420, 130 300, 155 37
HX547WN 3 4 30738.073891 106 900, 135 226
OM729RT 1 3 30741.314637 94 540, 90 436
QG588XT 1 2 30745.169233 134 134
IP479KZ 1 3 30747.388456 158 360, 152 217
WT895QS 2 4 30751.160515 108 360, 88 780, 140 646
ZJ261HV 3 4 30757.916410 170 300, 85 660, 181 104
OQ522PP 3 4 30762.334998 136 780, 141 141
QP708HN 3 4 30767.930036 150 780, 186 48
XK025YT 2 4 30771.927218 105 600, 150 360, 121 480, 181 126
PC188XI 3 4 30776.328002 98 840, 187 233
GF526DR 2 3 30780.799389 91 420, 82 411
ZJ484LU 3 4 30782.403692 122 480, 113 596
ZQ664QJ 1 4 30789.237227 149 840, 183 480, 93 32
BO277WP 1 2 30791.642762 107 168
TZ853QV 1 2 30799.692159 88 204
SR700DU 2 3 30803.627118 130 553
MQ319HA 1 4 30808.055046 115 540, 82 780, 115 660, 141 99
UJ965DX 3 4 30817.014695 84 660, 161 300, 167 133
QA071MB 1 2 30825.228939 123 146
BQ864AK 2 4 30831.279998 142 480, 150 540, 92 530
XI092UN 3 4 30839.650543 123 780, 115 261
SA813MT 1 2 30841.810816 132 136
MV389ET 1 2 30847.827222 170 105
RG292GL 2 3 30854.559138 91 600, 161 108
EA840GX 1 4 30857.807135 167 300, 180 600, 168 344
XB348WH 3 4 30862.650743 82 840, 190 300
OA770YW 1 4 30871.606604 123 360, 94 360, 159 780, 136 101
ZV444RW 2 3 30879.938956 95 420, 160 200
BU125NX 2 4 30886.829703 150 480, 169 660, 104 139
EZ449DZ 1 3 30896.399078 169 532
DZ627MC 3 4 30897.606699 112 300, 86 420, 151 372
ZB442MS 2 3 30902.337719 123 300, 174 201
LM703TZ 3 4 30905.724092 134 300, 140 612
JE389RT 1 2 30908.819557 190 94
GY961DM 2 3 30912.905472 177 406
SB889VQ 2 4 30920.093653 131 360, 124 420, 142 695
UA885GG 3 4 30920.708790 128 900, 88 122
UM840IH 2 4 30930.044172 117 600, 101 420, 104 540, 174 167
GZ796OR 1 2 30936.051727 103 174
SV233DN 3 4 30942.640614 188 670
YO999RS 1 4 30950.349207 162 660, 160 660, 171 20
LV984BV 3 4 30959.404027 115 720, 98 440
ET223QY 3 4 30965.465957 85 780, 101 591
FS001HA 2 3 30974.558370 140 360, 179 120
GI359LH 1 4 30977.944574 127 720, 110 840, 171 188
XF991FX 3 4 30980.250131 188 540, 92 266
KS558QN 1 3 30989.232631 154 420, 176 143
IG489IN 1 4 30993.739534 163 900, 91 480, 142 180
YO393HB 1 3 30995.321057 137 420, 122 266
IT418NG 1 2 31000.330022 142 126
IG437NM 1 2 31002.266143 152 118
ZE492KU 3 4 31008.881087 177 711
RU686UY 1 4 31015.566592 137 540, 166 840, 153 16
JY505JW 3 4 31019.311498 89 720, 182 340
TB935BJ 3 4 31023.746449 99 480, 91 720, 154 84
ZD794EY 1 2 31024.557198 115 156
IG619IL 2 3 31034.536089 110 654
HY864KU 2 3 31044.022019 122 590
XG428AT 1 2 31048.527960 86 209
OA639FA 2 4 31053.472283 96 540, 153 840, 164 107
AH489VQ 1 3 31055.249486 187 480, 162 1
QA478LR 3 4 31056.956064 171 300, 165 452
MY894NH 1 4 31062.731393 148 780, 145 660, 165 29
YN159DM 3 4 31067.721348 169 600, 187 131
IE680NN 1 4 31071.393282 130 540, 123 480, 140 619
OO870SY 3 4 31073.593584 108 780, 122 342
SF372YM 2 3 31076.818390 112 300, 107 358
TM816VA 3 4 31080.725983 90 840, 131 384
OF632RZ 1 2 31089.872750 123 146
QN433SX 1 3 31098.153012 122 360, 156 295
WK169UE 2 4 31098.845326 141 900, 130 546
DY823GH 1 4 31107.734012 139 300, 121 900, 140 300, 171 136
FH950HP 1 3 31111.364236 114 789
CT259IX 3 4 31112.815364 188 300, 81 420, 128 277
PG910MD 3 4 31121.904500 103 720, 185 280
KN108WY 3 4 31124.949536 137 420, 152 450
UO357RI 3 4 31134.680229 142 480, 130 360, 165 66
RH782AV 1 4 31135.828293 185 600, 89 660, 140 300, 148 28
GP275GL 1 2 31139.984076 117 153
OG555FD 3 4 31147.551576 132 900, 158 45
JQ115QX 1 4 31155.645904 152 660, 129 360, 168 412
AI012MV 3 4 31159.195287 188 600, 152 86
HM113PC 3 4 31166.461048 113 540, 143 360, 81 166
EW955HC 3 4 31175.670803 176 360, 110 569
WQ762AH 2 3 31180.437135 110 480, 177 108
DF912OJ 1 4 31182.643258 136 840, 144 706
MO495BH 2 4 31187.702094 109 840, 152 700
AK921SX 2 4 31195.958375 142 360, 165 360, 91 420, 118 417
HX935NS 1 4 31197.610412 132 420, 141 780, 172 294
ZO440LV 2 4 31201.958710 80 660, 93 720, 184 425
OE428DV 2 3 31204.414788 90 540, 116 201
XJ364QC 2 3 31212.676363 87 540, 143 174
RL735IA 1 2 31216.363629 186 96
DV556LQ 3 4 31217.232388 115 840, 109 269
BL180UD 1 4 31225.078314 97 600, 168 600, 177 322
MR616GL 2 4 31225.660505 105 360, 176 600, 188 290
RY467MI 1 2 31229.969427 176 102
CN040SD 3 4 31237.796214 156 300, 94 480, 127 268
UU808DR 2 4 31247.217499 184 600, 149 360, 112 303
UW985MR 1 4 31248.208507 144 780, 92 480, 126 300, 105 206
PQ336SD 3 4 31250.719694 152 780, 127 58
VB803AU 3 4 31256.258580 180 660, 120 60
LZ780GX 1 3 31260.351483 86 360, 123 480
MC884DM 1 4 31261.348968 131 660, 112 840, 173 204
AF128XM 1 4 31268.516578 121 720, 172 420, 134 422
FF904CF 1 3 31273.854935 83 420, 106 360, 153 110
QA753RL 1 2 31280.214328 100 180
PS692DN 1 4 31285.180788 100 540, 108 600, 155 480, 148 154
TO240EW 2 3 31290.807001 119 540, 145 53
JW372FI 3 4 31299.812486 149 780, 174 56
OB479YA 2 4 31307.259497 110 540, 122 660, 86 540, 94 123
TX735IB 1 3 31313.956604 172 420, 135 131
YM575GS 2 4 31318.699100 117 480, 105 480, 110 600, 169 150
JV973FL 2 3 31325.574396 158 455
HA633AZ 2 4 31333.717202 156 720, 144 594
LX026GZ 3 4 31340.613825 178 420, 90 420, 121 111
LF462ZW 3 4 31345.239512 89 840, 176 291
JI485YC 1 2 31352.813220 171 105
XN334EO 1 4 31356.440826 182 300, 189 480, 117 604
YH448TX 1 2 31363.524406 116 155
XX061KE 1 4 31368.970266 96 480, 94 900, 173 493
ZN758KS 2 3 31376.431143 103 540, 181 90
GF795JZ 2 3 31383.144789 177 406
FU762RS 1 3 31384.588590 134 480, 184 139
VP901JL 2 3 31388.232276 129 558
PK921AU 1 2 31388.764278 132 136
OF816FJ 1 3 31391.676759 150 540, 111 81
WL491UK 2 4 31394.774278 101 720, 100 660, 144 411
TN210HF 1 4 31396.460197 104 900, 168 360, 89 480, 104 184
TB862MG 3 4 31402.530611 165 720, 87 82
NU091DH 3 4 31404.802780 164 768
AT286WM 3 4 31408.895098 115 480, 131 540
DG937CF 1 2 31409.572493 114 157
LM116DO 2 4 31416.945863 125 300, 121 360, 154 759
VO331BY 2 3 31423.511290 133 541
NX987FT 1 4 31429.776473 84 900, 183 720, 145 59
NH499FE 3 4 31433.702083 90 420, 115 766
QB266MY 3 4 31440.669392 188 540, 139 176
MJ072RZ 1 2 31441.965632 124 145
TA677BL 2 3 31445.158629 124 360, 109 251
GP032OY 3 4 31449.138539 169 745
YU893FA 3 4 31452.633638 118 660, 142 338
TI889PP 2 4 31461.959494 175 780, 111 554
WY733JH 2 4 31465.783425 102 360, 139 720, 91 672
WT783HD 3 4 31475.381858 169 300, 147 512
BC819HQ 1 3 31476.978355 166 542
DI433VD 2 4 31479.282499 117 780, 146 480, 143 256
AT764XG 3 4 31489.101754 158 420, 139 429
XZ459WO 3 4 31495.810817 109 420, 109 735
OU683WZ 3 4 31499.977672 92 420, 91 480, 174 251
FO687XG 3 4 31501.743305 105 900, 180 175
DD387IP 2 4 31505.659975 98 540, 135 780, 132 301
BV261MC 2 3 31513.070772 86 300, 96 300, 89 195
TI381BH 2 3 31517.675803 158 455
QE574PV 1 2 31523.653164 117 153
II477CW 1 3 31525.203422 110 300, 158 300, 107 89
FR238IM 3 4 31531.665918 146 420, 164 394
JA591AY 1 4 31538.441895 184 720, 102 540, 184 154
XE670GU 3 4 31544.816021 103 840, 127 310
XG072SO 3 4 31549.561996 171 736
LT908MJ 2 4 31554.589835 86 300, 163 360, 188 360, 136 337
GP741BL 1 4 31563.876154 84 600, 95 420, 100 300, 144 540, 105 170
JE481KI 2 3 31568.804124 146 480, 149 12
UJ196HS 1 2 31571.708152 161 111
QO519FQ 1 4 31577.160836 173 780, 101 802
YS432FK 1 4 31582.775910 95 300, 188 300, 99 540, 157 494
GS788HM 2 3 31590.939312 105 420, 117 238
QA280NI 2 3 31598.187770 184 391
JW935FB 1 4 31599.223590 106 900, 121 480, 172 363
UE790PY 3 4 31603.049181 170 741
RU923GR 2 4 31609.220627 179 660, 151 528
GZ724AI 2 3 31618.063581 175 411
NZ263EU 1 2 31626.668005 173 104
RM853QI 3 4 31629.827506 91 360, 146 480, 172 134
JO805ME 3 4 31632.715430 152 600, 149 233
MC415RG 2 3 31637.168853 95 757
TG210HP 3 4 31642.071036 180 300, 100 300, 189 222
SV585NW 1 3 31644.057543 84 360, 172 347
UC969HZ 3 4 31649.188320 189 540, 134 178
ZY053CQ 1 3 31653.135685 141 300, 83 540, 91 31
DD185SR 2 4 31654.330372 138 900, 93 600, 155 116
CJ496YN 2 4 31655.585598 136 600, 144 420, 186 300
SH153PJ 1 3 31660.855711 176 511
FR053AB 2 4 31670.756840 177 300, 114 360, 111 840, 125 84
WT459OX 3 4 31677.693208 153 823
QS814NV 2 4 31687.601733 126 780, 80 540, 146 387
PS833LO 1 2 31690.701010 84 214
TI795IM 2 4 31699.263315 88 360, 141 720, 154 300, 132 140
BI485CV 3 4 31704.991394 111 360, 177 486
GS300DJ 1 3 31710.559896 100 840, 132 45
ZD657PG 2 4 31713.051387 159 360, 135 300, 85 300, 162 461
LS456VR 1 3 31718.646672 97 360, 165 333
HJ357YA 1 2 31720.083776 100 180
EK490ET 1 4 31721.453189 134 360, 138 540, 138 675
EM528CB 1 3 31722.909517 126 600, 162 88
CF100XX 1 2 31729.247088 124 145
AX434TI 1 3 31730.454037 137 656
AW050BF 2 3 31734.061265 155 420, 89 77
RM515RF 2 3 31741.526273 83 720, 108 113
WY783WK 3 4 31742.938853 132 900, 105 68
ZE802KE 2 3 31750.423191 112 420, 111 224
NB976UC 3 4 31754.581065 148 600, 104 357
OO703IJ 3 4 31756.083835 83 300, 168 420, 115 265
DT456WG 3 4 31760.739508 108 660, 167 327
KL703BX 2 4 31763.191703 130 600, 114 420, 136 420, 83 180
BM945GK 2 3 31763.853747 190 378
WS175QA 3 4 31769.379710 165 420, 94 540, 82 72
VM886OP 3 4 31773.766631 101 300, 180 531
LZ339OO 1 3 31774.267793 86 840, 188 94
QL463DV 3 4 31776.895322 88 660, 165 411
MR406JD 1 4 31779.638481 136 720, 160 360, 85 660, 113 38
CM269FP 1 3 31785.349443 156 576
HK504FB 1 2 31793.458998 174 103
QD305JU 1 2 31801.187406 189 95
UX790LL 2 3 31802.436422 176 300, 112 171
ZR752YV 3 4 31804.260451 89 720, 82 660, 121 64
QT355LS 3 4 31808.285940 179 703
HG220VS 3 4 31813.098258 109 600, 173 350
UT655YM 1 3 31820.008194 184 489
IL608PD 1 2 31822.649498 134 134
FC905HK 3 4 31824.012349 114 660, 168 302
FJ825OQ 2 3 31826.789797 88 818
SS124KC 3 4 31830.507844 131 900, 161 50
FZ528YA 3 4 31834.840848 147 300, 169 484
CH843IT 1 2 31843.349614 139 129
EE928UJ 2 4 31850.439455 127 660, 186 600, 149 17
BQ731ZK 2 4 31860.261807 128 660, 170 300, 108 480, 184 58
RV391XE 1 2 31868.325928 149 120
RD065QN 3 4 31872.321003 136 300, 155 549
ZU398PW 1 3 31875.686475 82 900, 112 144
DP618LA 1 3 31885.234566 146 616
ZS708VS 2 3 31894.136868 162 444
KZ871IU 1 4 31901.861383 88 840, 149 300, 122 300, 80 300, 160 229
UG604XT 1 4 31903.806677 134 900, 124 769
DI525NE 3 4 31906.142681 111 900, 122 213
TO347ZY 1 2 31911.916036 106 169
UG162CF 1 3 31913.865824 140 642
MH067KD 1 3 31920.186725 97 720, 153 131
XR747BI 1 3 31929.535551 121 480, 179 178
LS802VU 2 4 31933.493316 182 720, 84 797
SG851UD 3 4 31942.175635 189 666
CV325FC 2 4 31943.613368 82 660, 135 480, 97 660, 112 134
KT438WK 3 4 31950.042270 156 807
LF248FQ 3 4 31953.010524 132 780, 118 195
EC043JH 1 3 31960.682917 122 660, 176 53
UZ111JF 2 4 31968.307583 151 420, 113 900, 113 290
IU359JW 3 4 31970.084932 135 900, 124 36
BZ335IJ 3 4 31975.903121 86 360, 155 613
JL871QX 3 4 31979.668814 93 540, 164 462
WO221FD 1 3 31984.653204 106 660, 97 206
BW152PO 2 3 31990.728405 95 660, 96 96
EW960CK 1 3 31995.622197 128 660, 123 44
CN440SU 1 4 32005.491484 127 540, 115 900, 178 246
HQ045VS 1 4 32014.395051 116 600, 158 900, 189 22
RN534ZY 1 3 32021.450362 90 720, 178 141
NN705PI 3 4 32027.573761 86 720, 143 448
MA509JZ 2 4 32037.244854 144 540, 166 300, 159 443
UW886EP 2 4 32046.783072 121 360, 165 840, 156 101
MO969FH 1 4 32048.038986 120 600, 116 360, 85 300, 154 420, 110 109
BG531AL 1 2 32051.195910 121 148
WG537BM 2 4 32051.704828 146 480, 91 660, 86 720, 156 38
BC224DW 3 4 32058.749406 118 360, 104 540, 93 294
PA884BX 3 4 32061.064605 134 540, 161 333
HX390VQ 2 4 32065.067414 126 780, 132 660, 129 97
ZD433AF 1 3 32075.036315 133 676
IF996GK 3 4 32077.717657 144 600, 140 282
OH645KT 1 2 32087.254154 189 95
FY983HD 1 2 32092.276792 153 117
LK707KQ 1 4 32101.237209 126 720, 130 540, 125 440
UO220OL 2 3 32106.095621 97 360, 127 291
HG609VC 3 4 32107.588143 157 540, 142 290
YY039YD 1 4 32110.499005 87 480, 110 540, 141 720, 124 107
PS478NK 2 4 32119.828943 159 600, 156 600, 120 75
YY381TM 1 3 32128.719451 129 600, 187 67
NE485SI 3 4 32132.557559 98 840, 96 455
BY633WA 2 3 32134.642710 86 420, 184 195
JZ740HA 1 2 32141.481570 189 95
KV383RB 1 4 32149.006535 84 540, 163 660, 107 420, 86 210
VH280JR 1 2 32158.513634 118 152
NH622QJ 1 4 32160.026129 157 780, 186 502
SN063YO 3 4 32162.324817 111 720, 83 540, 163 7
EF896PW 2 3 32166.025418 168 428
XX002WM 2 3 32171.028511 143 503
PM021WV 2 4 32174.614877 97 780, 113 720, 84 420, 117 48
UD837MP 1 2 32179.789670 156 115
KW191IV 3 4 32183.315510 152 660, 131 196
ZR124EL 3 4 32186.554080 147 780, 100 113
ZA982GW 1 4 32192.457388 134 600, 158 720, 88 248
PO142LN 2 3 32193.681104 117 615
AP553KV 1 4 32202.788623 105 360, 85 300, 173 300, 140 300, 117 300, 171 138
JI816JI 1 3 32206.984001 91 840, 97 139
IE022BS 1 2 32213.006804 149 120
AE668ZC 2 4 32213.846183 86 840, 124 480, 185 358
KL873BP 1 3 32220.084632 86 780, 139 164
QC991SZ 1 2 32225.793141 113 159
WU257KD 2 4 32230.999633 134 780, 167 559
NL742DY 3 4 32240.358825 187 673
ME801VL 2 4 32247.704738 146 360, 179 480, 171 348
IH740PT 2 3 32249.271249 171 421
HV470AC 3 4 32252.729479 159 540, 171 234
AH599EQ 1 3 32259.474899 140 642
BC376BG 3 4 32260.273723 163 600, 97 290
QY520RL 1 3 32266.796844 153 300, 186 237
SL550EY 2 3 32271.450063 131 540, 89 14
DX795KB 3 4 32273.342239 151 660, 117 225
PT791ZE 1 3 32283.174188 148 608
AD648BM 3 4 32287.721286 187 673
SD033WL 2 3 32297.173790 185 389
DX760NW 1 3 32303.890620 182 494
KG966LD 3 4 32304.475182 148 480, 167 329
FA949TW 1 3 32305.844480 171 526
ZL008YG 2 3 32306.606196 178 404
MN843JO 3 4 32312.616716 141 840, 96 78
MP829CX 3 4 32318.996600 110 300, 159 584
TU909ZB 2 3 32320.034013 118 600, 175 6
AG035NB 2 4 32321.688743 185 420, 141 660, 154 176
ZL704TO 1 4 32323.006360 155 300, 162 300, 170 540, 135 215
RV963JT 1 3 32330.382815 176 511
YF434ZH 2 3 32339.569749 165 436
CD081HZ 1 2 32348.434475 154 116
CL363MH 2 3 32355.795052 145 360, 115 172
NO997AH 1 3 32357.306812 113 540, 172 168
US682GZ 1 3 32361.915462 100 300, 133 451
IF177ZX 2 4 32370.115977 156 360, 160 886
IH539BR 2 3 32376.038662 90 480, 104 276
FF509JQ 2 4 32385.387044 165 720, 87 600, 117 230
YU963OE 2 4 32386.297081 158 420, 172 660, 147 123
JN419OG 2 4 32390.057348 161 900, 120 442
BE851EM 1 2 32394.110145 160 112
OW597JC 1 3 32400.192485 86 300, 137 360, 164 90
GH237JF 3 4 32407.548564 106 840, 168 219
DJ789LI 1 3 32410.154524 149 420, 117 234
TO580TN 2 3 32413.021857 165 436
KC726SY 2 3 32416.533857 128 360, 165 157
OY057LT 3 4 32420.733913 87 660, 171 401
QC121JJ 2 3 32426.296736 131 549
GB463UR 1 2 32431.011090 188 95
DD644AY 2 4 32431.523045 132 780, 135 703
ZA997SL 1 4 32437.696091 175 720, 93 660, 92 300, 172 5
DN902QX 2 4 32440.576446 130 600, 126 300, 165 420, 115 112
NH138VR 2 4 32450.556944 131 720, 89 540, 115 360, 98 145
RX067BV 3 4 32452.302872 136 480, 171 300, 157 60
AC475WP 3 4 32455.639789 126 480, 95 540, 93 152
MD569JR 1 3 32460.751602 126 480, 83 355
BD887WY 3 4 32466.242809 161 600, 128 229
AF028DC 1 3 32472.102563 129 697
KN552IL 3 4 32481.414722 104 360, 128 691
HN778KO 1 4 32490.180894 177 600, 118 780, 96 185
EZ251EN 2 3 32493.801597 150 360, 138 130
PI752HD 2 3 32503.791536 152 420, 89 91
NS036ZK 1 4 32505.226952 97 600, 178 780, 90 210
OI474QT 1 3 32509.019009 106 720, 152 89
CC799EP 2 3 32515.391168 102 480, 165 139
VM386PV 1 2 32525.172891 153 117
YB371SG 3 4 32529.824224 187 540, 84 297
VA748BR 1 2 32530.879197 140 128
QG911IR 2 4 32532.667415 176 840, 155 323
AQ664II 3 4 32534.549679 135 720, 142 202
YA598NG 2 3 32537.112017 95 480, 89 296
QP916TC 1 4 32543.392788 118 540, 186 300, 100 720, 81 302
LG017DC 1 3 32547.104024 150 600
VM559BT 2 3 32551.526870 176 409
SC728YF 2 4 32557.372793 130 900, 148 480, 179 55
LN599NB 3 4 32560.273582 178 540, 187 159
PS028QK 1 2 32564.602999 188 95
OQ730PD 3 4 32574.305755 128 900, 124 87
RX858IB 1 2 32581.728492 122 147
ZH049IT 3 4 32585.353552 143 300, 130 639
BB656NL 2 3 32588.494857 86 720, 96 105
AD584ZX 1 3 32596.670351 157 540, 102 51
EX015WK 2 3 32599.803602 157 458
DM117UD 2 3 32604.170361 179 402
YE387TH 1 2 32609.023855 148 121
PL088KE 3 4 32614.705211 117 420, 97 360, 130 322
QT246TP 2 3 32616.734294 118 360, 85 300, 189 21
QM805GD 3 4 32619.093713 111 840, 111 295
JS435KR 2 3 32620.223427 179 360, 91 83
QV892ZZ 2 3 32624.117262 118 610
OR476IV 2 4 32626.678083 145 480, 156 660, 112 227
AX867YH 2 3 32631.498578 105 360, 168 203
AM127KS 2 4 32637.308960 189 720, 172 359
BA329ZD 2 4 32645.148956 147 780, 112 300, 95 480, 183 22
WK018RI 2 4 32649.793571 95 480, 84 780, 89 660, 123 228
XT655NE 1 2 32651.860535 87 206
WC461UD 3 4 32660.898546 140 420, 84 360, 161 229
UI881FX 3 4 32662.928329 168 360, 99 661
TY719UV 1 2 32668.597856 105 171
VM641YR 3 4 32671.011273 156 420, 125 483
YY059BH 1 2 32677.416551 133 135
EY719PI 1 3 32685.277512 169 532
XW764AL 2 3 32690.661657 123 585
OR438VD 2 4 32699.060561 116 840, 116 840, 156 20
OD790TQ 1 2 32707.926675 119 151
NB176LU 3 4 32709.784315 100 780, 133 360
VE552ON 3 4 32713.744006 122 660, 93 420, 118 54
JF671WW 1 2 32720.158963 165 109
VV473QO 1 3 32722.881597 185 300, 153 225
MS543DN 2 3 32731.351984 143 420, 81 147
TH325KI 3 4 32734.789707 165 763
AT340UN 2 4 32744.047575 186 540, 167 540, 114 64
BQ379JZ 3 4 32745.633279 180 420, 141 357
XT363SY 1 4 32751.254958 134 540, 166 480, 97 659
UX487ON 1 4 32757.996037 158 300, 142 780, 117 360, 88 178
UR005JO 2 4 32765.081639 152 480, 182 360, 178 334
WV054GI 1 3 32770.742437 177 508
NK870SX 3 4 32776.043603 91 600, 148 482
HG357ZU 3 4 32779.648343 149 300, 98 829
AV683KT 2 4 32782.427485 152 660, 115 780, 121 65
ZB044MG 1 4 32790.891029 184 300, 146 420, 150 663
SP781YI 2 3 32798.835017 100 600, 135 88
PM390YQ 3 4 32802.205152 142 480, 121 420, 157 44
YQ913BF 1 4 32807.878635 189 300, 126 840, 116 460
GC375FZ 3 4 32817.680930 164 360, 168 398
ZC432GI 2 4 32823.898705 93 300, 162 300, 102 780, 147 285
BL986SF 1 4 32826.761978 177 840, 86 360, 174 208
GH557HR 2 4 32834.469757 154 420, 177 660, 190 86
SV879PF 2 4 32844.051182 163 420, 90 540, 157 515
UQ211KY 2 3 32848.188397 166 300, 97 228
XO848YO 3 4 32857.262577 134 360, 125 480, 113 157
TR303YA 2 4 32863.276686 125 540, 132 600, 156 328
BQ139YG 1 4 32867.806013 158 480, 127 300, 184 554
MT634VE 2 3 32869.930216 157 458
SV608DZ 3 4 32877.042894 151 540, 148 300, 185 0
LG305DK 3 4 32881.234043 169 420, 101 544
LY927WL 3 4 32886.256094 181 696
ZJ282OH 1 4 32887.246074 174 720, 177 512
WC212NN 3 4 32896.293838 158 660, 94 231
GS944AG 1 4 32903.642034 108 780, 120 600, 83 719
KU487DL 2 4 32909.650694 80 480, 140 840, 159 264
PG496GB 3 4 32918.124291 136 600, 178 249
OL215JC 1 3 32919.990217 96 780, 82 184
AM445FQ 2 3 32923.936731 179 402
FG322UN 2 3 32925.558186 130 553
TT034IX 1 2 32935.346614 99 181
ZF438HQ 1 3 32943.753969 179 502
UR483DO 3 4 32945.025036 156 420, 181 334
HQ567IG 2 3 32952.066720 154 467
JM200KY 3 4 32953.924378 165 763
XH041LU 1 2 32958.164707 161 111
JS160JE 3 4 32961.112722 97 360, 123 540, 110 224
CG237LA 3 4 32962.871869 160 300, 104 750
ML340VE 2 3 32972.009622 90 360, 137 289
TB902PU 3 4 32980.493418 90 900, 90 500
WJ942RT 3 4 32987.572872 83 600, 150 300, 189 165
IT656PF 2 3 32992.647749 165 436
SE906BG 3 4 33001.343102 175 600, 141 148
RR629VO 3 4 33002.028978 91 720, 95 636
PF209WF 1 4 33010.590338 151 900, 116 480, 147 166
NE864SI 1 4 33014.287882 175 540, 155 660, 100 192
XX322PE 3 4 33024.130729 190 663
DE764WW 1 2 33026.968016 172 104
IO346LH 3 4 33032.375864 135 780, 87 237
QS857BV 1 3 33041.640018 188 478
CJ196RU 2 3 33047.939668 124 580
BP072LF 3 4 33053.475913 163 773
XE955MY 3 4 33057.267209 92 840, 83 540, 99 39
YT728MX 1 3 33062.125423 188 478
JU618VY 2 4 33070.178870 104 660, 98 360, 190 360, 84 305
PK841BH 3 4 33079.332574 163 540, 89 426
RE068KF 1 3 33084.797743 157 573
TQ569XD 2 4 33091.534297 84 480, 102 540, 116 600, 94 351
AD436VD 3 4 33094.329881 98 360, 132 540, 97 200
OP524IC 3 4 33097.058238 103 420, 176 470
UK867WP 3 4 33099.673247 147 780, 161 70
UJ157YC 1 4 33108.195111 118 900, 185 593
LX514RF 1 2 33117.900502 182 98
VZ769MA 2 3 33125.041135 120 600
SB091LP 2 3 33134.260876 179 402
NW504MY 3 4 33135.282422 133 540, 147 368
FV674VG 3 4 33143.746722 98 660, 160 383
LX722FA 3 4 33145.031013 134 720, 85 347
EX316SP 2 3 33149.546692 126 571
MJ914SR 3 4 33154.652116 95 900, 155 261
ZL325BQ 3 4 33158.988762 143 300, 131 634
QX534LM 3 4 33165.534514 97 420, 113 720, 142 27
OJ591LA 1 4 33170.780666 118 660, 106 420, 189 300, 160 230
XU403VS 3 4 33173.374587 100 600, 189 349
SU103DJ 3 4 33181.532892 176 715
JB500KC 2 3 33185.459038 179 300, 121 151
CT138FY 3 4 33192.013767 170 420, 140 360, 102 41
IV477AZ 1 3 33194.709200 122 300, 151 353
XP075CI 1 4 33204.533204 106 780, 182 660, 118 111
MZ403DK 2 3 33206.901304 116 620
WP320LD 2 4 33208.492338 96 780, 87 300, 184 480, 126 69
FK694XD 2 3 33212.782189 112 642
VG648EV 1 4 33218.400117 114 660, 161 420, 90 600, 190 100
DJ563EF 3 4 33228.105128 172 600, 98 232
GC691GL 2 4 33236.671526 176 300, 125 600, 172 408
SU848SB 1 4 33238.451575 134 840, 175 591
OT551GF 3 4 33247.097765 171 736
UU521BM 3 4 33251.985627 82 420, 177 517
LD651WP 1 2 33261.282785 121 148
EM180IQ 3 4 33265.774511 92 600, 121 480, 108 117
OJ015QL 1 2 33274.946880 173 104
ZR176AN 1 4 33276.918650 101 720, 145 840, 179 119
DD332KX 3 4 33285.509065 136 720, 95 295
ZI634HL 2 4 33292.656107 127 660, 85 300, 187 474
TR549FN 1 4 33298.466755 124 720, 167 758
CK964PK 2 3 33307.488374 185 389
BU813DH 2 4 33312.946009 134 360, 145 720, 159 285
HF806ZG 2 3 33316.122483 160 450
SI316CR 1 3 33317.471713 96 420, 183 271
SO793WM 2 4 33320.715108 169 900, 128 358
WW771SE 2 3 33323.159137 134 537
JR970AQ 3 4 33328.103062 80 420, 122 480, 102 300, 99 32
WI434JW 1 2 33332.550746 170 105
TQ835LU 1 2 33336.203296 81 222
YR772JR 3 4 33342.200539 127 540, 88 652
MO125UP 1 2 33344.322650 119 151
WS221TM 1 2 33352.519727 123 146
LK071VJ 2 3 33356.647976 189 380
DY513JZ 2 3 33362.971418 181 300, 109 162
PG391EL 2 4 33367.015084 138 420, 110 600, 189 360, 107 56
GP439SV 3 4 33375.667729 80 600, 84 720, 190 92
UG659MX 3 4 33377.197023 86 540, 117 680
MD650XQ 2 4 33380.048519 159 300, 188 720, 152 98
UY768QM 1 3 33384.622249 86 840, 97 183
TX561BN 3 4 33392.377084 157 780, 81 43
SK327MD 2 3 33395.358635 153 470
BS401PK 2 3 33397.160257 82 600, 115 198
XV677QS 3 4 33399.293662 165 420, 153 300, 189 57
BB338SF 3 4 33401.876649 166 720, 98 66
RC836DM 1 3 33411.754096 122 720, 92 23
MP614ON 2 4 33421.484272 137 480, 161 780, 103 64
SA925JJ 3 4 33426.328706 177 480, 82 500
GA571NS 1 3 33431.050000 117 769
GU527XJ 3 4 33435.359942 116 540, 163 388
FP356YN 3 4 33440.511405 98 900, 155 243
RZ910EE 1 4 33446.203388 121 360, 127 360, 85 300, 176 420, 161 169
IC273VU 2 4 33455.881270 185 480, 143 540, 182 175
DQ937CN 2 3 33458.042744 183 393
DH698TY 2 3 33461.351063 81 888
RP071GZ 2 3 33465.146512 94 540, 190 111
BX059NX 1 2 33473.980105 157 114
KC257JT 3 4 33483.371640 84 720, 139 471
YE820BP 2 3 33489.376809 168 428
LD391PZ 3 4 33489.906751 188 600, 182 72
NJ890FN 1 4 33499.331498 153 600, 141 360, 142 360, 165 135
PO826BP 3 4 33505.839869 180 300, 115 626
JW869DY 2 4 33507.932362 101 600, 103 840, 122 417
FB636KJ 2 3 33509.749704 179 402
SC891KR 3 4 33513.111493 151 660, 142 185
UE191DH 2 3 33522.960982 184 391
AG383CW 3 4 33530.114838 167 754
FO484SD 3 4 33537.972771 123 660, 150 298
RZ845DR 3 4 33545.761412 118 600, 112 492
FK663NX 1 3 33550.659654 167 360, 102 292
MD245JC 2 3 33553.389456 82 480, 134 243
XB464CQ 2 3 33556.921939 172 418
QZ040YW 3 4 33562.442849 97 300, 117 720, 163 77
PM039HU 1 2 33567.098366 182 98
YC800WF 1 4 33574.292175 190 720, 141 561
UI542FM 2 3 33580.303319 134 537
YN111QE 1 3 33587.193608 94 600, 159 211
MS316FF 3 4 33591.610037 162 600, 114 252
KA405UU 3 4 33597.116695 130 720, 176 184
DA580GL 1 2 33598.329832 131 137
UL667CZ 3 4 33598.891209 171 540, 151 222
TV316AW 3 4 33604.727327 118 360, 97 840, 160 12
BY271YE 1 2 33612.105636 170 105
VS873CH 2 3 33617.959218 179 402
IR613WX 2 4 33625.296972 91 540, 186 660, 156 167
ZO790FJ 3 4 33630.372866 175 600, 157 133
UJ874RZ 3 4 33638.549735 185 681
IF609ZA 1 3 33641.505615 186 300, 142 240
LO091UC 1 2 33648.082268 149 120
NH355OR 3 4 33649.228629 159 792
SJ326YJ 2 3 33657.717308 183 360, 162 37
GV305RX 2 3 33658.316795 186 387
BV381FE 2 4 33666.610502 118 600, 87 420, 104 600, 85 300, 184 15
SQ085DA 3 4 33672.975619 96 300, 172 300, 150 304
OS606EE 3 4 33679.449639 114 600, 110 523
OP027CQ 1 3 33680.761614 182 420, 190 71
YY946XT 2 4 33687.064926 160 600, 104 540, 99 360, 90 113
TT042WU 2 4 33690.988911 169 480, 140 420, 126 300, 98 206
OI980AP 3 4 33693.008662 143 360, 88 480, 122 264
UW576FB 3 4 33698.398736 123 360, 143 571
HJ918OW 2 3 33700.245857 101 600, 81 140
LO251ZB 1 2 33702.883319 175 102
WV369YL 2 3 33704.775510 111 648
VH549IG 3 4 33710.409600 168 480, 115 394
DJ538YN 1 4 33717.836119 164 480, 177 600, 171 181
OV473YY 2 3 33719.727448 131 300, 125 261
XE837WS 1 4 33721.923658 170 300, 82 780, 166 608
RC516IW 1 2 33730.300651 153 117
WG835UU 3 4 33739.985322 168 720, 121 41
ID683IQ 2 3 33742.756448 104 300, 82 420, 98 64
SL676RA 2 3 33746.960020 127 360, 143 183
EZ827QS 2 3 33755.510309 169 360, 123 90
FI682MJ 1 3 33761.301486 134 600, 112 85
HW082PR 2 3 33764.886179 129 300, 158 210
DD415ZD 3 4 33770.142504 135 540, 129 360, 108 61
GR386CK 1 4 33778.050246 131 480, 155 900, 120 113
GW599ZE 3 4 33785.479807 106 660, 118 474
BB975ZJ 2 4 33794.592736 95 420, 129 480, 97 360, 99 360, 185 138
LR328XH 1 4 33801.584958 80 840, 109 780, 93 685
PZ123TA 3 4 33807.471498 171 736
KR031HH 1 3 33810.204956 148 300, 159 286
EB887ME 3 4 33816.732048 149 360, 172 420
BF106WA 3 4 33823.740538 140 300, 104 660, 185 83
WP834CQ 1 3 33831.330038 148 360, 94 390
JK606NL 1 2 33831.913375 82 219
LC564BV 1 4 33833.566552 153 720, 185 420, 148 190
MP288JY 1 4 33841.935320 138 900, 169 543
FV647YB 1 4 33848.598226 83 480, 97 360, 177 420, 88 760
PR486XI 3 4 33852.228637 85 300, 148 679
DN007UO 2 3 33854.857578 160 450
PK305QA 1 4 33861.497147 80 720, 156 840, 111 246
IH836JQ 3 4 33865.185360 172 360, 121 529
GA115JZ 3 4 33866.007303 178 660, 178 47
UD704DC 1 2 33874.788416 143 125
SI486GP 2 3 33884.234791 84 360, 101 413
BZ287GK 3 4 33894.128045 96 300, 94 660, 114 300, 148 6
CS590WE 1 2 33898.101768 80 225
EA920QC 3 4 33901.825721 146 480, 156 358
OM136ZN 1 4 33907.940944 162 780, 168 533
NL482LE 2 3 33912.545174 157 458
YG584FG 2 3 33916.776709 106 360, 180 187
MQ405YN 2 3 33919.968775 181 397
ML989MP 1 4 33929.834817 152 660, 154 751
WK066ES 2 3 33930.373811 137 480, 187 33
IG542JF 1 3 33932.348078 90 600, 169 213
FH310TH 3 4 33940.249857 172 732
GJ983SY 3 4 33940.893366 115 900, 116 193
HU701FG 1 2 33945.500240 83 216
BW724EB 2 3 33953.057700 154 300, 170 151
UO764YI 3 4 33958.143634 114 540, 131 491
ZD552FU 3 4 33965.239977 87 660, 117 586
YC184BR 3 4 33969.698016 176 480, 106 391
UB288ND 1 2 33972.833934 167 107
HP791HX 2 4 33979.871251 92 600, 163 660, 153 230
KY281BK 2 3 33981.044246 160 450
OF022NF 1 2 33983.498297 152 118
SC502GD 2 3 33986.366433 134 537
JY156MR 2 3 33992.308680 114 360, 186 166
DR084JP 1 4 33996.408524 126 840, 166 300, 166 360, 182 3
KI305VV 2 4 34002.117077 146 780, 86 540, 152 247
TW748RD 1 4 34008.112528 188 900, 168 278
ZQ163AO 1 2 34015.568399 172 104
GR281XA 2 3 34023.164787 184 360, 133 43
RC272WW 3 4 34030.562587 161 360, 141 482
OZ191BF 2 3 34039.914324 120 600
AO629ID 2 4 34041.040384 173 840, 178 295
LV826MT 3 4 34043.318778 125 480, 99 666
IF974VS 2 4 34052.632022 184 540, 100 360, 180 348
TO963SZ 1 4 34060.435681 184 720, 118 600, 163 78
LT330EY 3 4 34064.903902 161 360, 126 540
FA095FK 1 4 34070.283178 145 900, 150 420, 154 146
GJ617WZ 2 4 34073.555201 154 780, 188 414
GZ721CA 1 2 34081.116034 150 120
RC902JO 1 2 34088.788275 163 110
IU806AV 2 3 34094.538298 145 496
KF358IU 3 4 34101.244082 121 900, 81 211
JQ445DI 2 4 34106.244231 159 420, 81 840, 121 480, 82 62
DK832AJ 2 3 34111.707249 139 517
IF560JO 1 2 34114.132768 96 187
EQ721IA 1 3 34123.058510 124 660, 109 74
YD292WP 1 2 34132.040190 131 137
TY488RU 3 4 34134.620528 92 840, 150 300, 89 41
MA622ED 3 4 34138.655633 178 300, 174 417
FB878KV 1 2 34143.405462 186 96
DG215WP 3 4 34148.014494 155 812
KW260KX 2 3 34157.466709 141 510
FX045BE 2 3 34159.933760 112 480, 165 110
NH024DF 2 3 34166.077154 185 389
FP264SP 3 4 34168.643793 154 300, 127 540, 128 87
DU314TV 1 3 34176.958889 177 508
QH244MG 2 4 34181.390539 188 480, 139 660, 130 123
HQ215LT 1 2 34191.304550 98 183
UO721IH 2 4 34191.957354 84 540, 154 420, 141 420, 162 177
UT737RZ 2 4 34198.079921 184 720, 166 394
BP466MR 3 4 34200.343303 128 840, 80 231
NE594IZ 3 4 34210.035508 142 600, 107 381
MU551CW 1 2 34212.157866 169 106
LL119SJ 1 2 34218.155364 154 116
KU592ZX 1 3 34225.752777 96 840, 136 68
OA973SW 2 4 34230.894419 175 600, 138 540, 184 100
WB254NE 1 3 34239.744173 105 720, 126 114
QW193LB 3 4 34246.468782 118 780, 159 213
JU330UU 3 4 34256.142016 123 420, 179 415
TD144QO 2 4 34258.552777 146 900, 155 429
WE954SD 2 4 34265.187033 174 420, 95 660, 165 377
CN510YK 1 2 34269.804205 171 105
LH825UN 1 2 34277.441955 84 214
TB253CV 3 4 34279.024798 116 600, 142 397
XE834YA 2 4 34279.802499 129 720, 121 480, 174 270
NY300TR 3 4 34289.560495 93 540, 113 660, 80 15
JZ365UH 3 4 34293.196986 177 300, 188 387
MN651FC 2 4 34301.929647 125 540, 144 420, 130 538
OW277RE 3 4 34308.481410 126 480, 143 458
BJ180LH 2 3 34309.135580 167 431
OJ360UP 1 2 34314.508295 155 116
PD270VA 2 3 34323.664903 185 389
ZD876OZ 1 3 34333.154471 89 840, 190 80
DG140GW 3 4 34337.693419 158 540, 183 222
AP485RU 3 4 34338.744836 172 660, 129 96
FD120JO 1 3 34342.110281 90 720, 152 165
SK771NI 3 4 34351.743879 114 360, 182 466
ED344PB 3 4 34352.876574 84 600, 138 547
IM477VC 1 2 34362.346417 185 97
BP372AB 1 2 34367.856853 156 115
TG354TG 1 4 34376.600216 92 420, 83 300, 133 300, 109 780, 171 161
RT617PM 3 4 34383.829728 177 711
TF823FM 1 3 34392.091087 107 300, 174 332
AQ275ZD 2 4 34396.569290 106 600, 140 540, 181 324
XK945ZF 1 4 34405.922743 158 780, 161 360, 91 382
WZ640XK 3 4 34409.279123 173 480, 160 268
ZZ580XG 2 4 34416.216047 160 480, 99 360, 168 480, 170 28
HS798CC 1 2 34425.860532 174 103
LC499NK 3 4 34432.686907 98 840, 139 314
QF894ZJ 2 4 34435.306473 132 420, 97 480, 146 360, 107 405
YX011PU 2 4 34436.948799 84 840, 111 900, 165 166
FD381WR 1 3 34440.100415 95 600, 88 375
IO872IS 3 4 34441.372337 121 360, 117 540, 139 138
YU141XB 2 4 34444.954361 123 900, 107 660, 128 130
FS606KI 3 4 34450.528435 150 660, 176 153
YC873IA 2 4 34451.108341 123 900, 99 480, 126 315
RH911FV 1 4 34452.585520 144 300, 169 780, 133 308
TH719SC 3 4 34454.601397 115 780, 156 232
ML205TX 1 3 34460.337788 101 891
NM795QO 2 4 34461.165268 142 840, 167 471
FV744FQ 2 3 34464.377306 97 600, 149 92
SZ586RP 3 4 34468.774277 112 840, 152 210
WK833NZ 2 4 34471.174151 185 300, 119 420, 82 600, 187 231
XC904VI 1 3 34475.307455 134 671
XB518DO 3 4 34477.996480 184 684
UC166HU 2 3 34484.454737 146 300, 146 193
MP990ZQ 3 4 34489.697468 174 660, 161 69
VW420SV 3 4 34499.573767 86 780, 187 315
AG886RW 1 4 34500.761892 136 540, 171 480, 137 441
YW737TZ 1 3 34501.786377 137 656
WM333RF 3 4 34509.748647 130 540, 151 300, 100 105
BW717TJ 2 4 34517.638443 122 780, 153 600, 186 59
KA169BM 2 4 34522.557956 80 300, 104 420, 80 900, 156 300, 147 78
BD644YO 2 3 34527.381566 140 300, 172 174
QJ250UE 3 4 34530.679533 172 420, 134 401
HF418IP 2 4 34539.435035 151 840, 146 487
VI912WI 2 4 34541.671122 116 300, 165 540, 171 420, 119 19
JP983DS 1 3 34547.329173 109 720, 84 137
BE857UA 3 4 34550.478130 97 840, 102 300, 187 74
UQ874CC 1 3 34551.487626 177 508
FL739LD 3 4 34556.237501 120 420, 140 540
RO274GW 1 3 34558.635831 101 600, 154 190
FS741HO 2 3 34561.455519 91 720, 131 49
FB372RE 2 3 34567.885606 181 397
HK277KC 3 4 34572.886646 90 360, 183 511
BZ733RB 1 3 34582.464722 127 360, 113 391
GV660BW 1 2 34583.662773 106 169
GC551IC 3 4 34591.386835 137 660, 160 222
KX492NB 2 4 34598.448133 130 420, 99 480, 168 570
MG318HF 2 4 34601.980457 182 600, 146 300, 167 269
DJ906LQ 2 3 34606.807094 114 631
KK569MY 1 3 34608.950874 133 676
LM075NX 1 2 34614.073315 106 169
ON263BR 3 4 34618.735571 151 834
BJ805MU 3 4 34623.743355 161 300, 86 600, 146 178
IB118SF 1 4 34631.161557 87 840, 116 360, 104 660, 130 250
KY895FT 3 4 34637.876341 143 540, 171 285
UK065ZB 1 4 34640.695864 176 720, 156 480, 169 85
UN479NR 2 3 34647.680342 151 476
EJ127NM 2 4 34652.767375 94 840, 170 700
WJ095QA 2 4 34662.590453 163 360, 177 480, 181 300
VQ540HZ 3 4 34670.805455 174 540, 174 184
SM557CY 1 3 34676.070557 185 486
LG419WF 2 3 34677.878492 160 450
QX265TJ 3 4 34686.982472 141 720, 99 247
VH064TH 2 4 34696.205566 132 540, 174 720, 172 8
GJ507VD 3 4 34704.400557 87 840, 95 557
OA728HW 3 4 34713.575134 164 540, 135 277
XB451ZH 3 4 34722.411573 143 420, 179 368
IH918ZJ 3 4 34724.062174 135 720, 130 221
MW280YT 2 3 34731.191925 89 780, 88 29
NR371JJ 1 3 34737.181810 84 480, 121 410
AE098SL 2 3 34742.147460 160 450
QM029RR 2 4 34745.977905 127 420, 144 480, 97 778
FJ828VA 3 4 34752.382954 113 540, 112 540, 182 24
HK928JF 2 4 34758.738129 164 420, 81 300, 128 360, 133 441
XI864RB 2 3 34763.562852 129 540, 94 24
VZ575BG 3 4 34766.334301 188 660, 127 15
XK251SO 1 3 34775.776239 105 480, 135 293
MH572NW 2 4 34781.681702 146 480, 106 300, 94 480, 122 418
UJ023WJ 1 3 34787.568180 132 540, 129 145
QM349ZH 1 2 34789.876103 154 116
GW614LS 1 3 34790.484798 165 545
IO218OC 3 4 34791.897228 89 720, 135 458
KJ626JI 1 4 34793.266954 178 420, 88 480, 118 360, 82 689
WY590TA 1 3 34796.029007 143 600, 189 22
CV955RH 2 4 34804.630825 83 300, 166 480, 94 480, 123 392
AJ076XI 2 3 34805.889113 108 540, 143 95
CE096CY 3 4 34807.460406 185 360, 128 464
HZ432CG 2 3 34809.788741 190 378
VR069KJ 2 4 34811.595679 154 660, 95 420, 81 697
KE298SY 2 4 34819.343930 120 780, 87 780, 122 299
EP331FY 3 4 34827.425783 137 660, 182 195
AS657CA 1 4 34830.303969 171 540, 86 720, 148 417
CW973FB 1 3 34836.222567 161 559
QK731PB 3 4 34841.742117 153 720, 104 152
EW829YR 1 4 34849.109091 182 540, 147 720, 150 79
MT458YH 1 4 34849.757159 101 840, 160 660, 102 250
JO724CG 2 4 34856.728637 106 480, 89 720, 182 456
AS146FI 3 4 34862.159552 143 360, 83 540, 103 288
ZX800EM 2 3 34862.898664 114 300, 155 243
IM993IZ 1 2 34863.464640 138 130
GL791RE 1 4 34867.525386 153 300, 181 780, 140 206
OQ635UP 3 4 34868.299614 154 300, 133 600
ER584QW 1 2 34874.787804 176 102
WK123ST 1 4 34879.598919 187 540, 138 833
VZ855BL 2 4 34885.347192 133 780, 171 551
TS023JG 3 4 34885.948383 190 663
HE541WD 1 2 34893.800570 115 156
WQ430UN 2 3 34898.580874 122 360, 155 181
KW478CS 1 3 34905.359044 161 480, 131 97
EV261OO 3 4 34912.817265 190 540, 96 243
BN750RW 2 3 34919.209905 103 420, 106 271
LS537EM 1 3 34926.861723 96 780, 164 92
LF577JJ 3 4 34929.558491 170 741
SO316LV 3 4 34937.585591 179 540, 133 220
MT501PN 1 4 34938.609151 133 300, 97 360, 88 420, 180 579
OY146VD 2 3 34945.465176 160 450
PG684DP 2 3 34954.042996 189 380
QE134BU 2 4 34963.624289 149 660, 91 720, 150 227
QL556SW 2 4 34965.723347 125 300, 120 720, 95 780
UI602HU 2 4 34971.938476 134 600, 93 420, 110 714
KF579WK 1 2 34981.461871 172 104
RD986AD 2 3 34986.778629 185 389
YW495NE 2 3 34990.025799 80 480, 82 409
LG902WN 2 4 34997.231007 151 360, 112 720, 160 393
TY064QZ 2 4 34999.632383 138 480, 173 360, 123 564
GT876KT 3 4 35007.602999 178 660, 118 72
YG430UP 2 4 35010.956503 129 300, 110 900, 184 327
NI248TG 1 3 35019.580718 96 540, 104 366
HU350KA 3 4 35025.393785 168 750
LZ533PR 3 4 35032.647995 89 600, 156 465
PN409LV 2 3 35039.438500 116 300, 162 229
MI044AC 1 3 35042.052768 110 818
QQ633SX 1 3 35046.065342 95 600, 184 179
MN509DE 2 3 35046.643652 150 480
KY911CW 2 3 35053.111795 137 300, 131 235
SM419EG 3 4 35054.312882 102 780, 183 253
OX703IK 1 4 35063.239665 178 300, 93 480, 158 746
LL389GI 2 3 35071.526302 167 431
EK517PE 2 3 35078.983169 176 409
MI533QW 3 4 35082.097048 99 840, 106 404
JV654XU 3 4 35082.909969 85 780, 178 335
SK191NR 1 4 35087.872422 121 300, 178 360, 165 660, 150 44
ZW978WK 3 4 35089.519045 152 780, 179 41
HF701DN 3 4 35091.018242 137 780, 166 115
IV197WO 1 4 35093.232935 148 780, 149 420, 186 204
ZP772PM 3 4 35095.320799 92 660, 141 420, 113 53
HX043SJ 2 4 35102.926119 98 660, 170 540, 149 278
FF407BJ 3 4 35112.511016 90 600, 105 420, 143 195
IG861RC 1 3 35114.520546 133 676
LN180CP 2 3 35115.567507 96 420, 86 368
TS342DL 2 3 35121.861082 104 360, 171 202
AV308IA 2 3 35126.454099 152 473
FS478EJ 1 2 35127.702938 142 126
KG410KK 3 4 35129.192126 81 420, 81 480, 167 317
GU793IB 1 4 35133.200079 85 420, 85 660, 164 720, 120 50
ZO106ZS 1 2 35136.630946 102 176
FT623KD 2 3 35138.341620 133 420, 189 85
EB229WR 2 3 35146.825936 108 600, 89 80
MV133GW 2 3 35151.778727 122 590
MQ801GC 3 4 35160.954122 120 780, 137 236
DQ921CR 3 4 35163.529023 171 300, 179 417
GQ727VK 2 4 35165.856598 171 780, 115 480, 104 90
SQ821UU 1 4 35171.533024 156 720, 155 420, 135 285
SH004QF 1 4 35179.261390 163 360, 174 840, 134 83
EU772ZK 1 2 35186.990264 88 204
YT462TF 3 4 35188.933222 89 660, 144 360, 159 96
WL834HS 2 4 35192.511564 149 720, 170 533
LI544QR 3 4 35202.429937 88 900, 107 437
GH468DW 2 4 35209.818435 153 720, 101 840, 137 21
DQ696XE 3 4 35211.529649 167 600, 96 268
AQ980IX 3 4 35212.654369 113 540, 185 351
BV990BO 1 2 35215.504597 175 102
GF360QT 2 4 35221.601990 98 780, 81 720, 186 339
GV919RJ 3 4 35224.592745 142 360, 159 470
MN395FF 1 4 35227.425095 154 660, 98 540, 126 360, 182 88
ZR223SO 3 4 35235.459404 133 300, 80 360, 184 311
ZO440PG 3 4 35236.308367 182 480, 137 282
CN791QI 3 4 35239.144227 109 660, 181 298
XS063PQ 2 3 35247.635121 173 416
BM076KZ 2 3 35248.842054 113 600, 184 22
HF466FS 2 3 35251.191824 100 720
SW315NP 1 4 35254.767531 103 660, 132 300, 179 605
OH988NH 2 4 35258.365904 150 360, 156 300, 132 660, 136 74
WX787DC 1 3 35259.772041 174 480, 92 70
HG009QS 2 3 35260.944019 140 480, 168 28
ZN115YW 1 3 35264.256425 153 588
CX896TK 1 4 35266.619543 159 720, 164 360, 170 249
WR849VM 1 4 35275.682483 184 900, 174 289
ZE420VJ 3 4 35282.778708 177 711
NR042BZ 2 4 35286.246786 109 600, 80 600, 103 420, 164 252
LK759AB 2 4 35293.311131 108 660, 135 780, 119 180
SZ326YC 3 4 35297.909835 93 300, 114 540, 188 194
RN573WR 2 4 35303.463464 101 840, 107 720, 141 256
BZ684OT 2 4 35307.471195 122 420, 122 600, 114 645
AW232UP 2 4 35308.216627 85 300, 112 300, 137 840, 92 258
FC167ZN 2 4 35314.881114 88 660, 175 780, 104 32
FZ018IO 2 3 35316.327410 170 300, 183 114
KJ793TY 1 2 35320.197502 182 98
VP340GD 2 4 35329.684680 142 900, 172 408
ZJ071CB 2 3 35333.745888 87 480, 129 234
VN862AF 3 4 35335.121467 98 660, 155 360, 120 45
XH839FV 3 4 35341.478403 163 600, 88 320
XU408TZ 3 4 35345.400738 80 360, 128 720, 116 43
LI579DP 2 3 35346.309298 160 450
WY202LO 3 4 35346.976870 108 420, 83 660, 92 281
SU591MB 2 4 35352.435027 118 420, 189 300, 129 660, 185 35
PY945SZ 1 2 35359.621016 186 96
OE284UH 1 3 35369.072886 96 360, 103 538
NW760BH 1 3 35378.837939 174 420, 88 192
XK646DV 3 4 35386.307620 119 480, 188 366
KL296SS 1 3 35392.967345 115 782
FO363LE 1 2 35401.708452 83 216
ZZ323UM 2 3 35410.141144 104 420, 131 216
RO120BE 3 4 35413.689289 98 780, 180 275
IK805IE 1 4 35421.283972 88 840, 108 780, 164 352
UQ188TI 3 4 35422.726430 86 840, 140 384
GU162NQ 1 4 35425.759714 144 540, 149 780, 118 186
NC106DJ 3 4 35428.537010 106 600, 178 350
YR142QS 1 2 35433.339509 180 100
CQ125LP 3 4 35436.062652 124 600, 145 355
PJ646BE 2 4 35439.328673 95 900, 146 770
PC276RI 1 2 35443.419754 128 140
NS088ID 1 2 35447.769824 186 96
EY750OK 1 4 35450.074104 140 660, 148 660, 101 256
DF427HX 2 4 35458.425887 90 840, 134 360, 141 525
TJ160CS 1 2 35467.151927 190 94
FG324UI 2 3 35470.527881 177 406
LK431CE 1 4 35473.306990 179 480, 84 300, 149 703
YI731KH 2 3 35482.573263 165 436
XL013IO 1 4 35489.246287 131 900, 172 570
PB068VN 3 4 35495.752861 80 480, 118 600, 116 144
BA871WV 2 3 35501.745505 175 411
JM082SA 1 3 35504.245350 169 532
DY021ZG 3 4 35509.255851 116 360, 83 840, 106 136
LZ544VA 1 3 35515.006076 186 483
WK535SW 3 4 35522.844467 132 780, 155 148
TD991MU 3 4 35528.760374 137 480, 125 360, 186 81
YO254SH 2 3 35535.178767 184 300, 82 204
FG121DT 3 4 35539.287213 179 703
KF465RB 3 4 35543.892981 161 720, 165 61
QS241HW 3 4 35551.957083 98 900, 130 290
TG710QO 2 4 35554.780497 152 900, 92 665
QI299PN 1 2 35556.018295 81 222
FU868LF 2 4 35563.109051 140 900, 170 423
NF892QO 1 3 35565.202541 116 540, 130 210
JI681TS 3 4 35568.507432 91 840, 181 273
IH952DS 3 4 35577.151114 148 300, 90 600, 138 200
CV404KO 3 4 35584.065872 102 720, 156 336
FI439ET 2 4 35590.544833 144 480, 186 660, 107 57
MN848NO 3 4 35594.117465 123 660, 189 237
GQ055ZA 2 4 35601.087603 157 840, 96 360, 151 209
PV244LH 2 4 35611.033018 175 300, 184 790
WS357OV 1 3 35614.509713 186 300, 93 367
YK653YI 1 2 35615.742798 154 116
OK672GN 1 3 35623.442396 104 840, 88 30
ND020KG 1 2 35625.829231 143 125
TV911ZK 1 3 35633.513854 85 420, 148 366
QH610KM 3 4 35642.137718 150 660, 122 221
KV864ED 2 4 35648.610849 97 720, 130 300, 159 420, 140 159
TH134KF 1 4 35649.119464 135 300, 89 900, 86 900, 138 130
TW567QT 1 2 35657.676730 144 125
OM662ER 2 4 35658.419287 111 720, 165 480, 172 226
CY545DI 1 4 35661.466429 129 300, 87 420, 96 540, 129 689
KL371UX 3 4 35665.190083 184 540, 187 142
UO271ZH 1 4 35667.155455 121 300, 152 600, 141 627
TC372RJ 2 3 35676.186252 146 493
II365WH 2 3 35679.580645 134 537
PS751EG 2 4 35683.529945 115 300, 161 660, 145 394
VE333YY 1 2 35684.473442 114 157
TD265UU 3 4 35689.866277 125 720, 97 371
LC603JN 2 4 35691.430019 155 600, 92 900, 119 186
NX513MQ 1 2 35694.042363 139 129
RJ881XM 1 2 35701.603682 127 141
DZ032BS 1 3 35707.570270 170 529
IQ198RA 2 4 35714.364319 145 900, 124 540, 86 6
DC647XU 1 2 35723.625714 184 97
EY557PL 2 4 35729.731183 80 540, 170 480, 169 300, 160 140
NN245YK 1 4 35737.797867 145 840, 138 540, 154 127
LI050DQ 3 4 35745.781576 140 720, 175 144
OC173HD 2 4 35753.186181 153 540, 151 764
HM528GX 2 4 35756.660655 110 900, 110 540, 113 350
LW346TW 2 4 35757.657209 127 660, 141 360, 163 389
TY592VX 2 3 35767.405707 97 742
JG631OG 1 3 35775.266244 175 360, 151 178
WL460WO 1 3 35784.573021 110 360, 163 309
EX369TI 2 4 35794.060793 123 480, 97 540, 154 480, 141 89
MA518EZ 2 4 35802.145790 93 300, 176 600, 170 300, 126 107
JW031KC 1 4 35803.780143 89 660, 166 420, 138 634
ZH097ZA 2 3 35808.995986 187 385
VR144HT 3 4 35813.182085 115 360, 113 420, 94 360, 120 27
HZ737QX 2 4 35820.462520 112 660, 161 420, 173 326
BL981CK 3 4 35823.238339 144 660, 103 300
FJ663HR 2 4 35827.184900 171 840, 93 584
BN980VR 2 4 35835.887793 117 660, 105 780, 154 252
FW154SM 2 3 35837.253560 133 541
DC278YV 3 4 35846.937031 183 480, 134 284
CD813ZO 1 3 35851.460951 132 360, 83 511
XL605GP 2 3 35856.539094 106 360, 147 230
ET048JP 3 4 35864.702650 86 840, 189 284
SI226CA 3 4 35867.308986 87 480, 128 658
CY825CI 3 4 35872.214349 171 736
SB710EZ 1 3 35881.644370 102 720, 98 168
QL510JG 3 4 35889.672428 142 660, 167 193
OF707VS 1 3 35893.169416 154 584
NL549RM 3 4 35898.743552 112 480, 165 420, 149 19
QK980NY 3 4 35900.668965 128 900, 99 109
RA505FW 1 2 35904.943852 119 151
AF518YR 1 4 35910.796803 181 420, 144 600, 145 369
TJ937AW 3 4 35920.082297 98 300, 81 420, 86 360, 152 208
EA432EA 3 4 35927.836140 86 420, 160 360, 138 233
DL319UA 1 2 35931.260828 147 122
VX365ND 2 3 35935.763295 137 525
CY184QR 1 3 35937.918447 182 494
TQ804PF 2 3 35940.715471 139 480, 93 56
EV440XD 3 4 35946.579033 177 420, 170 303
FT787OK 3 4 35952.038776 185 600, 119 126
UY228OZ 1 2 35961.811055 106 169
JH743BX 3 4 35970.538107 144 360, 87 540, 146 186
OM926AK 3 4 35971.364750 122 720, 171 223
CY918VE 1 4 35980.151006 126 720, 80 360, 188 420, 127 137
VJ785KQ 1 3 35980.945390 86 300, 95 675
CI738YB 1 4 35989.130192 94 420, 144 900, 157 298
QX206JK 1 3 35997.130792 139 647
YM827MT 1 2 36000.781532 173 104
IH230NO 3 4 36004.148481 108 720, 120 360, 108 46
OA579MM 1 3 36010.948420 126 660, 162 42
EX720LE 3 4 36014.611406 126 900, 105 120
AX532KR 1 4 36018.672322 178 480, 107 540, 111 420, 87 300
OW853FM 1 2 36021.402624 155 116
BJ249RZ 1 4 36023.093643 109 300, 158 600, 190 465
HG726TE 2 4 36023.964281 172 720, 137 420, 153 108
NJ211NM 2 3 36025.697431 89 660, 150 88
RR467LQ 2 4 36028.170477 188 600, 134 635
CV140LV 2 3 36028.826479 92 600, 104 161
XM134FN 2 3 36036.837870 180 400
CE600BH 1 4 36045.256069 101 540, 127 300, 181 540, 181 141
BE340AL 2 3 36053.140633 139 517
MF491LN 3 4 36060.364753 131 780, 120 198
BK409KT 2 4 36064.111875 98 300, 88 600, 92 480, 167 420, 105 14
SI897ZG 1 2 36073.212647 168 107
DN922BK 3 4 36076.919191 92 600, 142 498
EL148CK 3 4 36080.267990 109 420, 135 594
QI653YX 3 4 36088.598646 156 300, 143 420, 177 108
UP587YZ 3 4 36096.100773 85 840, 99 300, 107 232
TE332GT 2 3 36101.791341 86 420, 144 249
XM382GT 2 3 36106.133228 184 391
EY302DP 3 4 36115.703776 92 780, 178 304
SU054JJ 2 3 36123.124922 82 878
JW737UQ 1 2 36130.704479 102 176
GE968XS 3 4 36133.384131 104 600, 144 441
HI592EI 1 4 36137.501555 159 480, 93 720, 185 393
ZN837NE 3 4 36142.512180 135 660, 175 210
IZ130NV 1 3 36148.612160 97 480, 174 249
JC288BY 3 4 36157.344145 145 720, 119 181
PK601PS 3 4 36166.511243 104 360, 190 300, 168 187
SP159KC 2 4 36168.464050 176 600, 175 528
RJ438NY 2 4 36177.182515 138 480, 175 360, 92 360, 99 359
PZ666AZ 1 4 36181.047581 142 780, 119 540, 129 317
NH609II 3 4 36188.200175 143 660, 131 241
KA956NS 3 4 36195.899975 108 300, 111 720, 94 145
OK861DO 3 4 36199.636097 102 420, 106 360, 181 248
IU990JP 2 3 36207.421124 126 571
EY487MX 1 3 36208.123986 110 540, 187 163
TF182YV 2 4 36211.918438 82 360, 101 480, 91 480, 173 420, 80 45
DA230FS 3 4 36212.921585 86 540, 98 811
LY128JP 3 4 36221.757929 187 540, 171 146
BG842XW 3 4 36228.486629 165 763
CU225IB 1 3 36231.513830 142 633
XX773QX 1 2 36234.739266 189 95
GF022AK 2 4 36243.637223 86 600, 129 360, 106 900, 134 34
MQ107ZQ 3 4 36244.454813 81 600, 168 460
YG924MC 3 4 36250.460830 104 480, 120 634
IE165YB 3 4 36251.670680 186 480, 99 360, 95 11
IF966XD 3 4 36257.457026 84 600, 148 300, 152 205
KY397ZM 2 3 36265.223593 178 404
UX243FG 3 4 36269.787320 110 780, 114 352
WB202VP 2 4 36274.315458 80 780, 110 720, 100 360, 143 142
OM470JO 1 4 36279.639847 126 300, 161 420, 109 900, 128 97
UT136ZJ 2 3 36280.512448 182 395
CW725NO 2 3 36287.638142 112 642
QM896QZ 1 4 36290.760942 156 480, 177 480, 124 452
VX441AW 2 3 36297.215305 87 300, 175 262
SU631NO 1 2 36299.337722 166 108
AO887UR 3 4 36302.060164 147 780, 117 96
JF233RL 3 4 36311.802808 149 780, 86 113
XW374SZ 3 4 36317.466753 125 840, 152 138
HC019KJ 3 4 36326.447330 176 300, 136 538
TP634HP 3 4 36333.414332 155 812
QV689VW 2 4 36337.310749 153 300, 98 720, 134 540, 156 58
LG433OL 1 3 36343.248078 92 300, 114 360, 190 112
QS957MF 1 2 36352.947528 135 133
MG830PD 2 4 36360.471675 159 780, 154 480
KK528GB 1 2 36368.570748 94 191
LP422SL 3 4 36372.919124 116 480, 135 420, 154 88
JP566UR 1 2 36379.798659 124 145
SI521ZK 2 3 36388.869427 190 300, 154 97
PJ073MB 3 4 36389.934346 108 780, 133 300, 104 17
HF646SC 2 3 36390.667737 156 461
GA400MM 2 4 36391.636682 113 540, 99 420, 104 840, 185 43
RE305KR 1 4 36397.335376 175 540, 141 300, 129 300, 93 360, 115 61
OQ604TY 2 3 36403.309275 123 585
OK182VA 3 4 36405.228192 145 720, 158 136
DU659NJ 1 4 36409.823545 126 600, 185 420, 171 366
QM510SF 2 3 36419.223657 96 360, 154 243
QH317RS 3 4 36419.981455 171 300, 133 561
JN632XV 3 4 36425.032636 135 360, 87 420, 93 420, 158 11
KE073NK 2 3 36433.835714 166 433
SF131JG 3 4 36440.059944 130 600, 158 303
AR170RD 2 4 36446.531663 111 420, 121 840, 81 420, 122 128
ET893LY 2 3 36448.728980 152 473
RH769FK 1 3 36452.864949 158 540, 187 25
YL658TS 3 4 36455.839922 118 360, 127 657
WP613LP 2 3 36463.984786 159 300, 176 138
TL514ID 3 4 36470.169742 130 360, 128 618
TM266EC 1 2 36476.204287 87 206
HW742NU 1 2 36478.176589 165 109
TG820KN 2 4 36484.585416 108 660, 173 732
CS581NS 1 4 36489.927979 81 600, 82 480, 132 360, 101 480, 90 355
BD740OE 3 4 36490.919757 114 720, 134 327
JV709HV 2 3 36500.314974 148 486
HX704GO 1 2 36501.964133 82 219
SB155TG 1 4 36510.424023 182 600, 145 660, 125 88
DM314ZQ 2 3 36519.988391 183 393
XQ467DC 2 3 36525.131791 173 416
VL217AT 1 4 36527.109676 126 780, 171 688
NZ806LZ 2 3 36535.268452 89 540, 158 151
LV633UB 1 3 36542.921185 95 420, 145 345
TE421IH 2 4 36543.712242 173 600, 188 501
PQ585JA 1 4 36548.729514 138 600, 180 740
HE639RH 1 3 36558.595374 181 497
WZ639SN 1 2 36563.842717 98 183
VV566PE 3 4 36570.017126 133 840, 110 129
KK592DF 3 4 36577.836938 96 720, 80 710
EG423GQ 2 4 36579.500216 184 300, 80 420, 128 540, 119 336
XL324YL 1 3 36584.233651 174 517
MX862EA 3 4 36584.945379 156 360, 163 428
PM431ZX 3 4 36591.198737 109 300, 80 300, 171 405
KN098KK 1 2 36599.753755 170 105
MX991IC 1 2 36602.920329 85 211
GI047LV 2 3 36606.288385 182 395
ZS035EW 3 4 36607.358307 149 420, 114 480, 125 69
HS069LF 1 3 36608.965318 156 576
DK684XN 1 3 36611.390151 117 300, 176 311
OL221DZ 2 3 36612.295784 142 300, 157 187
QV505BQ 1 3 36615.167493 94 780, 178 93
OB970KG 3 4 36624.807699 93 420, 183 360, 83 253
BR947YY 3 4 36627.460424 95 840, 147 314
EB649PZ 1 3 36634.678619 173 480, 131 53
EF396AC 2 3 36641.260398 118 610
CJ530PM 1 4 36643.448799 155 600, 147 600, 143 243
QE270LR 2 4 36648.633290 80 480, 101 600, 85 600, 144 333
GO362UJ 2 3 36656.427770 152 473
YK054RA 3 4 36664.194494 130 360, 82 720, 98 205
NF399JP 1 4 36671.409386 81 480, 92 300, 158 900, 139 52
PO686UX 1 3 36674.407634 152 300, 152 292
ID612DO 3 4 36683.567380 100 480, 97 804
VS875RY 3 4 36691.848674 111 780, 142 277
RU828US 2 4 36696.844462 118 660, 163 736
XP141BL 1 4 36701.478489 81 420, 109 540, 87 420, 83 360, 108 525
VR012OH 3 4 36707.949378 144 840, 147 34
RM837EX 2 3 36711.168072 149 483
AN066ZX 2 4 36716.673625 143 360, 128 780, 96 486
MI050VD 3 4 36725.487343 146 360, 125 300, 144 249
UE292VC 1 4 36726.100637 160 780, 179 509
OV508TG 2 4 36734.084467 152 660, 187 522
MK927LZ 3 4 36736.883871 155 812
LY250PC 1 3 36740.399583 190 300, 107 308
IU228MY 1 4 36744.959650 87 660, 85 540, 190 540, 97 103
PU832AB 2 4 36754.343095 101 840, 130 540, 188 228
YN133WC 2 3 36755.247392 92 782
OZ119MK 1 4 36761.131272 121 360, 122 900, 138 360, 148 87
BQ507CW 3 4 36768.069201 149 300, 181 449
FY816WX 2 4 36773.408445 119 780, 144 660, 132 76
WQ556BJ 2 3 36775.423762 113 600, 88 47
LT753II 1 3 36783.234339 126 300, 118 360, 151 64
MB905NF 2 3 36793.003238 82 878
IR325FS 3 4 36795.628754 189 660, 184 6
BY715BY 3 4 36798.889245 97 900, 83 300, 89 155
TV711EG 2 4 36799.719624 109 780, 142 795
TL098QE 1 4 36801.160951 166 900, 152 420, 119 23
TH401GD 1 2 36805.025295 175 102
DY190LJ 1 2 36810.382233 144 125
IH834KK 3 4 36816.766006 149 840, 86 9
CP708QG 3 4 36825.473238 173 728
XY941OG 2 4 36833.074527 135 600, 176 664
WX916FR 1 3 36840.320729 155 580
HI820GK 3 4 36850.299633 129 780, 115 220
YF565CA 2 4 36853.130277 175 540, 129 802
NK019PI 1 2 36862.986708 179 100
BO928GT 2 3 36869.368687 163 441
US092XD 3 4 36877.387108 114 900, 88 265
OO112XN 1 2 36881.289666 107 168
PP149HU 1 4 36887.016887 161 300, 126 360, 165 420, 180 294
ZO369OM 3 4 36896.083604 94 300, 171 420, 133 195
DC851GM 2 4 36903.428211 169 720, 80 720, 165 113
BM337EJ 3 4 36907.655062 118 300, 150 300, 90 420, 80 97
OM722DP 3 4 36917.422665 134 780, 106 202
WS123YC 3 4 36921.359570 101 900, 166 211
TS588HP 2 3 36930.897521 132 545
YN176UP 2 3 36931.643508 88 660, 168 82
GE141RY 1 2 36936.135401 101 178
VM181BD 2 3 36944.304520 135 420, 188 81
CD760TY 3 4 36946.035103 128 360, 167 478
BW786IJ 3 4 36954.005702 141 600, 153 270
DK814EL 3 4 36956.154295 130 420, 86 660, 112 130
JI281AU 3 4 36965.283241 120 600, 174 310
LK653JE 3 4 36973.147894 172 732
IM706ZU 1 2 36981.310365 131 137
QL954WH 2 4 36988.827951 94 420, 98 300, 93 420, 171 480, 109 73
OQ792RI 1 3 36997.701918 100 420, 165 290
KH848HD 1 4 37003.623153 144 660, 169 420, 105 475
IU249EW 2 3 37004.559475 167 300, 106 206
IK722NS 2 4 37008.403625 131 660, 101 840, 141 189
WK549ZZ 1 2 37009.269611 92 195
PO919VW 2 3 37009.939086 130 540, 133 13
DE186HN 3 4 37012.166067 174 600, 183 118
MM284XU 3 4 37014.029414 177 660, 149 61
ON830JL 3 4 37015.846920 185 540, 114 228
NS376II 1 2 37021.120331 133 135
CU682TG 3 4 37022.556622 123 420, 117 635
US181OJ 2 4 37023.692994 186 780, 120 420, 110 22
VH497FC 2 3 37029.439087 119 300, 138 263
FS917UH 2 3 37033.041905 164 420, 170 18
SH419XX 1 2 37038.757279 175 102
AB588PT 3 4 37044.665592 176 715
IX731LU 1 3 37050.027690 130 480, 88 313
LQ426LG 1 2 37057.834192 160 112
GW908FM 2 4 37067.452559 134 840, 101 660, 88 213
ZA949JV 3 4 37068.236167 148 300, 162 503
KV782DK 2 4 37075.664885 99 660, 115 360, 172 530
VK119VJ 2 3 37079.967914 181 397
KY034QN 1 3 37089.861373 159 480, 119 114
BP200YN 3 4 37093.083874 143 480, 141 360, 107 61
NI327RF 3 4 37093.930931 187 673
ER190LF 1 2 37102.522731 131 137
SK031YU 2 3 37103.505392 134 300, 142 223
SR869SO 2 3 37108.223601 94 765
SF400BL 1 3 37117.814589 137 480, 103 235
XD964EC 3 4 37120.795767 127 360, 159 504
ZH940KD 1 2 37129.363153 123 146
YX285TL 1 3 37130.654097 167 538
AE585KY 1 2 37139.433512 85 211
PO310RR 2 3 37141.697768 188 382
HK866BR 3 4 37151.630129 102 480, 158 487
UZ745XG 3 4 37154.318702 87 480, 105 802
DL154EP 3 4 37155.140623 132 480, 115 544
QO496YK 2 4 37162.389036 135 720, 184 547
QI313JG 3 4 37166.619976 142 600, 176 231
JW880CX 2 4 37172.949912 146 780, 166 506
QF318SN 3 4 37175.441641 151 834
YR816KR 1 2 37180.410658 153 117
XB266XJ 2 4 37188.253259 132 780, 118 805
CP431LG 3 4 37193.144243 127 540, 91 630
PI391TE 2 3 37193.655035 102 705
OG272RU 1 4 37202.980514 108 420, 125 720, 167 420, 139 75
PV527OZ 3 4 37205.723446 146 840, 146 23
ZU889MB 1 4 37211.028070 86 540, 160 360, 129 867
SZ115QF 3 4 37218.254290 172 420, 113 360, 153 85
NZ391QJ 2 3 37220.263223 186 387
FJ738KY 2 3 37229.917581 93 774
UA139YT 1 3 37235.342213 174 517
YF788HD 2 4 37244.859737 86 420, 102 720, 153 300, 174 244
PC572HQ 2 3 37251.237974 183 393
FV571JI 2 4 37256.921008 143 660, 156 480, 138 208
CZ057FY 2 4 37258.204014 142 360, 121 780, 83 632
OY779GE 2 4 37266.042211 160 780, 142 515
XV450UE 1 3 37270.307497 126 714
TD712QN 2 4 37271.568262 163 900, 179 286
WK416ZO 2 3 37279.575778 140 514
IR436MJ 3 4 37280.209964 152 420, 134 300, 88 249
KJ391HU 1 3 37285.217928 122 720, 131 16
LA326XU 2 4 37288.772353 143 420, 120 840, 164 226
VR125GN 1 4 37289.438864 128 540, 110 540, 102 857
CC020KX 3 4 37291.489625 155 420, 158 385
QC833ZY 3 4 37292.848166 140 420, 92 300, 183 216
TC012AE 2 3 37298.849654 185 389
CN825YK 2 4 37302.155941 99 900, 94 660, 173 270
FC013SG 1 3 37306.416366 158 569
VJ418OL 1 4 37311.034873 179 660, 101 780, 136 140
YR464AS 1 2 37319.450728 147 122
MD940ZB 1 2 37323.543086 182 98
VD026WD 2 4 37330.722841 179 420, 149 824
ZX596RC 2 3 37338.962542 83 480, 148 217
JY871YQ 1 3 37344.980352 92 720, 93 255
SX207HH 3 4 37350.184126 162 540, 117 329
WJ683AJ 1 4 37353.063661 117 480, 114 900, 138 414
VS261NN 1 3 37362.040562 121 600, 131 132
DY013FX 1 3 37363.084244 83 540, 137 329
GO768WN 2 3 37371.886326 123 360, 104 266
OG171WP 2 4 37378.800391 134 600, 112 480, 114 420, 161 99
SD091YN 2 3 37388.020267 136 480, 170 39
AC971UF 1 2 37392.738677 87 206
RV948WF 1 4 37395.258860 121 420, 144 540, 147 594
PC551HR 1 4 37396.554432 187 540, 163 360, 130 433
AK903VC 1 3 37402.769271 113 480, 98 364
FU294AX 2 3 37407.997939 119 540, 83 93
BA940TV 2 3 37411.154072 80 900
HY824BG 3 4 37420.683513 85 420, 184 490
IV657SX 2 3 37429.295171 179 300, 181 101
FW459YG 3 4 37435.258844 185 660, 80 48
TN562NN 2 3 37445.032962 160 450
QU691LP 1 4 37453.828343 126 420, 163 840, 112 233
XJ040KO 1 4 37455.016313 101 480, 139 900, 147 288
GH739ER 2 4 37456.538154 169 360, 145 780, 85 283
HJ224KF 2 3 37462.358227 174 300, 149 132
HV116NH 3 4 37471.994536 160 420, 147 360, 145 40
TN965GF 3 4 37479.078639 141 840, 91 83
MS959IF 2 3 37484.583234 151 420, 113 75
OU723ZZ 3 4 37494.218811 106 480, 162 463
KI862PA 2 3 37497.408530 183 393
OC481CQ 1 3 37504.351265 81 360, 171 355
ZQ691LW 3 4 37508.606713 108 420, 156 516
FF328JW 3 4 37513.398060 121 720, 161 241
PE467YM 3 4 37521.497879 137 540, 122 426
MK605GM 3 4 37530.512421 87 300, 159 628
WP354ZD 1 4 37536.091701 84 900, 126 720, 85 540, 154 24
IJ330AF 3 4 37545.842137 181 696
XR977VY 1 4 37548.833582 117 660, 180 480, 186 281
CS032GN 1 4 37558.302542 165 720, 104 780, 105 153
GU060MY 1 2 37566.380279 103 174
GO416JT 3 4 37574.949025 139 540, 141 300, 118 73
QN672HA 1 3 37582.951588 145 620
GQ655AD 1 2 37586.468604 131 137
GW400CU 1 2 37587.140975 122 147
FX720WS 2 4 37591.388004 118 600, 157 810
BK360BR 1 4 37601.102843 160 840, 165 360, 183 121
KI294XX 1 3 37607.114813 119 600, 135 137
LG967GD 1 4 37615.224513 171 540, 141 540, 176 270
OC217GU 1 4 37623.088148 176 720, 143 420, 182 160
EP552ZQ 1 2 37626.800689 119 151
WK903SE 1 2 37631.312199 123 146
JQ193TJ 1 4 37640.304731 190 540, 157 300, 127 522
TA077LO 1 3 37649.805337 130 360, 161 268
XC022YA 3 4 37655.461229 154 360, 153 461
ZL855DJ 2 3 37663.579834 161 447
DQ972DM 2 3 37664.337862 81 480, 147 225
BT341HV 3 4 37665.624055 131 360, 143 420, 162 115
AS490MI 2 4 37666.495777 149 480, 145 540, 127 379
VM599NK 1 3 37669.618533 116 360, 166 290
CS188FB 2 3 37678.168643 127 300, 150 226
KL990SW 3 4 37679.335145 92 540, 167 360, 157 103
OC706JU 2 3 37682.227721 101 360, 108 330
VN702GU 1 2 37686.651300 162 111
WK892NP 3 4 37689.421501 90 360, 86 480, 164 319
MP115MN 3 4 37690.443117 133 420, 161 435
VT503FE 1 4 37693.725666 123 480, 159 660, 172 302
CB428IS 2 3 37700.384618 81 300, 87 300, 124 174
FS127LK 1 3 37701.451597 182 494
CU363NA 3 4 37710.478465 118 300, 178 508
VR090RQ 1 2 37715.451706 185 97
FE283TL 2 3 37717.987498 120 300, 96 360, 147 9
IX950MD 2 3 37727.269201 181 360, 87 78
LZ865RZ 1 2 37733.678613 127 141
NL519MG 3 4 37741.427970 163 300, 181 300, 172 132
WY712PQ 1 2 37748.322664 180 100
AN926OV 2 3 37754.115980 104 600, 92 104
PD697BL 2 4 37757.553252 151 300, 80 360, 175 540, 98 300
IU707LB 3 4 37766.831664 155 540, 138 306
OF787LP 2 4 37776.465402 139 540, 146 660, 174 152
ZC740AG 1 2 37780.020753 170 105
BQ904QG 2 3 37783.222070 176 300, 126 152
SP511XN 2 3 37792.653008 160 300, 84 285
GR414CS 3 4 37794.825713 176 660, 186 52
ZF732WB 2 4 37803.584343 136 720, 143 699
ZM504FY 3 4 37813.151350 170 540, 137 249
XV375MI 3 4 37814.550080 81 360, 174 540, 139 20
NQ594GF 1 2 37822.801518 89 202
YT850DA 1 2 37829.014764 176 102
BO095VZ 3 4 37830.752095 156 780, 93 46
OS436EQ 3 4 37835.406181 135 900, 184 24
RC361KB 3 4 37841.499458 187 540, 181 138
VG279XH 3 4 37842.194605 139 660, 186 184
RU368JS 1 3 37848.869475 98 360, 104 526
XL695OV 2 4 37856.965345 107 360, 98 480, 132 480, 128 383
QR125NU 3 4 37863.595293 173 300, 89 720, 136 73
LN577YA 3 4 37868.597693 134 720, 168 175
EM341ZX 3 4 37874.169297 135 480, 100 360, 80 315
HO354EP 3 4 37876.193774 157 300, 105 540, 92 241
HV527YD 2 4 37880.485397 105 420, 87 900, 94 480, 152 200
PW744XT 1 3 37886.109484 92 900, 123 58
JP087WG 3 4 37890.867710 87 720, 171 370
SA542AC 3 4 37892.645234 94 900, 128 323
SS467LV 2 3 37896.544660 139 300, 144 210
DG364UT 3 4 37898.710313 134 780, 160 134
EW657CB 2 3 37905.117160 119 605
TG191YI 3 4 37910.229117 148 851
SX151BB 3 4 37913.449745 147 840, 80 31
IL797AK 1 3 37919.133714 85 900, 177 76
HY372LU 1 4 37919.843174 186 780, 152 466
TH349AJ 1 4 37922.245061 189 600, 134 660, 149 95
JR541UT 3 4 37930.506736 128 360, 90 480, 115 319
AK849BJ 1 3 37939.984531 92 480, 175 261
RL567FI 3 4 37949.123930 142 600, 181 225
QG014ZT 2 4 37950.584482 80 780, 180 660, 122 137
SS861VT 3 4 37953.184725 175 720
ZH084EJ 3 4 37958.572627 147 840, 101 24
OA070MA 1 4 37960.677939 151 660, 152 480, 145 299
KL408HS 2 4 37964.401300 134 660, 108 720, 140 227
UY700OK 1 3 37971.865070 154 584
GB145KY 3 4 37977.018777 90 360, 190 360, 146 172
YZ335UE 3 4 37979.200070 84 480, 123 300, 159 306
MV422LF 1 3 37984.779968 154 584
FS801KV 3 4 37993.620604 88 840, 132 394
BG069DT 1 3 37995.167453 116 540, 169 161
LC317AN 3 4 37998.352899 173 420, 153 348
JS290TQ 1 3 38001.653583 134 671
EN367VC 1 4 38002.883185 102 660, 190 420, 115 300, 190 180
XC436CJ 1 2 38006.196315 116 155
NN994VB 3 4 38009.102732 127 720, 183 188
DB925WF 3 4 38014.650097 152 480, 110 482
YH960UU 1 3 38017.129131 163 300, 164 250
PJ578UC 3 4 38026.527982 185 681
ZJ657ZW 1 4 38033.217636 96 540, 81 660, 143 660, 133 122
KF595QS 3 4 38039.310635 138 420, 160 425
VZ087KB 1 4 38040.911371 153 840, 137 638
JK024FO 3 4 38044.936226 83 480, 121 420, 103 343
ZA795TT 2 4 38046.322734 89 780, 135 360, 131 610
ZA544AU 1 2 38050.004089 167 107
BH761IZ 2 3 38059.439742 167 431
BZ305OY 3 4 38062.976768 162 777
SL952PC 2 3 38071.655534 186 387
DT883VH 1 2 38078.100526 176 102
NU963GT 2 4 38083.932451 161 840, 107 480, 95 119
BG348FE 3 4 38093.131348 98 360, 106 540, 85 360, 120 23
QB007UZ 3 4 38098.796530 125 420, 109 660, 177 8
RI389XJ 3 4 38106.277036 154 480, 112 465
XM808JO 1 3 38114.548597 174 360, 158 173
AQ149DU 2 4 38120.183799 127 360, 146 480, 98 838
NW793YP 3 4 38129.617223 156 480, 136 360, 100 21
DI782JT 3 4 38138.733663 169 745
KW649ZQ 2 4 38144.875174 88 600, 90 840, 121 360, 183 142
RT759IO 1 3 38150.183559 154 584
KK104HP 3 4 38159.853981 154 300, 112 540, 87 222
TN487RA 1 2 38165.400857 163 110
OL403MO 3 4 38167.100137 181 300, 163 300, 157 145
NG186FR 1 3 38176.413640 127 360, 122 362
IH660BK 1 2 38177.390181 117 153
XE253OF 3 4 38187.015094 138 840, 93 108
ZE824ZB 1 2 38195.124774 160 112
ZR642LJ 2 3 38196.560856 136 420, 80 185
WI783HD 3 4 38200.244354 97 840, 84 530
HJ316GH 2 3 38202.253752 126 571
SL516XW 1 2 38204.488168 92 195
PV646OK 3 4 38206.748401 182 540, 163 170
JB182RD 2 3 38215.278691 99 727
DW789FG 1 3 38222.311379 120 660, 161 67
SH995WM 1 3 38228.618412 190 420, 155 65
GL599RY 1 3 38233.570759 164 548
VY260KB 3 4 38240.524732 107 660, 168 329
LH516AW 1 3 38246.832574 150 600
OF235YS 1 3 38248.772221 101 660, 190 122
QZ056CC 1 3 38255.032519 158 420, 134 176
FG246JP 2 4 38263.011812 122 840, 130 300, 143 395
CP715SG 3 4 38267.019545 121 540, 186 326
CY013XI 2 4 38271.412127 163 540, 188 585
RF870PS 2 4 38271.985928 164 300, 179 831
NI327FS 2 4 38278.615917 148 720, 185 494
MO506EC 1 4 38287.147769 185 480, 146 871
YN198ZZ 1 4 38296.058308 111 360, 146 540, 180 540
AR569LI 1 2 38299.019118 100 180
BK388KY 2 3 38303.539032 149 483
RH572WX 1 3 38312.442817 125 600, 168 89
VM837MK 2 4 38313.740028 187 660, 85 300, 169 290
ZS165KR 2 3 38321.705808 180 400
EE144VW 2 3 38323.120577 119 480, 118 126
WM493AG 3 4 38326.395140 140 720, 148 170
TS714OP 1 4 38333.725038 114 900, 100 360, 126 540, 161 58
LK475XA 2 3 38339.145895 187 385
ML093YD 1 4 38348.664018 189 300, 132 480, 160 599
KG979TH 2 3 38354.060016 137 420, 180 80
RX094WE 2 4 38357.350557 188 900, 176 163
XQ312GU 2 4 38365.320609 121 300, 113 660, 188 463
TG780XR 3 4 38371.147317 188 670
ZO264KX 2 4 38372.450919 116 840, 88 660, 159 267
OJ677LM 3 4 38375.364775 97 660, 131 420, 140 49
UC013GW 2 4 38383.825337 102 360, 135 360, 127 600, 182 200
VB131ZG 2 4 38392.102266 135 420, 188 600, 138 206
QJ544GH 2 3 38401.984819 143 503
IH994WE 2 3 38409.681049 165 436
EW488RZ 2 3 38415.852061 138 521
AY363WP 3 4 38416.832590 182 360, 109 540, 106 15
OU592FB 3 4 38423.433971 140 540, 101 499
YB482GL 2 3 38429.679265 152 420, 162 50
YX050VG 1 3 38438.989139 177 300, 117 315
PR308BL 3 4 38440.679086 136 780, 97 205
OI948TK 2 4 38445.962522 127 600, 119 420, 189 360, 107 35
YN668LR 3 4 38448.622834 180 360, 162 377
AT134JO 3 4 38454.520498 185 480, 88 422
VC712BZ 3 4 38462.040134 126 540, 122 360, 168 83
QL060YO 3 4 38466.028402 177 600, 190 104
EY404ES 1 3 38469.523847 112 300, 163 346
OI723TQ 1 3 38476.818892 94 420, 163 309
SC026DO 2 4 38480.334875 162 840, 123 503
GC872FE 3 4 38482.643868 83 420, 143 637
HZ357FK 1 4 38488.507004 117 360, 178 480, 181 480, 155 10
NN444FP 3 4 38493.515029 133 600, 87 531
PM784MH 2 4 38498.810750 140 780, 148 600
TK770GJ 1 4 38502.438753 130 840, 93 480, 188 300, 145 39
VR490CQ 3 4 38510.530552 133 540, 119 455
IA763QX 2 3 38515.985684 152 473
PS120NA 3 4 38516.671777 96 360, 133 600, 134 86
LT442HD 1 4 38526.059269 156 420, 154 840, 102 207
XV171XU 3 4 38534.388324 141 480, 157 300, 92 121
WK838TZ 1 2 38537.420243 83 216
DX472HW 3 4 38544.960492 98 420, 152 558
GU331JL 2 4 38545.867176 117 360, 184 780, 166 74
IG448XK 3 4 38553.070681 114 660, 93 545
UN485CT 3 4 38561.813563 159 420, 109 480, 88 78
ZK840GT 1 4 38571.183984 189 900, 123 360, 96 16
ZC147LO 2 3 38577.475527 118 540, 108 76
YW738IB 1 4 38585.305989 161 480, 131 780, 96 380
ZF406AQ 2 3 38589.365599 165 436
TO645WH 2 4 38595.255667 102 660, 184 540, 131 239
WJ032ZM 1 4 38603.202826 113 660, 93 300, 149 420, 132 385
ZW428QW 3 4 38603.713443 185 540, 82 318
PS114HW 2 4 38612.543595 155 780, 106 300, 119 360, 179 13
AX226GL 1 2 38621.230657 114 157
SQ859UT 1 2 38623.186693 171 105
SK827AV 3 4 38628.210672 142 480, 186 310
LD379QQ 1 2 38634.215212 176 102
EC886KT 2 4 38639.095060 106 300, 95 540, 161 540, 173 161
IC507VD 1 3 38646.451635 160 562
IH301EF 3 4 38650.920735 180 540, 106 271
IO766NJ 2 4 38660.589863 140 420, 140 780, 172 174
BI486OZ 1 2 38662.660205 157 114
CU765TI 3 4 38668.118537 133 360, 169 462
SX053LH 1 2 38669.144025 157 114
CO826KG 2 4 38678.971843 146 360, 177 360, 151 540, 177 1
NA454ME 2 3 38685.358898 103 699
HV793SX 2 3 38688.219740 87 780, 138 29
CD461MH 1 4 38694.660344 172 540, 186 420, 152 296
ST112NN 1 3 38700.615536 145 360, 163 231
YV294PZ 3 4 38708.555279 143 360, 112 665
IZ394PL 1 2 38709.949718 148 121
XY042GN 1 4 38716.332864 131 600, 122 660, 164 346
FK117YP 3 4 38721.715003 181 480, 128 305
MU108CW 1 4 38728.137161 119 300, 145 900, 115 433
QR297PC 2 4 38730.849318 111 540, 98 720, 144 468
CF693NP 2 4 38736.714186 170 840, 141 391
HF075KH 3 4 38741.146687 118 480, 102 300, 135 287
IX284QO 1 2 38744.067011 142 126
MR715JX 1 3 38750.741580 83 360, 190 316
FL079DY 1 3 38752.479245 107 780, 95 68
HB863RT 2 4 38761.557854 107 540, 93 720, 163 449
XF715YS 1 4 38770.551861 136 840, 157 648
ZF021RV 3 4 38777.438333 159 780, 179 11
LV624YZ 2 3 38786.623377 125 576
HB405MK 3 4 38788.712633 114 480, 86 828
OE721NS 2 4 38795.467810 116 720, 135 480, 107 464
OI397WY 1 2 38804.357230 169 106
BW549QL 2 3 38813.695575 90 720, 158 45
NY960PN 1 4 38817.459584 174 360, 110 660, 80 360, 120 433
EQ885YZ 1 3 38825.404291 188 478
RZ961VE 1 3 38830.048477 119 360, 96 491
EH954FQ 1 3 38834.437403 156 576
II182II 1 3 38839.649444 151 300, 133 336
EK961TO 2 4 38845.072021 138 600, 185 360, 125 388
LD529AS 3 4 38849.961754 179 703
ZD195IW 3 4 38850.965676 120 300, 131 360, 83 516
ZE584JJ 3 4 38859.622479 187 420, 159 298
XJ277KM 1 2 38864.796505 108 166
MD101GU 2 4 38872.633799 100 480, 121 900, 126 326
HO514IL 3 4 38878.089732 156 720, 160 85
AJ481AZ 1 4 38886.808193 128 900, 103 540, 169 267
ZI871UI 2 3 38887.790269 129 558
KZ960ZC 2 3 38893.152200 128 562
OF917KU 3 4 38901.351794 130 540, 144 387
YJ913AV 3 4 38908.195532 188 360, 151 386
UQ802HV 2 4 38916.847080 94 780, 157 660, 181 116
FR806UX 1 2 38924.449233 142 126
TC656GI 3 4 38929.282813 142 840, 160 42
WE835UT 3 4 38938.981049 147 480, 135 410
FQ128HR 1 2 38948.871970 140 128
OC527LY 1 4 38957.672581 182 300, 111 720, 98 831
BH470BL 2 3 38965.763136 147 489
QV487IM 1 3 38968.071239 136 600, 96 87
II031UW 2 3 38972.273299 182 395
FF706KS 1 4 38974.475260 139 780, 124 600, 163 203
BW664KZ 3 4 38977.194618 137 300, 127 300, 97 480, 157 1
FP340AY 1 2 38980.805947 123 146
IJ476BW 2 4 38981.706217 190 660, 94 772
KF239DO 2 4 38985.223088 91 600, 138 660, 130 402
FL356NL 3 4 38985.743941 98 660, 146 300, 185 94
BZ397RR 3 4 38992.018535 85 660, 120 360, 152 175
CF505SB 2 3 38996.493156 153 470
SO416OY 2 4 39003.034774 88 780, 82 480, 139 480, 171 136
TZ624MZ 2 4 39010.420135 105 900, 123 360, 184 321
FN166QB 2 4 39012.214083 182 540, 173 576
KG152FT 2 3 39018.717206 153 470
TY359KR 1 2 39020.694827 160 112
RI692MD 2 4 39023.258711 151 840, 108 600, 143 44
YQ568ZJ 1 4 39029.235989 175 540, 153 420, 122 469
PF192VV 2 3 39037.540154 81 840, 156 25
PI876DL 2 3 39044.431134 149 420, 187 50
VH161DT 2 4 39050.197022 144 360, 160 480, 151 459
OH234PC 2 4 39056.134085 96 300, 107 300, 155 660, 130 267
BZ712SB 3 4 39057.538950 82 540, 135 605
VN540VG 2 3 39065.752359 87 360, 101 402
AP991WT 1 4 39069.100412 122 600, 92 720, 99 660, 144 77
TG198PH 2 4 39077.674323 188 600, 121 660, 120 44
PU165LK 3 4 39083.416578 160 540, 187 211
XO430TE 2 4 39091.019068 180 720, 160 427
NW806OF 2 4 39098.244696 113 360, 168 480, 105 730
QJ109SK 1 4 39099.924458 130 420, 109 420, 147 360, 141 420, 106 32
MI358OR 2 3 39102.810983 160 450
FE119XK 3 4 39105.429744 158 600, 151 206
LL484XU 1 4 39112.237365 152 780, 149 480, 81 319
WC440GU 1 4 39121.972193 143 840, 162 591
LP887FR 3 4 39129.732705 158 797
DL628PW 1 2 39137.948142 167 107
ZH086NI 3 4 39144.632910 175 360, 187 336
UW291IY 2 3 39149.785808 166 433
MJ241FV 3 4 39158.860333 141 780, 95 168
IA191BN 2 3 39161.470096 169 426
RL271RL 2 3 39163.249146 166 420, 100 22
HQ192TF 3 4 39165.009730 103 900, 120 277
IA490XI 3 4 39168.538361 123 540, 181 300, 91 58
SE166EF 3 4 39175.447430 160 300, 120 480, 171 119
PD650ZQ 2 4 39180.390942 175 540, 141 540, 185 147
VA166HN 2 4 39188.508125 92 360, 120 600, 154 600, 156 3
GW403HC 1 2 39192.941551 109 165
PL495DU 1 3 39195.617989 167 538
JL785IP 3 4 39203.131051 148 360, 107 300, 187 217
OA129FQ 1 3 39208.650765 146 616
KU185XE 2 4 39212.604771 96 540, 144 540, 108 300, 182 197
PY512GJ 1 4 39214.041052 139 600, 137 600, 119 423
EO235TW 1 4 39216.060470 105 840, 97 600, 113 615
ZC651SO 2 3 39223.624582 99 300, 105 402
WS268ZE 1 2 39232.828801 177 101
HL654AG 3 4 39237.110990 147 420, 104 617
ZS150HE 2 3 39245.377369 121 360, 95 299
ON586TY 2 3 39249.508353 181 397
IT902WK 3 4 39254.514801 95 840, 113 408
LX292HD 1 2 39261.274348 87 206
RD533YB 1 3 39269.636112 147 612
MV909QI 3 4 39276.077221 158 300, 130 604
YP193IB 2 4 39280.844186 133 540, 154 660, 80 306
HY298FS 3 4 39281.459212 172 300, 149 360, 110 188
II526DF 1 3 39288.098218 105 720, 166 86
JL227GY 1 2 39293.199190 103 174
ME924MY 2 4 39299.767855 128 660, 113 360, 107 680
FN966UK 3 4 39302.647058 128 720, 96 352
YV560QC 1 4 39311.610636 139 540, 187 480, 183 279
AW325ST 2 3 39313.938636 167 431
WI207BT 2 3 39314.923987 152 420, 114 71
ZP226FI 2 3 39321.962320 107 660, 176 7
VF918SI 2 3 39326.521023 101 540, 81 215
JA233FP 1 2 39336.479672 82 219
HM417NK 1 2 39337.079092 163 110
DO915GV 2 4 39346.547675 183 360, 140 540, 148 381
PN641DN 3 4 39348.316528 175 720
AF703IE 2 4 39351.956334 149 480, 113 300, 132 540, 173 123
BS832HW 1 2 39353.387874 134 134
MX783PN 3 4 39361.810374 155 660, 121 195
VQ302GE 2 4 39364.077144 171 300, 123 600, 161 360, 81 184
IA876FG 3 4 39366.845087 102 540, 172 412
VP642JS 2 3 39371.319234 181 397
OE979VJ 3 4 39374.465360 121 480, 140 485
PY414XH 2 4 39383.903395 178 720, 99 420, 121 233
VS480CU 2 4 39387.436928 167 720, 177 300, 154 160
FU115CS 3 4 39392.907112 102 780, 96 483
BQ204TC 1 4 39399.618590 132 360, 95 780, 125 660, 137 86
QL424AN 1 2 39405.632566 128 140
NQ269OF 2 4 39411.573966 129 900, 142 540, 175 29
TK009PT 3 4 39419.240617 187 480, 135 268
EH005NS 2 4 39424.405486 105 420, 137 840, 120 300, 107 26
LK936ET 1 2 39425.719535 181 99
JT093DU 3 4 39431.206276 86 900, 106 458
RF043AA 1 4 39435.471213 188 780, 87 420, 157 209
PV609SE 3 4 39439.447687 136 840, 104 113
CG487ED 2 4 39447.168504 153 480, 146 660, 166 169
MZ111AT 2 3 39455.802506 94 540, 152 139
AH845FD 2 4 39464.007227 158 360, 186 600, 137 215
ZV083UL 3 4 39473.286912 94 780, 128 411
ZE622ZH 1 2 39474.228622 99 181
JU635OE 2 3 39477.538536 142 507
AM832AQ 1 2 39484.699987 89 202
HJ981PG 2 3 39490.789708 148 486
OR388SQ 3 4 39494.250963 150 660, 131 206
XD652GM 1 4 39499.579387 160 360, 96 480, 186 540, 140 84
NH414VE 3 4 39502.439808 166 300, 172 300, 81 303
KE107EV 1 2 39503.922781 188 95
JQ413CX 1 2 39506.843774 143 125
HX350JB 2 4 39511.239946 170 720, 97 720, 176 32
HA349QI 3 4 39515.644263 135 780, 131 158
PA702ME 1 4 39518.601549 150 300, 87 540, 92 300, 137 703
FF786SX 1 4 39526.243145 80 600, 98 480, 120 600, 136 300, 183 44
XC559QT 2 3 39531.527876 137 420, 88 164
LF561XK 3 4 39534.558477 135 600, 162 277
WX517OS 3 4 39535.554943 82 600, 124 619
IF150CO 3 4 39536.097274 93 840, 185 258
GN635AE 1 4 39545.786635 140 900, 83 900, 115 133
IM149TT 3 4 39554.932931 163 773
BE953RL 1 3 39564.743518 92 600, 163 213
YW536CD 2 4 39565.996325 156 840, 172 389
BL519VL 2 4 39570.707446 141 660, 174 603
UU130TE 2 3 39579.105867 139 420, 176 77
LY905SJ 1 2 39579.958605 151 119
CJ338YN 1 3 39583.988768 137 540, 138 116
VF543QK 2 4 39589.987563 121 420, 83 840, 115 540, 88 174
LT546BO 3 4 39593.907973 118 480, 123 420, 83 213
TG562HG 3 4 39602.577958 104 900, 177 183
AB761FI 1 3 39609.969171 85 900, 189 71
NY726OF 3 4 39618.634681 179 703
JQ594NW 1 3 39626.709090 82 480, 88 540, 120 26
CW778VC 2 3 39632.453044 122 590
NR893QV 1 2 39641.597590 104 173
WQ131PY 2 4 39643.658272 185 420, 122 300, 183 457
WV671VK 2 3 39650.778779 90 800
DL407QQ 3 4 39654.251753 149 660, 154 179
MK825ON 2 4 39662.244806 128 720, 102 600, 99 450
OC653NV 3 4 39667.951933 120 360, 143 540, 177 31
UI759NQ 1 4 39675.116504 174 840, 119 300, 87 300, 184 43
VN053IC 3 4 39681.700298 188 670
LD154RK 1 4 39682.755430 182 900, 126 414
CY647ES 3 4 39692.737346 130 420, 164 435
RF410NJ 3 4 39701.312431 83 300, 94 300, 128 569
TI064TN 2 4 39706.358225 88 300, 81 360, 146 660, 160 287
KN085XZ 1 2 39708.018673 163 110
BN900EW 1 3 39714.763368 108 600, 112 225
OU805JZ 3 4 39722.389564 106 900, 123 248
KD811PF 3 4 39723.169407 151 720, 140 123
QA081OJ 3 4 39729.727640 117 720, 162 257
PA284AA 3 4 39737.216300 174 300, 112 540, 153 87
XT312PB 2 4 39740.443101 190 660, 155 468
GS500XG 1 4 39743.219892 106 600, 83 540, 106 840, 158 117
FF037FC 1 4 39749.950374 150 300, 123 720, 121 660, 107 24
FT250RW 2 3 39757.572885 142 480, 157 24
CP492UY 1 3 39760.690811 144 600, 119 30
FN832DF 3 4 39761.706371 115 540, 188 339
OG646UN 3 4 39771.370917 176 715
AP480AH 2 4 39772.430867 163 900, 102 502
VS161JI 2 3 39773.354560 114 631
SC097HX 3 4 39773.895057 115 780, 145 250
LR506NY 1 4 39777.280430 100 840, 172 600, 159 181
LZ799WN 3 4 39779.887774 116 420, 155 420, 115 105
TK132YJ 2 3 39782.578747 190 300, 131 114
FC123XH 2 3 39785.297740 108 600, 99 72
NX565PG 1 4 39789.991624 178 900, 186 300
JL836IK 1 2 39795.281605 148 121
JF269PU 2 3 39804.761731 154 420, 121 60
XJ035PL 1 2 39808.441767 136 132
PY331MQ 3 4 39810.076180 186 677
YZ608SB 3 4 39812.394913 169 300, 167 450
FG428SU 2 4 39814.653652 101 660, 142 780, 127 162
GY636QI 1 2 39821.437120 145 124
WG855EA 3 4 39827.658714 103 600, 106 600, 102 5
HI964IQ 1 3 39834.933957 164 360, 173 178
UX217BA 3 4 39843.860396 142 480, 160 361
CF970TD 3 4 39851.259589 183 540, 149 182
OP745IM 2 3 39860.254568 160 450
NK545DS 3 4 39868.531278 101 900, 126 278
BF668KO 1 2 39877.883582 130 138
DK826YB 2 3 39887.812342 89 808
UE051JQ 3 4 39896.764206 101 900, 86 408
OW104MD 1 2 39900.382242 133 135
ER915VW 1 3 39901.573244 102 660, 137 165
LE854SQ 2 4 39902.537894 85 660, 121 840, 102 394
AK837XH 2 4 39904.553901 174 540, 172 604
NJ827SA 3 4 39907.908994 129 300, 100 420, 147 308
MO166XO 2 3 39917.785363 119 605
JK314WL 3 4 39926.994077 163 660, 97 189
SU555QK 1 4 39931.325598 116 720, 92 840, 174 317
OH274BB 3 4 39937.176473 92 780, 152 356
AD958QI 2 4 39941.686838 152 720, 160 553
GN546SP 2 4 39945.095785 170 780, 92 660, 83 56
XQ477AZ 1 3 39949.287652 140 642
KO324TG 3 4 39956.786292 188 300, 157 360, 121 108
GF553DT 1 3 39963.607784 141 638
MQ058AN 2 3 39968.209465 117 480, 175 90
AT009IJ 3 4 39978.136761 91 480, 172 478
MP705EH 1 4 39985.546498 94 780, 84 720, 154 360, 125 214
UV394VE 2 4 39991.423040 175 600, 164 300, 182 240
XA695II 3 4 39999.375616 173 728
VT054LA 3 4 40001.556709 166 420, 129 436
JV180LZ 2 3 40011.406027 154 467
NS967CY 3 4 40012.093079 111 300, 114 480, 86 441
AU367LK 1 3 40019.386622 83 720, 85 355
KN319PS 1 3 40022.952938 158 569
ML771SK 2 4 40023.685404 171 540, 184 574
WT886FV 3 4 40028.359521 158 300, 136 577
PJ668UD 1 2 40033.118982 190 94
SU037RH 1 2 40039.201629 136 132
WA046LU 2 3 40046.978611 83 540, 127 214
FK054WV 1 4 40049.081375 184 780, 120 604
CL189GX 3 4 40057.527768 112 660, 93 560
YQ960GQ 3 4 40065.764529 141 840, 172 43
AW401RX 1 4 40066.759557 189 780, 108 360, 98 303
KP545FT 2 4 40075.079853 114 300, 120 600, 139 660
CX597RG 3 4 40083.503996 114 480, 152 420, 136 54
OX042LT 3 4 40084.875844 174 540, 180 178
BP040CN 3 4 40086.088724 104 540, 86 600, 180 101
PQ416DO 3 4 40090.873319 163 300, 170 300, 135 193
TB812WY 1 4 40094.285107 110 360, 155 360, 101 360, 93 840, 122 50
HJ206QI 1 4 40098.960458 187 480, 126 420, 146 360, 139 149
IJ363EV 1 3 40100.772556 174 517
CY380YE 2 4 40108.262778 169 600, 118 818
MV437LA 1 4 40115.149952 112 780, 83 540, 154 544
TY306XI 2 4 40121.003613 123 480, 104 540, 163 420, 148 96
ZP433EY 2 4 40128.068040 153 360, 89 300, 119 720, 133 229
XE442AI 1 4 40131.443051 119 720, 180 480, 133 330
HW344LH 3 4 40139.218011 172 420, 169 318
FO725WL 1 4 40143.243187 87 780, 88 600, 173 551
XW966HH 2 4 40146.480388 162 660, 125 728
SF712TQ 3 4 40149.658221 189 666
PB162HZ 2 3 40154.197195 149 480, 130 3
EV895NE 3 4 40155.623045 150 360, 95 660, 166 56
FU732DT 1 3 40161.719153 90 480, 177 264
LJ614NQ 3 4 40168.625133 118 780, 187 181
OO374OH 1 3 40176.846188 133 676
CL495VL 2 3 40186.217189 139 517
ZA348QI 1 2 40188.262548 175 102
SS175BG 2 4 40192.935311 187 720, 127 360, 138 127
IK181YA 1 3 40202.250896 161 360, 109 293
MZ633VZ 1 2 40210.452630 116 155
MH630VQ 1 4 40214.242400 175 600, 95 720, 158 269
DZ865WZ 2 3 40216.207079 174 413
YF981RT 1 3 40222.098995 82 600, 87 468
HK124SO 1 4 40228.202441 188 480, 181 600, 130 131
QT131HR 1 4 40230.278428 120 900, 97 900, 144 143
MD871RE 3 4 40239.663992 117 780, 131 265
SA715MJ 3 4 40243.985401 162 660, 103 185
FK023VI 3 4 40247.884208 82 600, 104 480, 108 248
LX968MA 1 3 40256.431138 185 480, 168 7
TM964AF 2 4 40263.131392 82 720, 135 660, 184 270
OB012MO 2 3 40267.998796 131 549
LD502WY 2 4 40270.410424 133 720, 107 720, 109 231
CG904QD 2 4 40274.811172 129 480, 83 540, 106 860
AQ826IA 1 3 40284.091042 178 300, 184 198
FN843NQ 2 3 40286.446278 129 558
YJ918QR 3 4 40291.179595 84 540, 130 620
JW939ZL 3 4 40301.000225 102 780, 97 478
GJ786HF 3 4 40307.042878 125 360, 106 720, 89 52
LB525JC 3 4 40316.153337 126 900, 104 121
WF023NL 1 4 40320.295920 189 840, 81 706
FF898DX 3 4 40330.087263 124 840, 174 125
AI985SV 1 3 40335.686264 172 523
XK197VM 1 3 40338.866107 90 900, 101 89
CU012UF 2 4 40341.700944 120 600, 173 720, 97 14
SV602AN 1 4 40345.823786 138 300, 103 840, 89 660, 108 271
UM155GP 1 4 40351.300479 84 600, 114 480, 175 600, 161 36
JI715WE 3 4 40359.019408 96 360, 90 720, 179 148
XZ518BJ 1 3 40367.813817 88 840, 186 86
ZW041OQ 3 4 40368.956925 90 540, 173 420, 167 28
ZK221JT 3 4 40376.436637 176 715
SD125NV 2 4 40386.371245 185 600, 135 644
JX167SD 2 4 40388.726491 179 480, 156 600, 121 152
UJ701VW 1 4 40396.528455 122 300, 131 300, 146 840, 120 145
CR273EH 1 3 40401.314983 87 660, 172 189
AF553XB 2 3 40404.908722 98 734
VK715CX 1 2 40407.560266 83 216
VU398YP 3 4 40409.973308 152 540, 181 242
HW988ZT 3 4 40413.905234 98 660, 156 393
WE392HF 1 3 40418.686385 183 300, 82 428
KZ099ZQ 1 4 40424.207931 142 900, 155 540, 128 35
WA659JJ 2 4 40430.484666 137 660, 136 791
KR536SQ 1 4 40431.221085 119 420, 138 300, 146 780, 111 96
CW915QV 2 3 40438.824117 112 642
BV641EE 1 4 40445.121769 117 360, 119 420, 184 673
XW526QN 1 4 40449.135754 85 420, 126 480, 93 840, 182 229
US890TY 1 2 40457.462824 114 157
FM416EC 2 4 40458.047541 118 660, 122 900, 131 78
GG243HF 2 4 40464.365592 189 540, 92 600, 170 239
FX494JT 1 3 40465.999783 88 660, 93 343
QA172YF 1 3 40470.909985 153 588
PZ425CS 2 4 40473.161614 88 780, 84 660, 166 445
HQ498ML 1 4 40475.173923 182 480, 165 420, 184 322
ZY156CG 1 2 40480.073689 153 117
VV930FA 3 4 40489.902465 127 780, 185 145
FJ036RB 1 3 40492.221967 80 780, 98 281
XL321GS 2 4 40496.395058 176 720, 121 540, 106 56
BJ809WX 2 4 40504.618037 158 660, 83 420, 168 350
BA949TE 3 4 40514.221885 109 360, 178 487
EI436ZJ 3 4 40514.756042 117 780, 105 330
SI010QC 3 4 40516.356549 165 660, 138 123
ZO240ZW 3 4 40523.612605 110 540, 83 300, 90 463
PK763GA 1 4 40526.592149 143 540, 128 900, 124 190
GQ094ON 2 3 40533.528045 126 480, 157 73
VH998EJ 3 4 40537.892732 185 660, 127 30
IJ954FP 2 4 40545.474715 156 480, 171 300, 161 446
FX206SR 2 4 40554.087216 163 600, 131 764
KA774CW 3 4 40563.236883 105 540, 101 686
DM444SI 1 2 40564.129997 85 211
OE856PC 3 4 40565.942701 91 660, 126 523
BG590HW 2 4 40574.606727 162 480, 87 480, 143 548
BE066WX 3 4 40580.263971 156 300, 102 776
RF509DJ 2 4 40586.085002 115 720, 163 600, 159 109
ZK911PS 2 4 40594.127593 172 900, 138 313
AV949QK 3 4 40597.191143 83 660, 98 726
MU173ZW 2 3 40598.357070 112 642
YI157UO 1 2 40603.729933 171 105
EZ305IF 3 4 40611.338222 129 360, 166 479
GN713LT 3 4 40619.045918 188 600, 80 165
NF774AK 2 3 40622.428824 151 476
FL092JW 3 4 40624.962426 152 720, 122 135
JO522VN 1 4 40631.551064 91 900, 86 300, 178 608
YK467NP 1 3 40636.657964 136 661
GA142TK 3 4 40639.691765 168 360, 145 451
WH155FM 3 4 40641.112955 95 900, 80 506
LH750SY 2 4 40643.583783 102 840, 179 480, 139 189
BH811KA 1 2 40651.952906 126 142
VI287SM 2 4 40660.181261 157 840, 137 482
UN212SQ 2 4 40669.218295 95 900, 83 660, 183 315
CP052IV 1 2 40671.807606 101 178
EX986JZ 2 4 40675.481659 133 720, 179 571
JV025RX 1 4 40679.350317 146 540, 91 420, 137 360, 80 620
QO088GY 2 3 40685.039727 109 300, 119 330
LG500UA 2 4 40687.541061 183 840, 187 236
EU064EV 2 4 40694.654122 83 600, 186 660, 98 259
FE605DG 1 3 40698.205464 178 505
LU446SI 2 3 40703.205651 146 493
GG773XK 3 4 40712.805545 157 300, 137 575
UA532YJ 3 4 40719.710312 98 300, 126 360, 155 330
VM122VU 3 4 40728.351647 187 300, 91 600, 161 95
XV101AR 1 3 40734.821344 88 480, 183 260
HG693VZ 1 2 40743.068114 120 150
GD723AT 2 4 40751.948752 89 780, 177 600, 110 203
RP516MQ 2 3 40759.447954 94 300, 151 290
VA896CM 2 4 40764.000970 105 420, 129 600, 162 472
MM993XJ 3 4 40772.530877 99 360, 130 695
KJ100XD 2 3 40775.192476 110 600, 82 73
CT663EG 2 4 40784.704389 181 720, 165 410
WS975WF 2 4 40787.058610 189 360, 88 780, 167 367
RF849UG 1 4 40793.782049 82 540, 118 300, 119 420, 126 480, 188 137
JI533SC 3 4 40794.635475 124 480, 96 692
SM682EN 3 4 40801.661241 116 720, 110 386
UI755LU 2 4 40805.591891 129 600, 108 300, 178 495
HM749MN 1 3 40809.114955 85 840, 100 186
XT644AX 1 4 40812.761927 133 360, 189 540, 101 654
ZQ027KO 2 3 40818.262478 170 423
JW020UN 3 4 40819.722568 182 692
FW791KJ 3 4 40827.533166 162 300, 107 420, 138 235
PX224EM 3 4 40830.123038 165 720, 117 61
IZ672DG 3 4 40832.175295 166 360, 190 348
BI092ZM 3 4 40842.056498 186 677
LB834NM 1 4 40851.475841 104 720, 118 360, 148 660, 81 11
RA326RH 2 4 40855.238408 162 900, 128 407
CP375MD 2 3 40862.859590 87 480, 128 236
FB238SB 3 4 40864.692107 168 660, 134 112
ZZ769AA 3 4 40869.611174 92 300, 108 720, 110 187
QT911VH 1 4 40870.234523 144 720, 170 420, 89 459
TV523NQ 3 4 40879.155256 180 420, 83 607
WI160HW 2 3 40880.805772 130 553
QS436DY 2 4 40881.761304 103 300, 186 840, 125 86
MG467WM 2 3 40883.126722 86 540, 121 211
AQ253ZE 3 4 40887.106822 89 480, 118 600, 155 80
JW520IX 1 3 40888.686409 138 540, 82 188
ZJ497EG 2 4 40891.444015 120 600, 116 900, 125 172
ZW196UP 2 4 40901.212157 101 540, 87 300, 143 480, 138 353
RU115RZ 1 2 40910.816585 123 146
LL985RF 1 4 40916.244866 80 300, 126 660, 155 702
BF010HJ 2 3 40918.296102 166 433
HI969UR 3 4 40920.798140 93 360, 107 864
NK111HX 1 2 40923.314497 125 144
OV081XB 3 4 40932.493806 112 540, 99 661
JV088XI 2 3 40934.278250 95 660, 112 83
EW542RY 3 4 40940.209428 88 540, 141 556
CE923UH 3 4 40940.946398 163 600, 164 171
VF686PA 2 4 40946.364774 140 900, 159 452
JI266RV 2 4 40948.714370 98 360, 132 900, 133 330
RL353LQ 2 4 40953.526469 163 300, 96 720, 88 540, 139 233
FO976BI 3 4 40954.106111 103 900, 96 346
CS754JL 2 4 40958.248655 171 300, 150 300, 94 840, 96 236
TY829GV 2 3 40964.640226 83 867
TR239VQ 2 3 40966.940762 188 382
IR350IE 1 4 40976.203441 168 600, 186 600, 162 22
KJ067WV 3 4 40981.553318 151 834
ED764SN 3 4 40987.654877 135 420, 171 300, 108 166
JG924LO 3 4 40993.173274 84 840, 184 301
XY434ER 2 3 40997.968328 126 571
FI817JP 2 4 41001.271635 125 360, 110 840, 138 439
SQ078RL 1 3 41010.418419 81 900, 127 134
ZW484ZF 2 4 41016.331616 112 720, 105 300, 113 600, 189 95
ZE502EL 3 4 41019.145825 161 480, 184 264
GN382HL 3 4 41027.623548 160 540, 176 225
SL511HZ 2 4 41033.360619 100 360, 178 720, 97 348
WU580ZQ 1 2 41038.454034 90 200
TD506EV 2 3 41039.874262 107 540, 176 80
PS783TC 3 4 41049.191572 129 420, 168 427
AN464YS 3 4 41051.739523 151 300, 87 720, 188 96
FT870RR 1 2 41057.686108 185 97
YH320RW 2 4 41064.020239 109 360, 128 720, 155 429
CL568HJ 3 4 41066.824820 87 840, 83 420, 167 108
SJ796SP 2 3 41071.207997 93 774
QH915MK 2 4 41080.685225 81 660, 81 900, 129 540, 133 14
GQ117PT 3 4 41087.196002 174 420, 146 362
RV135YR 2 4 41095.700740 112 480, 94 300, 122 720, 91 309
XX701JU 1 3 41100.793920 83 660, 138 255
YB908TK 2 4 41101.678144 115 540, 100 360, 172 540, 107 65
XU601EM 3 4 41107.549560 190 663
LW452LP 3 4 41110.294647 133 360, 141 554
UP002CU 1 4 41111.484072 159 840, 168 490
NF077PB 2 3 41113.132595 166 433
VG425TE 2 3 41114.152356 99 720, 104 6
DT128NB 2 4 41120.157372 139 360, 94 720, 102 540, 130 193
PD397ZZ 3 4 41124.195505 179 703
VD053GY 1 4 41133.674760 82 720, 102 660, 97 420, 140 349
RO826VS 1 2 41139.317391 162 111
HU773LL 2 4 41145.109881 168 900, 82 300, 96 231
SO169DE 3 4 41148.498115 184 480, 84 448
NA232JW 3 4 41152.434019 89 900, 127 361
XZ458NG 2 4 41161.203549 154 720, 159 547
FN257JX 2 3 41167.939135 148 486
AE402RW 3 4 41173.091965 154 600, 115 292
RT917HW 3 4 41181.591694 93 840, 181 264
WN332BD 2 4 41183.700694 145 660, 85 360, 162 442
UA516LI 2 4 41184.995617 125 780, 173 580
WV934EH 2 3 41192.633779 160 450
HJ867XJ 2 4 41196.283340 151 420, 147 660, 111 338
HX397RD 2 4 41199.749352 99 720, 185 360, 185 324
VN544TH 1 4 41207.801309 160 480, 144 780, 93 289
TO913HP 2 3 41212.085755 114 480, 143 120
CA144AV 1 4 41217.718468 185 660, 104 600, 180 175
VK862UD 1 4 41220.927568 151 420, 109 720, 157 471
EB192QR 2 3 41230.202586 161 447
JL370FK 3 4 41232.842250 162 777
EU469SE 1 3 41242.059188 156 420, 178 137
NU333UZ 2 4 41244.850010 175 720, 101 712
UF297VE 3 4 41253.788527 151 480, 125 428
LI046UC 3 4 41262.600196 117 300, 113 780, 162 17
WL329TE 1 2 41268.992616 170 105
HX303DE 3 4 41277.029452 126 660, 136 315
FZ169LE 1 2 41278.784346 165 109
KS742JG 3 4 41287.100621 100 420, 170 494
ZV297MZ 3 4 41296.327845 100 420, 188 360, 188 86
FP370UB 3 4 41302.888952 115 540, 140 456
DF251NR 3 4 41303.782077 184 684
XH350RH 2 4 41309.629044 85 300, 143 900, 112 391
RK510KT 1 3 41313.496448 182 420, 171 79
XZ345KX 3 4 41319.866713 129 660, 189 216
CF515HQ 2 4 41325.388252 142 480, 162 540, 178 237
AR524WV 2 4 41332.644573 82 660, 95 300, 132 480, 131 397
MN979XS 1 2 41335.112736 92 195
MT512NJ 2 3 41343.362743 155 464
TW835DF 3 4 41344.110949 175 720
PO522YH 2 3 41348.107772 161 447
IU776OJ 1 4 41351.592828 169 300, 113 300, 169 300, 95 780, 120 55
PS513PS 1 4 41358.512339 88 780, 146 360, 186 480, 180 30
JX965FV 2 3 41363.921379 122 590
FL034DL 2 3 41368.474749 106 679
LG790WE 2 3 41376.205262 80 720, 164 87
UJ160UT 3 4 41377.335484 125 900, 139 97
UK081JK 1 4 41384.695767 148 720, 90 360, 130 360, 104 290
KP673NL 2 4 41387.129750 96 480, 120 300, 128 420, 146 425
MT990MQ 1 4 41393.781379 152 780, 144 420, 84 439
HS336RR 2 3 41403.573854 145 420, 134 82
IZ287ZG 3 4 41406.270854 88 780, 180 318
YK441WW 3 4 41411.651795 184 540, 102 261
JC309DR 2 4 41414.867183 175 540, 185 559
JF879TQ 3 4 41423.955962 133 420, 105 480, 177 111
AK389RG 2 3 41432.966046 158 455
KC689ZB 3 4 41441.368172 166 300, 83 480, 102 356
XW251HC 1 3 41444.090096 142 633
SN845JG 2 4 41452.908224 136 660, 159 680
EQ381WY 2 3 41457.087410 90 300, 140 321
ND849WU 2 4 41465.527003 131 540, 82 720, 186 366
EF477DC 1 4 41466.467958 132 300, 180 720, 171 273
SX390TF 2 3 41474.675318 132 545
TO343FZ 1 4 41476.199586 85 600, 173 840, 117 168
GZ324RX 1 4 41482.311181 148 900, 140 591
GN329XZ 3 4 41491.003212 143 420, 95 600, 81 110
WP430OS 3 4 41498.584354 149 540, 155 293
KC544WN 3 4 41501.587440 151 360, 179 300, 174 103
WS444PE 1 4 41507.198696 129 420, 99 300, 82 840, 106 360, 175 143
KF214VI 2 3 41514.898896 122 540, 114 53
VL268BY 1 3 41517.398527 151 360, 113 315
TE687KE 2 3 41524.168680 175 411
JH208UK 2 4 41529.528622 165 780, 95 300, 96 425
JA015HX 3 4 41535.040951 94 900, 131 316
WZ225JB 1 3 41535.610909 105 600, 142 190
PR893BI 2 3 41541.232422 101 712
MD816GB 3 4 41545.980155 158 797
OQ390WE 1 2 41555.509949 170 105
IU745NA 3 4 41563.370040 145 480, 149 360, 106 26
MQ214JY 3 4 41564.511272 120 600, 190 284
ZZ862EO 3 4 41573.533944 116 840, 127 224
JU103MR 1 4 41578.150998 94 540, 141 840, 132 354
JF351KY 1 3 41587.378120 82 300, 179 365
BM643YT 1 4 41595.433644 171 840, 161 449
XU414LR 3 4 41603.209031 88 840, 98 531
NF072NQ 2 3 41611.770163 138 521
IJ356PH 3 4 41615.938322 173 420, 189 282
VH643IE 3 4 41624.975701 101 660, 131 420, 92 46
KY995KL 2 3 41627.527002 143 420, 174 68
VB157UN 1 2 41628.568872 126 142
QE855JL 2 3 41634.619704 137 300, 174 177
LN193RG 1 3 41640.402358 86 300, 147 436
EY484QX 2 4 41648.751170 185 600, 98 540, 100 300, 139 29
SC261LD 1 3 41651.122236 189 476
GR109IB 1 2 41653.154985 125 144
EI812QP 3 4 41658.891786 100 600, 172 300, 166 86
NS410OI 2 3 41661.975828 81 840, 133 29
RT650CF 1 2 41664.730227 169 106
OY876TP 1 3 41666.399676 132 681
ET955EV 3 4 41674.730815 120 900, 96 187
ZZ622WZ 1 4 41679.755090 83 900, 151 720, 147 221
CZ698SM 1 3 41683.169319 82 780, 116 224
FO307GH 2 3 41686.372043 82 360, 182 233
US250IS 2 3 41692.217585 115 420, 135 175
KI739TP 3 4 41697.319998 129 360, 92 600, 90 270
NO848CV 2 3 41705.578996 157 360, 89 173
TZ863AG 3 4 41714.001352 124 600, 167 308
WT898HN 3 4 41722.756477 153 420, 93 540, 159 72
TY447UF 3 4 41731.262774 85 780, 133 448
QD615MF 3 4 41738.978694 173 728
EW053KQ 3 4 41741.970448 180 600, 129 139
CW848HO 2 4 41750.153116 127 660, 184 600, 161 23
SZ397RB 1 4 41756.114285 181 300, 155 600, 135 360, 102 197
KW152YL 1 3 41759.458786 148 608
UD061OE 3 4 41767.472890 124 840, 119 183
SN440ZC 1 4 41768.620440 109 360, 172 840, 106 304
XU997IE 3 4 41771.855822 106 300, 136 692
UE199JD 3 4 41780.830590 129 300, 104 420, 112 389
RA452GL 3 4 41782.364676 136 540, 88 597
AH153PB 3 4 41785.160434 83 660, 93 660, 139 70
YO460RT 2 3 41794.185586 187 300, 111 143
XX516SV 1 2 41798.021066 92 195
XY180LQ 2 3 41802.890503 160 450
JV881ID 3 4 41806.987424 144 300, 108 766
JO550VB 3 4 41812.428048 96 300, 183 531
YD118QB 3 4 41815.963413 148 840, 133 12
LN712CM 1 4 41821.938880 82 360, 99 480, 104 300, 148 420, 121 376
ZQ747DB 2 3 41824.455942 160 450
SH662OZ 1 3 41832.562728 98 480, 133 323
YF865FE 1 2 41833.520178 86 209
RV726QM 1 3 41839.693640 141 638
KZ275FZ 1 4 41846.485917 138 600, 158 660, 86 300, 155 20
UX712QH 1 2 41856.150272 136 132
OD239XV 1 3 41863.474682 110 720, 140 77
VL624PJ 2 4 41869.362183 160 720, 176 360, 157 123
CI772JW 1 4 41873.992180 91 300, 147 720, 84 540, 120 300, 122 12
ZL896UH 2 3 41877.968577 100 600, 84 142
VK779FX 2 4 41882.135549 154 840, 173 396
QS236AD 2 4 41890.337759 182 480, 183 604
OH418HJ 1 3 41899.625989 173 420, 155 111
KC771TQ 2 4 41904.093492 92 480, 119 840, 188 286
AF211VQ 2 4 41906.195258 173 720, 116 633
OH423EL 2 4 41908.199142 104 480, 118 900, 112 360, 183 8
GQ062MR 2 4 41915.980119 174 540, 91 660, 100 420, 114 17
PO865KR 3 4 41923.510588 143 420, 115 420, 87 202
VB022NI 2 4 41924.037292 95 600, 132 840, 181 166
CR084XC 3 4 41932.620450 106 420, 117 600, 107 105
HB225JP 2 3 41936.972240 158 455
XW139NG 2 3 41945.485604 147 489
ZG616RI 2 4 41946.517384 91 360, 95 420, 156 803
DQ518NT 3 4 41950.874327 183 360, 114 480, 81 66
FZ231BR 1 4 41952.891157 162 480, 159 660, 103 323
PR399YL 3 4 41962.717385 118 900, 106 186
TQ424IL 3 4 41970.178801 166 360, 142 360, 187 80
YY969OX 1 4 41971.414581 106 600, 165 300, 128 600, 108 241
VN142FZ 3 4 41977.679563 179 660, 117 67
YD413ZX 1 2 41983.876067 131 137
KT856BF 1 4 41989.000345 119 540, 168 540, 155 360, 163 32
ZQ799OC 3 4 41994.767174 183 688
UP129YU 2 4 41997.150075 117 840, 111 420, 100 360, 87 196
LA388IW 1 4 42006.104924 143 780, 94 780, 167 186
MJ907OL 1 2 42007.855854 122 147
YX773CS 3 4 42010.350491 121 780, 172 183
VD269EO 3 4 42014.960229 169 540, 157 221
FV281OH 3 4 42023.844314 123 660, 120 373
YC873KE 1 2 42027.730823 187 96
UW968WF 1 2 42028.332796 162 111
HR938DS 1 4 42036.822510 179 420, 155 420, 127 540, 110 64
YI299QD 2 3 42039.762439 155 420, 143 48
ZI772MM 2 4 42040.580019 171 420, 190 660, 175 4
HE514BJ 2 3 42046.635364 162 444
RB519EQ 3 4 42050.913738 148 480, 138 398
PD503NF 3 4 42054.464928 116 600, 133 424
EC559JD 3 4 42061.756834 137 900, 160 16
SW546DJ 1 3 42069.693003 80 600, 126 333
NR571SP 1 4 42078.896219 163 480, 169 815
KD895VX 1 3 42083.676601 92 900, 161 44
YR781HF 1 3 42087.078443 122 420, 106 365
XS936RY 2 4 42096.502985 166 480, 164 660, 89 113
YD685OK 3 4 42098.203761 83 360, 134 300, 115 480, 189 3
LZ159UO 2 3 42103.078777 150 480
LN303LP 1 2 42104.559750 136 132
DB249BT 3 4 42105.903230 151 780, 121 67
OO607NZ 2 3 42112.960780 178 300, 148 125
DX037DX 1 3 42122.331894 189 476
IN768JK 3 4 42130.517370 86 420, 84 900, 177 80
BU230ER 2 4 42135.488776 125 660, 184 627
HP268WG 2 4 42145.250224 132 720, 158 480, 166 163
VW000AV 3 4 42147.580315 130 480, 148 429
AT078UT 2 4 42154.158768 184 600, 90 900, 181 36
TA747SM 2 4 42161.643980 92 840, 127 360, 132 480, 147 79
TT892KH 3 4 42165.645848 91 540, 187 411
UK655NS 2 3 42170.853898 129 558
SO555ED 1 2 42175.387579 95 189
GJ540VY 1 4 42178.686669 142 900, 153 300, 115 300, 151 51
CQ513OV 1 3 42186.514924 124 660, 161 50
BF112US 2 3 42194.426688 156 461
YD559IQ 1 2 42197.322200 183 98
ZQ057RA 1 2 42199.207724 124 145
HQ367GB 3 4 42200.489715 189 420, 84 554
AB922EG 3 4 42209.426337 190 300, 135 511
MT234CA 1 4 42218.937385 189 600, 153 600, 144 75
SA125SM 1 4 42225.753387 112 600, 121 600, 117 360, 95 358
VY178UC 1 4 42226.686135 160 720, 161 626
EG150ID 1 3 42234.750892 180 360, 114 221
OK989OH 1 3 42237.926794 114 660, 100 147
AN843RH 1 2 42243.132071 146 123
PV700AU 3 4 42246.166936 128 780, 134 195
JD124FF 3 4 42252.084650 168 600, 107 235
BY155AF 1 4 42261.839854 145 900, 172 497
DZ500CS 3 4 42267.073345 114 480, 103 660, 80 41
PA074SZ 1 3 42268.367948 118 762
RI437BO 1 4 42273.595504 164 480, 134 720, 114 357
HX212PP 2 4 42283.431587 82 720, 122 720, 122 419
HV983DQ 1 3 42288.261145 85 600, 114 342
MJ056AC 2 3 42295.709048 137 525
CA793BD 2 3 42297.197013 100 540, 146 123
EQ401EH 2 4 42303.648164 152 300, 171 480, 106 300, 107 300, 95 67
BN806JS 1 3 42308.292009 166 420, 109 186
UX472VO 3 4 42315.671788 108 720, 100 482
FB654EK 1 2 42324.066978 115 156
XO129DQ 1 2 42329.175791 118 152
XU980DM 3 4 42333.484769 157 780, 112 31
SZ083RE 1 2 42342.986738 83 216
DR114SE 2 4 42349.464416 100 360, 98 840, 167 477
FQ953UI 2 3 42352.499081 183 360, 150 40
DV040CM 3 4 42353.466275 128 420, 108 480, 153 133
QN052GH 1 3 42361.288375 133 676
NI751CS 1 2 42363.265877 169 106
YD095VU 3 4 42369.388139 111 540, 118 559
ZZ755UD 2 3 42379.079814 178 404
JL001OI 3 4 42385.893301 96 840, 175 259
HQ279JY 3 4 42387.999434 117 600, 156 357
HC996BW 1 3 42395.765425 149 604
VO176PY 1 3 42403.538741 172 523
HR602KD 2 4 42408.477222 104 720, 108 300, 160 420, 90 261
HU884WI 3 4 42411.579616 151 420, 103 607
SS875LO 2 3 42419.222757 141 300, 103 288
BX139JN 1 4 42426.539164 184 600, 186 300, 150 332
SA056IJ 1 4 42427.560297 142 480, 181 360, 177 467
PG410NW 2 4 42430.035433 92 660, 84 480, 128 360, 150 339
LZ637RO 1 4 42431.063270 183 540, 145 660, 145 148
IE829ZN 3 4 42439.227669 89 540, 109 715
MY963XQ 3 4 42447.647480 132 540, 179 305
UD469RT 3 4 42455.369679 92 840, 107 455
FG091BI 1 2 42459.956785 82 219
TY811YD 2 4 42464.884986 177 300, 139 840, 119 236
VD355IG 3 4 42473.585275 136 660, 145 249
KS077TS 2 3 42480.256823 163 441
ZG650QR 2 4 42484.541412 123 540, 98 480, 158 535
PB951WQ 2 3 42491.483501 90 300, 117 384
XS693DU 3 4 42493.349128 173 660, 146 80
CA956AE 3 4 42498.737608 88 720, 122 513
YM309OW 1 2 42502.264270 111 162
MB465QF 1 4 42504.286169 167 540, 129 480, 92 600, 167 52
KN709NT 3 4 42506.527222 170 480, 124 358
JN142WS 3 4 42509.559083 159 600, 106 288
DF467WV 3 4 42519.288716 102 360, 125 714
UG168WK 3 4 42523.083365 129 780, 137 185
FV598BI 3 4 42527.551325 170 741
YZ974NA 3 4 42531.941351 161 480, 177 275
MB436BL 2 4 42535.900876 90 840, 150 480, 150 300, 134 40
VG673RR 1 2 42543.436407 82 219
FJ756RO 3 4 42544.022799 95 540, 165 420, 188 28
AN210OZ 1 4 42551.593814 158 900, 109 540, 110 135
YX427PY 1 4 42553.931783 116 780, 90 540, 187 411
DT296QX 2 4 42558.105713 149 540, 110 540, 166 350
TJ083LI 1 4 42560.056419 120 720, 183 480, 81 515
GS335HU 2 3 42562.809620 120 600
UX282TC 3 4 42568.287411 165 300, 174 439
YD030DN 2 3 42569.332265 142 480, 163 23
CD854ZI 3 4 42571.466684 147 420, 156 411
WR984QI 2 3 42574.958265 102 705
AG778NM 1 2 42575.732985 125 144
NE011DR 3 4 42579.147196 158 360, 183 360, 187 17
VC284KS 1 4 42585.333063 132 720, 138 480, 105 521
JB815QE 3 4 42592.338543 88 360, 127 420, 151 271
GR015BH 3 4 42600.522410 179 600, 166 112
SX223OK 1 2 42601.890841 83 216
WL355WM 1 3 42611.718056 140 360, 121 327
WO194RV 2 3 42616.328628 107 672
ZZ652JT 1 4 42618.627099 88 780, 129 840, 186 209
QO409RL 1 2 42628.323399 92 195
QV285WP 3 4 42630.125082 92 420, 149 300, 133 320
CC692ZY 2 3 42632.481473 91 660, 89 134
DB422NA 3 4 42638.099407 145 840, 147 28
BU753ZV 2 3 42647.658984 130 553
OM064EA 1 2 42653.874198 188 95
LS293LK 3 4 42660.540072 123 420, 104 540, 105 173
TZ620JK 3 4 42662.035258 117 480, 171 408
XX114AA 2 4 42665.635725 114 360, 129 300, 190 622
EK068VZ 3 4 42666.195920 154 720, 139 108
LL750AR 2 4 42674.784391 142 540, 110 720, 171 246
LT603JM 1 3 42683.762425 153 300, 173 254
ZH241LR 1 2 42689.531961 98 183
CK324GC 1 4 42697.627210 157 480, 122 600, 151 446
HU572ZT 3 4 42698.364179 180 700
QK667HZ 3 4 42708.055870 117 900, 101 204
UU640YB 2 3 42712.780378 85 360, 183 226
KU912DC 3 4 42717.983636 187 673
VZ435GA 2 3 42719.622797 134 537
PI422LY 1 2 42726.784279 83 216
HR094CY 3 4 42730.817398 135 840, 89 141
SH298CJ 1 4 42732.107064 98 480, 153 660, 179 379
RU821XM 3 4 42737.844993 146 540, 81 582
YB769CM 3 4 42747.488791 88 780, 123 466
PQ173IH 3 4 42752.865904 123 540, 159 374
YM337JK 3 4 42758.330609 109 540, 84 720, 157 42
TQ673GN 2 3 42767.128932 154 467
IP660WH 1 4 42774.061358 96 480, 105 360, 141 840, 173 79
LE139EJ 1 4 42774.652270 116 780, 94 900, 99 413
QI116HN 3 4 42780.849245 102 420, 149 420, 151 136
IS364MN 3 4 42786.603467 132 300, 163 420, 144 124
OW943KC 1 3 42792.794302 135 666
LX725DG 2 4 42793.783808 140 540, 129 780, 182 119
MP061HY 3 4 42801.075221 92 420, 171 510
QK782DA 2 3 42810.855615 182 395
LX560SU 3 4 42816.306110 144 540, 99 420, 114 58
EJ782LM 3 4 42818.040197 125 540, 120 487
NI275BR 3 4 42825.953596 174 724
ME390JF 1 2 42835.717499 106 169
UB141YP 3 4 42845.434464 188 670
VI693LZ 2 4 42846.083240 84 600, 165 420, 116 420, 104 284
PA603GF 1 3 42852.798881 140 600, 181 33
BK515QQ 3 4 42859.943881 118 720, 160 256
PM757MO 3 4 42865.130526 95 480, 171 360, 135 139
DQ600LH 1 2 42869.867531 190 94
DM563IW 1 2 42878.997297 129 139
OC707BL 2 4 42888.141084 174 900, 116 356
IC533DS 3 4 42896.469542 158 780, 87 31
AN880YF 2 4 42905.437282 118 600, 159 300, 125 636
TR981MJ 3 4 42908.295260 136 300, 91 600, 173 176
RS319GZ 3 4 42910.892237 107 840, 94 384
AF807WR 1 4 42912.399319 174 480, 138 420, 163 457
GQ962EG 2 3 42919.418056 90 720, 182 39
UZ457EF 2 4 42929.196789 156 720, 126 300, 148 323
ZT151SL 3 4 42934.361654 84 660, 94 600, 122 116
AU186VO 3 4 42937.535295 121 540, 138 439
MJ437TK 2 3 42940.792990 110 654
VJ953GV 1 4 42944.438113 181 840, 139 460
ID209FR 1 4 42946.463266 155 840, 162 480, 102 78
RW834ZO 3 4 42955.749703 117 720, 123 339
DB766CX 2 4 42959.647556 107 300, 124 420, 171 665
LA365ZW 1 2 42969.459252 157 114
MK248LM 3 4 42971.924769 144 660, 161 192
RH273ME 3 4 42980.331379 185 540, 136 191
DG522BJ 2 4 42983.227695 162 900, 121 431
TR411LU 3 4 42988.377296 139 600, 182 234
KR995BJ 2 4 42994.197950 117 600, 184 480, 143 276
RN282SQ 3 4 43003.407348 107 420, 111 660, 157 49
DR898AU 2 3 43008.053925 121 595
FA810UK 2 4 43016.143722 147 420, 96 480, 86 420, 118 458
ZN503EL 2 4 43025.838150 128 300, 188 660, 88 360, 126 30
AK194ET 1 2 43028.275497 116 155
SK997PZ 3 4 43035.499675 94 780, 140 376
SI653IM 2 3 43039.001289 166 433
DB120PN 3 4 43046.803230 99 300, 124 360, 108 420, 185 34
YW886KW 3 4 43050.509419 160 480, 81 607
OL078NO 2 3 43057.499461 188 382
KR808PQ 1 2 43061.435984 165 109
CI069IQ 3 4 43069.766108 82 600, 180 426
WP807CB 2 3 43072.447156 165 436
YQ873AB 1 3 43081.900594 182 494
WD507GM 2 3 43086.124182 181 397
ZQ907PR 1 4 43094.855986 88 360, 146 840, 114 420, 134 102
IJ122RA 1 2 43096.554871 177 101
UM152OM 1 3 43097.240265 169 360, 111 262
JW624MW 2 4 43102.528873 182 420, 165 736
XZ190LJ 2 3 43109.856193 100 540, 183 98
XH995IL 3 4 43110.917307 83 720, 169 391
ET715VI 1 2 43119.362767 100 180
DY071XI 2 3 43126.519743 144 420, 101 114
BW015AW 2 4 43129.215202 80 480, 179 540, 111 567
KB182GA 1 4 43130.535553 108 720, 132 360, 88 300, 88 480, 171 129
DZ364TM 1 3 43133.943544 182 494
BD632NP 3 4 43141.863577 84 480, 81 420, 177 291
KX977NN 3 4 43145.086825 139 300, 106 600, 136 152
HT653BS 1 4 43154.079853 98 360, 100 720, 95 780, 90 384
PO628FU 1 3 43156.975259 99 480, 158 268
GZ885BC 1 2 43157.682771 108 166
QM762US 3 4 43160.313441 153 780, 141 47
XB677KB 1 4 43167.216537 104 900, 129 840, 127 110
CR148LP 3 4 43176.695733 183 480, 90 424
LF040TU 1 2 43185.460885 109 165
WZ743XU 2 4 43187.956091 129 540, 86 480, 123 480, 173 161
MW885WW 2 4 43196.080975 152 480, 87 660, 171 360, 154 39
LC377LJ 1 3 43196.889308 83 660, 137 257
KT586UF 2 4 43204.566746 117 660, 177 300, 154 439
LV551KD 2 3 43212.750708 106 360, 155 218
VD480HB 3 4 43219.756314 117 660, 121 403
DD202KZ 3 4 43225.726867 88 600, 147 360, 135 150
PG339LR 2 4 43233.641560 154 360, 141 480, 170 360, 107 127
AH502DX 2 3 43236.673823 88 480, 139 214
DB802AO 2 3 43243.027170 81 360, 181 236
JP045QQ 3 4 43245.063291 104 840, 179 215
BI679MW 2 3 43247.550346 148 486
KG414VO 2 3 43254.327600 99 727
GZ428DA 2 4 43263.241846 122 840, 101 900, 93 49
ZN599DO 3 4 43264.552682 97 420, 127 540, 98 170
WL510SZ 3 4 43274.318486 148 300, 94 540, 147 209
DK982EU 2 3 43277.999892 130 553
IZ740AO 2 3 43283.625481 91 791
OF481UX 1 3 43286.275904 110 780, 94 44
AE960ZL 3 4 43291.280913 114 900, 132 177
FP090HY 2 4 43294.814872 167 480, 84 900, 94 449
IS672FQ 2 3 43300.419574 95 757
BV765IR 2 3 43304.061171 154 467
ST541KG 1 2 43308.530693 133 135
JV268XH 1 3 43317.887044 163 360, 169 185
XO352FW 2 3 43323.364877 139 517
PQ553UA 3 4 43324.802857 92 480, 159 300, 116 294
SR449MK 2 3 43326.616425 133 541
HU565NV 1 3 43330.439411 166 542
GZ100CO 1 3 43331.622567 98 300, 167 362
WV384DI 3 4 43333.505429 158 780, 169 16
ZK009WD 2 4 43343.119157 142 480, 176 480, 111 408
SR593WY 3 4 43351.483526 172 360, 179 357
TB953QQ 2 4 43352.068194 82 420, 190 420, 92 300, 130 432
GD436ZI 1 3 43359.764899 159 360, 178 184
BU268TW 1 3 43363.182658 134 600, 151 63
PO259DK 2 3 43364.255870 107 360, 137 244
EZ049LL 1 2 43370.621515 151 119
AG955PL 1 2 43379.078257 115 156
XW250NI 1 4 43385.782662 145 900, 163 524
IQ837PH 3 4 43394.175814 181 360, 133 457
QV452GM 3 4 43397.928074 103 720, 102 508
UN541TW 1 2 43404.446658 82 219
GK316DL 3 4 43413.819073 180 300, 143 360, 172 119
HP697YV 3 4 43417.535315 95 480, 119 675
HY553KA 3 4 43418.475552 134 540, 128 419
RO016MC 1 2 43421.701558 140 128
QB300TZ 2 3 43422.743494 143 503
SX077CV 1 2 43423.335449 120 150
AF262QN 3 4 43428.913092 162 720, 121 77
MI569OM 3 4 43431.283334 132 300, 100 780, 154 54
SZ252QH 3 4 43435.770404 161 782
NY277AU 2 3 43442.781778 89 600, 105 177
NX156ZX 1 4 43451.488094 111 840, 114 300, 117 756
GA547TO 2 3 43454.353182 154 467
FF302DL 3 4 43462.216803 121 540, 116 360, 100 189
SC916ID 3 4 43469.156867 171 660, 136 96
DJ530NA 3 4 43471.804126 119 900, 91 207
WP317PP 3 4 43477.233682 175 720
SG993XT 3 4 43486.379098 168 420, 118 469
TJ369DD 1 4 43492.547352 130 900, 88 480, 131 360, 161 59
WX609GV 1 2 43497.912737 156 115
PQ039OD 1 4 43498.755960 131 540, 106 600, 180 453
QE759ZF 1 4 43504.734404 115 480, 97 900, 182 403
PB746FP 2 3 43506.363725 117 615
IS658EI 2 3 43515.448406 95 420, 84 382
EM817IQ 3 4 43517.225765 124 900, 182 79
QI839DU 2 3 43525.620908 114 420, 126 191
NY991YM 1 4 43533.875641 89 360, 84 360, 112 660, 147 300, 116 307
AM231OY 3 4 43538.286452 172 420, 120 448
XS020WF 1 2 43544.749831 136 132
XW288LX 3 4 43551.503988 131 600, 132 359
BQ481QM 3 4 43559.814192 120 780, 89 364
UT753CK 3 4 43564.907012 102 480, 179 430
FF162DZ 1 4 43566.050309 85 600, 108 660, 133 704
TA552IA 2 3 43568.496731 164 439
OC832FK 3 4 43572.611623 190 660, 176 3
ZT506UB 1 2 43581.437393 168 107
UP700UD 2 3 43589.450153 180 400
FJ948KM 3 4 43598.405036 140 660, 87 386
LR657YS 1 4 43606.526975 153 660, 189 608
NK556GN 3 4 43615.963511 150 600, 140 257
SS122FM 1 2 43620.187231 137 131
IH531PL 1 2 43629.804276 111 162
VR554SM 2 3 43639.501532 145 496
TV454WO 3 4 43648.215531 89 840, 184 278
HE250TS 2 4 43655.058580 160 480, 135 897
DH333YO 2 4 43658.131825 119 780, 135 480, 130 310
ST390IL 3 4 43658.693930 149 480, 172 316
NN174VH 3 4 43665.365806 111 420, 81 720, 95 221
BN411DT 1 2 43667.896308 111 162
DO371DT 2 3 43669.145858 135 420, 143 106
CT059JX 1 3 43676.855227 136 661
JN798MS 1 4 43686.243147 126 480, 154 360, 180 480, 89 153
TP722WZ 2 3 43686.835953 186 360, 88 57
QM782FI 1 3 43691.793841 147 540, 133 79
EK084HO 2 4 43695.381938 130 720, 180 580
LO024FO 2 4 43699.600279 130 420, 103 300, 165 420, 98 300, 137 100
AG431LE 3 4 43707.764828 114 720, 142 309
LQ466OZ 3 4 43712.142380 171 736
ST902AI 2 3 43720.191680 117 420, 146 156
FD583AN 1 4 43725.773454 147 480, 167 870
HJ558BM 3 4 43731.636526 83 420, 163 559
ST462JO 2 4 43738.693683 95 780, 106 660, 109 494
XF800WN 2 4 43740.072204 126 780, 164 360, 138 294
NU903DP 2 4 43749.242291 122 300, 91 660, 107 300, 99 600, 132 74
IG380IW 2 3 43750.173400 93 600, 164 98
KN708UB 1 2 43751.737262 172 104
NG951JR 3 4 43759.446282 109 900, 124 225
VJ438JA 2 3 43764.739077 180 400
JD602CN 3 4 43769.347178 128 840, 173 106
YO520JE 3 4 43772.953417 99 720, 104 360, 143 120
MU928GW 3 4 43775.726824 159 720, 154 74
ZH016DE 1 2 43776.948423 92 195
GR736UE 3 4 43783.326171 165 720, 85 84
YK701KH 3 4 43790.479843 159 420, 111 360, 188 102
ED857DV 1 4 43794.614972 135 300, 139 360, 131 360, 160 489
JS577HZ 3 4 43796.633511 168 720, 137 36
SK600LK 2 4 43802.402638 180 360, 91 420, 164 360, 134 268
UV681LZ 3 4 43808.423032 177 360, 175 300, 164 59
SK753UC 1 2 43814.503690 163 110
AP339BX 1 4 43815.973085 147 720, 132 834
KT123BE 3 4 43823.212145 99 420, 164 360, 102 248
TD856OR 1 2 43832.875144 93 193
GM462OX 2 4 43840.278766 161 660, 88 900, 129 97
VR432QF 3 4 43843.271262 129 780, 167 151
EH601PI 1 4 43847.139672 136 780, 177 621
YK719CJ 2 3 43851.272563 151 420, 124 69
RR286XV 1 4 43852.198143 123 420, 161 900, 150 129
VP097PO 3 4 43857.329008 174 600, 113 191
YM302CI 1 4 43862.275293 111 600, 94 720, 183 360, 115 137
LO152UJ 2 3 43868.390821 124 420, 184 108
HV707TA 1 3 43869.499558 132 360, 90 471
RB656IU 3 4 43877.827461 112 540, 174 376
CP024FX 2 4 43879.344123 150 300, 185 660, 187 165
AW191WN 3 4 43887.783928 115 780, 183 198
RC918EQ 2 4 43890.416357 142 720, 171 420, 106 225
EP975BN 2 3 43898.716753 95 540, 118 175
PJ555HR 3 4 43903.440351 157 660, 102 219
GG388MB 1 4 43908.553447 178 840, 81 480, 88 313
TY987AI 1 2 43916.352965 105 171
VM989NY 1 2 43922.648088 190 94
LV967JR 1 3 43930.659876 172 523
BY658NC 1 4 43936.061519 179 360, 109 780, 118 563
JI687IL 3 4 43946.051969 134 780, 87 246
QZ594WL 3 4 43947.406475 163 773
MQ858UC 3 4 43957.260381 190 480, 127 274
JZ788FH 1 4 43964.720202 127 660, 187 660, 91 96
YF809VF 3 4 43967.940628 111 780, 159 247
JG697BL 3 4 43971.638414 145 540, 182 262
TK152FG 1 3 43977.005921 151 360, 166 214
IY368RH 3 4 43979.990246 136 660, 99 366
XC535JQ 1 4 43981.943993 174 840, 155 360, 109 128
BM807CD 1 4 43987.115809 156 540, 106 840, 163 262
AT663KX 3 4 43996.759799 117 840, 160 173
JJ793CI 1 2 44000.889272 145 124
PW564HR 3 4 44005.557363 99 840, 120 356
RK324IE 2 3 44010.077004 130 300, 174 189
TS734ZB 3 4 44012.559502 99 480, 127 540, 95 104
AZ711HZ 3 4 44018.722391 167 754
CN404KV 3 4 44025.212382 157 802
CS786PE 3 4 44035.116996 166 480, 81 571
BF234CJ 2 3 44037.955500 156 461
TL426TW 2 4 44039.925484 87 600, 182 360, 190 360, 184 64
RL696CJ 3 4 44043.815724 115 600, 102 300, 155 170
VY530XF 1 3 44045.509398 86 900, 117 107
FS014LY 3 4 44046.528196 172 540, 126 262
NR132YO 2 4 44051.948771 180 600, 90 360, 116 496
HE024FA 1 2 44060.968352 83 216
ES208AO 3 4 44068.351076 92 540, 89 840, 163 9
UX636KU 1 4 44077.691133 152 420, 93 540, 167 610
QK772BU 1 3 44085.917935 126 714
LF099AY 1 3 44089.415972 177 508
MU544HV 3 4 44096.977962 183 688
HN840QA 3 4 44100.339846 131 840, 123 129
SZ357WJ 1 3 44107.032613 164 548
FT345IF 3 4 44108.108957 126 900, 162 77
UT243RS 3 4 44111.886395 150 480, 166 325
PB463FJ 2 4 44116.880081 91 360, 188 840, 131 55
BN727UU 3 4 44124.561338 115 420, 154 504
SE436ZQ 2 4 44132.436556 108 600, 105 420, 119 420, 160 244
PT286HR 3 4 44136.176067 154 540, 113 379
UR080DH 1 2 44141.317718 170 105
NE482CH 2 4 44146.150271 127 600, 92 300, 181 520
IR289AD 1 2 44146.971414 134 134
IH045YX 2 3 44148.178083 111 300, 81 477
JH535IU 2 4 44151.226149 158 660, 81 420, 179 333
MR095KN 3 4 44158.645991 129 660, 159 256
GL901XY 2 4 44161.762262 81 540, 110 480, 174 540, 101 74
QM275RJ 2 4 44165.062816 157 840, 155 426
QE431ZP 2 4 44170.018005 149 300, 137 840, 151 253
YR744CV 3 4 44172.314175 91 360, 90 780, 169 136
IH682QO 3 4 44182.235917 132 600, 91 514
UB457SX 2 4 44189.871664 171 300, 132 420, 84 720, 83 300, 89 66
TQ459PF 2 3 44192.090270 163 441
BC059HR 2 3 44196.542955 181 397
XB335VL 3 4 44203.791677 128 900, 180 60
MP024WB 2 3 44208.755320 145 300, 167 170
HJ267LF 3 4 44215.598067 86 600, 89 480, 99 320
TA949VA 2 4 44217.053874 182 540, 165 300, 147 341
NN940AP 2 4 44221.237127 187 720, 123 515
YS806VD 3 4 44228.037663 144 875
IZ213NZ 2 4 44232.176094 96 360, 92 420, 80 300, 131 769
XT667OX 2 3 44233.998089 125 576
RO169JX 3 4 44242.288641 161 720, 116 86
GD495JG 1 3 44250.490300 161 559
WF390QE 3 4 44251.412043 96 600, 106 300, 151 242
PN726XX 2 4 44255.672926 134 360, 180 300, 139 420, 190 196
WG097FZ 2 3 44263.161332 168 428
RJ191SN 3 4 44270.384113 87 900, 185 257
FE384RX 2 3 44276.057622 104 692
CO679JI 2 4 44285.682519 96 540, 178 300, 181 512
EW782UF 2 4 44294.550729 126 480, 86 540, 125 660, 149 57
BE762QH 1 4 44295.524238 84 900, 132 600, 159 384
EQ301FL 1 2 44296.583326 101 178
LE275FQ 1 3 44299.825706 132 681
KV459AX 3 4 44305.273062 102 840, 176 229
VD672VP 2 4 44306.232995 128 840, 83 840, 97 214
FB577DI 3 4 44309.899720 106 480, 136 540, 187 8
QV231EH 3 4 44316.640431 131 540, 135 409
ML377ZB 2 4 44325.689977 186 480, 90 780, 128 300
NN867MQ 3 4 44335.119484 123 540, 126 472
WX185UK 2 3 44343.220677 98 420, 107 288
CN480ZT 1 3 44343.891722 112 780, 146 18
LQ188LB 2 3 44349.746591 136 529
WJ705EF 3 4 44358.644926 145 780, 104 124
MM379KU 1 3 44361.181321 86 660, 140 237
CV464ZE 3 4 44367.876561 127 480, 152 427
QW446XP 1 2 44369.792459 143 125
KW458KK 3 4 44375.730190 184 684
OF634BX 2 3 44384.970749 100 720
SB978RM 1 4 44394.437129 185 840, 138 360, 112 97
CG845EL 3 4 44400.261174 100 900, 160 225
DT095DR 2 3 44409.502190 179 402
WR465GJ 2 4 44415.299783 189 360, 162 660, 153 150
RI566ZC 2 4 44417.515442 82 720, 154 300, 178 521
QF721YQ 1 4 44419.061144 125 780, 137 540, 96 420, 170 24
ZP659FZ 1 3 44428.682348 86 660, 94 353
RY399NW 1 4 44433.163862 114 600, 122 600, 149 499
UD712HG 3 4 44441.674916 178 707
LL058UC 2 4 44446.198782 103 900, 183 575
AF415VA 3 4 44449.805762 172 720, 128 16
GL072GP 2 4 44457.236405 98 300, 159 840, 149 235
RU472EZ 2 4 44460.218256 106 900, 150 660, 91 39
FE364DJ 2 3 44463.360514 180 400
ST857TZ 1 2 44469.761356 100 180
SD473WG 2 3 44472.456729 126 571
UP444LR 2 4 44473.921667 184 720, 138 474
JR493HK 3 4 44474.818827 139 780, 120 146
FU335QV 1 2 44477.636965 96 187
DA092MY 1 3 44479.085459 89 300, 85 600, 138 89
AS630GM 1 2 44488.037373 123 146
MN696NN 1 4 44490.468683 166 600, 167 360, 82 600, 135 52
TK756SV 1 3 44494.574620 147 612
JN035UI 3 4 44496.549848 135 420, 133 521
SB335YX 1 2 44500.495631 161 111
LV557PM 1 4 44502.235040 178 480, 177 737
RP108KH 1 4 44503.366654 122 360, 189 660, 159 297
BP360TF 3 4 44504.423279 130 660, 165 243
DZ831SV 1 2 44506.489910 102 176
EO390BH 3 4 44509.260037 163 360, 105 540, 100 106
ZX527ZK 1 3 44514.482431 84 540, 89 480, 115 16
SJ799RS 1 2 44523.637497 120 150
CC756YL 3 4 44529.356408 136 480, 149 407
HV515AH 1 2 44537.857611 168 107
TC285MQ 3 4 44538.519705 100 780, 163 294
RN634JR 1 4 44545.399531 115 480, 145 780, 190 251
KI525ZA 2 3 44547.671967 139 517
XJ777TH 3 4 44552.745700 112 300, 89 480, 157 316
FA118EZ 2 4 44559.713037 136 900, 140 540
FF428CG 2 4 44567.615553 167 900, 93 512
WJ716TM 2 3 44577.304792 123 480, 141 91
AZ901RO 1 4 44587.068872 87 420, 122 540, 161 705
CZ598AZ 3 4 44587.999005 142 540, 116 425
GZ290GG 1 4 44594.703041 176 360, 159 780, 116 246
JC175PO 2 4 44599.165748 127 360, 188 360, 135 626
IF598QL 2 4 44609.082129 141 660, 184 300, 162 307
ZA090KW 1 3 44617.814499 125 720
XE375WI 2 4 44618.317346 113 300, 104 480, 131 300, 151 300, 129 229
DD603BM 2 3 44627.615949 119 300, 105 345
XL341KZ 2 4 44636.921925 112 360, 157 360, 117 780, 127 77
DA173AW 2 4 44644.479771 93 360, 119 360, 178 683
UC836RB 3 4 44648.134622 182 300, 160 446
WT112YV 3 4 44657.148865 104 360, 113 600, 181 114
FJ650DG 2 4 44661.147475 156 300, 110 900, 168 300, 161 11
OL657RG 3 4 44669.262524 105 360, 137 600, 113 53
ZC810EG 3 4 44669.921772 135 600, 140 321
LK399ZO 2 3 44676.274567 97 360, 175 211
WT885FG 2 4 44685.326947 139 360, 184 420, 121 480, 169 74
RX223HK 1 4 44694.154648 175 840, 92 540, 87 222
TU369PC 2 4 44697.635866 134 600, 169 660, 157 38
TU183KM 3 4 44707.322629 165 420, 82 660, 129 20
KV875KA 1 2 44708.818519 169 106
LR953IM 3 4 44710.086213 101 300, 109 540, 167 220
YG777IM 3 4 44719.030568 117 540, 173 363
YS357TT 3 4 44721.126594 112 480, 151 478
II466AW 2 4 44729.505390 109 600, 82 720, 84 875
WB128DN 1 4 44736.099366 123 840, 177 636
EM498YA 3 4 44739.085261 185 300, 128 550
BO988ET 1 4 44748.353531 103 840, 134 540, 148 385
ML966OV 3 4 44753.607254 183 688
NB966XY 1 2 44763.291550 176 102
NA327RF 2 4 44772.606706 160 600, 184 540, 118 22
QU859IO 2 4 44773.246597 87 300, 134 540, 102 540, 151 294
LB314WW 1 3 44782.607410 95 540, 133 290
HX489BG 3 4 44786.970956 115 780, 188 193
KD197QY 1 2 44788.859269 181 99
BC291OI 2 4 44790.358014 103 720, 147 840, 125 2
FI016WJ 2 4 44794.890143 89 420, 90 840, 144 590
IQ687KT 1 3 44802.833528 119 720, 89 48
BD436KN 1 2 44811.805767 166 108
EO692RX 3 4 44815.365443 90 300, 167 420, 139 207
CI639OB 3 4 44823.702345 179 600, 190 97
IZ814WT 3 4 44833.252904 114 840, 165 183
AF234TO 2 3 44835.910123 118 420, 108 207
PQ073DP 2 4 44842.182463 106 780, 113 360, 105 710
QR197AJ 2 4 44846.268692 81 360, 163 300, 93 780, 108 438
AG268QZ 2 3 44853.218288 164 439
TN064KP 2 3 44854.834423 185 389
KW122DF 1 2 44863.396885 119 151
LO345TI 2 3 44872.482923 102 360, 156 226
CA621EZ 2 4 44874.967210 157 720, 166 511
ZB832PS 2 3 44881.501518 104 692
UE219KJ 2 3 44889.163890 152 473
BL751BA 2 3 44896.353940 153 470
LJ073GF 2 4 44902.128802 86 660, 178 300, 149 589
LS839GR 1 3 44909.388096 116 775
MW385HL 1 4 44910.564760 150 480, 87 900, 106 600, 161 13
NF661GX 1 2 44913.881296 96 187
KZ106VD 1 2 44918.216305 164 109
IH666OA 1 3 44921.720216 132 360, 148 287
YK695UW 1 2 44923.469888 134 134
JF023CF 1 3 44929.729882 145 620
EK831VJ 3 4 44930.427003 162 420, 177 327
IB200FD 3 4 44935.037588 166 720, 134 48
SQ037ID 3 4 44938.395394 109 600, 105 300, 94 309
NF095RB 2 4 44943.518767 170 900, 146 308
FN769XU 3 4 44951.046216 189 300, 143 480, 103 6
SU441SY 2 4 44952.464141 116 720, 157 729
RK324VD 1 3 44962.015009 167 538
RQ893ME 2 4 44962.538576 133 420, 90 660, 87 900, 99 44
BS222YP 3 4 44967.076037 181 360, 135 420, 118 35
GT794AC 1 2 44968.666916 90 200
XB009UK 1 3 44976.675935 117 769
ZX109GD 3 4 44983.523570 90 900, 131 343
VT919QR 3 4 44986.468497 135 300, 103 480, 135 267
XE719ZA 2 3 44987.313236 109 660
YR175FT 1 4 44988.673375 188 540, 140 480, 102 463
RF789KM 1 4 44995.065860 114 840, 86 480, 131 540, 86 95
IP152PA 3 4 44998.967283 116 540, 148 428
VH454HR 2 3 45000.798282 101 712
HF340CI 1 3 45004.350386 89 840, 181 84
JI355SR 1 2 45012.799383 183 98
TL883YM 3 4 45015.723640 121 540, 143 424
UT833HD 1 2 45020.066464 98 183
AU906GH 3 4 45025.156283 168 300, 106 713
EG483VT 3 4 45031.662982 88 420, 178 500
JE586JC 2 3 45041.660373 141 510
KS779HB 3 4 45049.728017 90 900, 125 360
DO062QD 3 4 45057.966210 150 840
CD968YE 1 4 45062.782584 94 660, 91 660, 185 360, 148 184
ZW751HF 3 4 45066.987931 135 600, 143 314
XM349DZ 1 4 45069.131052 147 540, 133 300, 108 300, 135 476
BI269FO 3 4 45070.051452 129 660, 154 265
JY295EJ 1 3 45070.949282 174 517
SO148TB 1 2 45075.603316 140 128
HJ705DX 2 4 45083.590233 100 600, 113 900, 137 264
WU303OO 2 3 45092.214309 114 600, 89 40
EQ855QH 1 2 45094.686649 153 117
JC473VD 1 3 45103.459202 145 620
GL438RR 3 4 45111.056347 177 360, 134 420, 187 32
GO111PB 2 3 45118.603512 95 480, 137 192
TG543SN 1 4 45127.577508 152 600, 173 600, 103 203
AS255NT 3 4 45133.472278 188 670
GQ707QT 1 2 45139.391283 115 156
JP194HR 1 2 45149.340429 149 120
XZ167TW 3 4 45157.614770 189 666
PZ599YL 2 3 45160.227926 124 580
NK786KF 1 4 45165.630189 94 600, 82 780, 154 420, 132 234
AO514ZT 1 4 45167.133522 84 420, 149 600, 94 600, 161 216
VB461UI 2 3 45167.681874 150 480
NQ044PI 1 4 45174.224261 152 420, 88 780, 112 600, 89 183
YO969EJ 3 4 45184.017447 115 900, 117 192
XX361BJ 3 4 45186.632915 165 763
JY037BO 3 4 45187.478962 158 797
UU257SY 3 4 45188.827438 136 600, 120 370
NT976TG 1 4 45194.547278 165 480, 163 420, 155 440
ZS352GE 2 4 45202.885175 144 720, 100 900, 169 25
WX666NO 2 4 45207.370549 98 840, 166 300, 141 467
ZD572NJ 1 4 45208.381383 127 480, 108 780, 153 462
FB126AY 2 4 45212.881497 102 720, 144 600, 185 206
HM247BV 2 3 45222.735464 115 626
XZ655RB 2 4 45228.728829 112 600, 172 420, 103 568
JF991EZ 3 4 45231.441018 140 420, 83 720, 163 45
MG901PP 1 3 45236.415324 84 360, 181 330
VV050OT 3 4 45243.264636 168 360, 147 420, 110 34
PG235TO 1 4 45246.534946 174 720, 157 577
JN759BZ 3 4 45253.064258 147 480, 180 308
EU697DZ 3 4 45260.834849 97 780, 120 419
BL769TN 1 2 45262.497576 113 159
DZ793CC 2 3 45268.683222 149 483
FI500JP 1 2 45275.516124 178 101
KN460JR 3 4 45279.957746 121 360, 153 538
DN736VM 3 4 45286.097331 112 540, 155 422
WV812NC 2 3 45293.533018 102 300, 134 308
WE577XB 2 3 45301.674392 155 464
ZF334WV 3 4 45310.035947 152 780, 94 79
SL695IZ 3 4 45310.565835 131 660, 165 239
QH255KK 2 4 45319.274756 115 900, 90 720, 86 345
VZ944TZ 2 4 45326.030398 96 600, 139 900, 113 135
LI229LE 3 4 45330.264179 181 480, 174 224
EX149JI 2 4 45331.406894 97 660, 87 660, 128 598
MA189YN 1 2 45341.179452 91 197
HK331YH 3 4 45347.861629 153 360, 124 420, 118 159
KV821EK 1 3 45350.665619 95 480, 117 379
MS360VN 2 4 45352.536392 115 660, 90 900, 159 258
GV721IX 1 4 45356.030780 107 300, 149 780, 96 480, 122 177
AD692EL 2 3 45362.431736 93 480, 128 213
ME810TW 3 4 45371.717090 171 540, 184 182
XM539UB 2 4 45380.817940 123 360, 185 830
QN664QN 2 3 45388.104998 190 378
RS440MH 3 4 45389.147606 104 420, 129 638
PO212PX 3 4 45396.615727 140 600, 182 230
FN456BF 2 3 45401.493797 91 660, 147 81
RR285BH 2 4 45409.426065 189 360, 167 540, 170 233
NC328NM 1 3 45418.646047 187 481
IA305QQ 2 3 45425.923323 107 300, 142 280
GZ281MG 2 3 45431.702362 80 720, 132 109
ML032JB 2 3 45437.412860 90 780, 88 20
YX664AM 3 4 45445.631179 101 900, 163 215
RX946GF 3 4 45454.262037 131 660, 83 300, 166 88
QU858YX 1 2 45462.502248 177 101
UL501VL 1 3 45468.897701 172 523
GC387CR 2 3 45477.355034 185 389
AI890UK 1 4 45482.798460 108 900, 107 420, 96 720, 190 24
BW103LU 2 4 45486.129218 187 840, 94 420, 159 9
UZ658BW 1 2 45493.965136 104 173
TN657SQ 2 3 45503.177961 94 300, 107 300, 132 88
RO054YF 1 2 45512.973181 183 98
BW741NG 2 4 45517.548830 159 720, 172 485
KL266UJ 2 4 45526.350113 127 780, 127 420, 151 301
JW578YZ 3 4 45532.271251 149 540, 167 272
UK545JM 1 3 45534.088748 150 600
FH781PT 2 4 45536.855220 139 540, 164 749
MA901KZ 3 4 45539.782876 177 660, 116 79
WK131CO 1 2 45543.318332 142 126
NV166JB 1 3 45547.370040 91 540, 179 228
CK195ZO 1 3 45555.283937 187 300, 99 342
UP295OY 3 4 45559.683413 175 660, 189 55
FJ507YC 1 2 45566.077304 186 96
OO879KS 3 4 45571.090879 119 540, 152 300, 149 108
UI037MW 2 4 45580.651638 189 360, 130 840, 118 175
LX583JT 3 4 45588.342783 134 420, 126 553
MT907AX 3 4 45589.918123 162 300, 183 422
TB918IN 3 4 45593.861302 117 540, 153 410
CC163FZ 2 4 45598.163892 143 780, 179 483
VU956UU 1 3 45602.767010 99 540, 187 195
NH912BO 2 3 45606.535202 120 540, 154 46
YS873AM 1 4 45610.489264 128 600, 174 600, 98 300, 157 34
QF066SS 1 2 45611.181627 103 174
BN684KO 2 4 45619.880827 189 840, 110 356
BF896UK 2 3 45625.146505 160 450
NR703AL 3 4 45625.956158 142 540, 89 554
KX675EO 1 3 45630.387637 137 656
MX919BR 2 3 45638.920727 145 496
UN974TV 3 4 45646.879913 95 420, 168 360, 171 149
YC373WN 1 2 45656.748665 84 214
MK434FF 3 4 45658.000204 100 780, 165 290
IH359KS 3 4 45666.205398 182 300, 107 667
VJ957LQ 3 4 45670.567490 152 300, 181 444
AO276GD 1 2 45678.682924 105 171
YT389AJ 1 3 45682.946177 186 483
OP863AF 3 4 45688.793137 138 840, 187 53
MD333AH 2 4 45689.495870 90 360, 112 420, 172 360, 162 349
TY583LO 1 2 45693.649019 92 195
XD048HW 1 2 45703.583877 86 209
YE042ID 1 4 45713.531439 139 900, 113 600, 132 175
VZ574KG 2 3 45721.944681 163 441
FN594BJ 3 4 45723.836100 123 420, 126 360, 108 268
MQ777VM 1 2 45727.756088 135 133
XJ869WR 3 4 45729.113959 169 540, 141 246
VM275SS 3 4 45732.923356 144 780, 154 88
UU442KV 2 4 45738.244438 189 660, 136 480, 133 60
QC638YT 3 4 45739.033992 92 480, 103 600, 130 154
NB256ZB 1 2 45748.931043 131 137
JP402XQ 1 2 45754.455123 88 204
RK264VC 3 4 45763.787950 174 724
KJ253GL 2 4 45769.472937 121 720, 121 840, 170 54
GZ791HJ 2 3 45775.052346 94 540, 148 143
QJ586OC 2 4 45780.787495 184 480, 150 731
OM500TH 2 3 45783.787087 83 540, 83 327
KA318HK 2 4 45790.789830 156 480, 141 780, 99 132
KG002UJ 2 3 45795.167786 96 360, 144 260
RW115UL 2 3 45799.799460 121 360, 118 241
FO922MK 2 3 45803.364704 104 692
NX606KY 2 4 45807.974202 86 600, 119 720, 119 510
XY231RP 1 2 45812.459466 185 97
GZ284TF 2 4 45813.144955 116 360, 181 300, 181 360, 102 360
IT860DN 1 2 45816.945016 190 94
LC338ZX 2 3 45826.300878 185 360, 93 58
JL829YU 2 4 45830.592524 88 840, 123 480, 161 403
BL160HI 1 4 45836.128026 166 540, 98 840, 163 270
MB962EX 2 3 45838.655583 114 631
YT563UO 2 3 45844.026210 141 510
DE842ZX 3 4 45852.414022 184 684
PX611OT 3 4 45857.529495 113 660, 109 471
QN551NL 3 4 45859.577467 105 660, 140 405
NT830XH 1 3 45864.318462 157 360, 123 272
PA848QD 2 3 45872.306163 163 441
ZW074PB 2 4 45877.383630 163 900, 119 360, 152 55
ZW814HK 2 3 45885.647458 92 360, 155 250
QC653IL 2 3 45894.961814 181 397
YA508JM 2 3 45899.505283 180 400
FC840GL 3 4 45900.036165 180 700
GV641XP 2 3 45908.277183 91 780, 167 6
XT788IB 3 4 45912.428848 119 300, 120 600, 148 123
TF773WM 2 3 45920.405258 93 660, 127 83
BU125EA 3 4 45929.874106 174 420, 110 481
OU999DZ 1 3 45930.923903 182 480, 93 28
YG831HE 2 4 45936.908197 187 900, 154 192
AC946RN 3 4 45937.662417 86 840, 100 420, 178 66
HI309DH 2 3 45939.255332 167 431
RC782WS 1 4 45941.471095 171 660, 118 780, 84 132
SC339MX 3 4 45943.713567 86 900, 185 262
LW192UR 1 4 45947.091537 151 480, 177 420, 136 508
MI355TR 1 2 45951.371057 115 156
FQ224NO 2 4 45959.848210 101 540, 166 600, 116 378
MT807IH 3 4 45968.937515 80 360, 175 420, 183 129
LW715DQ 3 4 45972.556938 162 660, 113 168
DT864CO 2 3 45974.423936 111 648
FZ320JC 2 4 45983.782484 162 600, 94 840, 152 143
VH385IU 3 4 45992.728656 122 660, 124 366
QQ277XN 1 4 46000.835214 102 600, 115 780, 121 360, 132 163
MF150CL 2 3 46004.133420 139 480, 89 59
OB206OT 3 4 46006.577428 172 360, 138 464
SQ163ZQ 2 3 46011.036144 178 404
PG433KQ 2 4 46019.581165 86 720, 156 540, 85 300, 84 313
ZH915JH 2 3 46029.486859 161 300, 93 254
HE107DB 2 3 46038.149882 146 480, 165 11
FE600XE 3 4 46042.586868 165 720, 142 50
UM541JR 3 4 46047.152992 166 540, 182 199
SO958KO 3 4 46052.281305 157 420, 126 476
JK566DE 2 4 46060.875674 127 660, 109 600, 173 281
EC816IQ 3 4 46062.100348 85 900, 136 360, 173 3
OY328RU 1 2 46068.783806 96 187
JH061XW 2 3 46074.400955 178 360, 101 78
BE630CK 3 4 46075.430188 81 360, 111 480, 112 388
SQ403CM 2 3 46079.081087 100 540, 101 178
RG375XW 1 2 46082.913058 156 115
YH059NN 2 4 46089.457568 110 840, 97 840, 136 177
TH516IU 3 4 46092.988994 98 360, 156 300, 128 343
BZ798ME 1 3 46101.664680 155 580
RD801JA 1 4 46108.125635 131 540, 175 540, 97 480, 185 22
MV974GU 3 4 46117.077084 169 745
TJ391IS 2 4 46123.885359 190 780, 153 325
NU241UD 3 4 46132.742845 105 300, 183 420, 104 169
RW267EA 1 4 46136.654635 189 660, 105 780, 135 69
QA139HX 2 3 46139.262243 178 404
DI937RG 3 4 46140.152943 99 660, 88 600, 158 49
FS228UG 2 3 46149.881394 155 464
LJ861KP 2 4 46155.541132 171 600, 150 360, 171 242
FH056VG 3 4 46159.323827 151 480, 102 300, 119 192
FR723BN 3 4 46160.963689 147 540, 126 370
KW734IP 2 4 46166.881308 162 480, 131 540, 108 458
CG796GG 2 4 46168.737722 174 900, 97 426
PM180OI 3 4 46178.370047 142 420, 145 457
GK965WF 2 3 46182.586756 89 780, 144 17
BR662DY 3 4 46185.592277 160 787
KP419DW 1 3 46186.798277 141 600, 93 58
VV649YB 3 4 46187.402103 112 540, 119 550
YW979ZX 1 4 46193.594184 94 660, 185 300, 80 540, 142 389
MU347CG 1 3 46198.760382 97 360, 101 480, 159 41
IX592GX 2 4 46206.496343 186 300, 98 300, 123 360, 167 300, 159 115
HS601IT 2 3 46212.722361 155 464
UX150EI 1 3 46218.500101 155 480, 166 93
XB116VY 2 3 46225.680291 83 480, 139 231
TB691JT 3 4 46234.776441 122 900, 184 88
OE250YM 2 3 46238.240218 157 458
BF371PK 3 4 46246.023038 119 540, 96 643
WU066XD 1 3 46253.307671 167 538
PV743JN 2 4 46257.240233 82 420, 125 540, 99 540, 188 226
SG975NH 2 4 46265.295043 122 360, 132 660, 118 360, 190 128
YF067WH 2 4 46273.020542 86 360, 126 660, 94 540, 114 290
OS431ZT 1 4 46275.597603 136 420, 138 540, 99 852
VP871EV 2 4 46279.563229 133 840, 115 420, 104 365
BS347GE 1 3 46285.621774 178 505
XJ618YF 1 2 46295.183992 84 214
XU399XH 3 4 46300.532818 186 360, 95 621
VK275LB 1 4 46306.256863 104 300, 143 600, 183 540
LV291HW 2 3 46309.929957 176 409
PH376ZU 2 4 46311.967335 180 720, 122 360, 105 233
NA646LP 1 3 46317.861034 176 511
EB229PG 2 3 46319.536709 88 720, 130 66
KS871OK 2 4 46321.813146 151 300, 103 300, 126 840, 148 107
BI333AZ 1 2 46328.247752 141 127
XB407AS 3 4 46336.742188 105 480, 88 480, 95 351
UM328GJ 1 2 46346.657945 118 152
KF462NX 2 3 46354.331472 121 595
NT616ZQ 1 4 46356.112729 139 600, 175 660, 108 158
WW774MJ 1 2 46359.641941 186 96
JW186LO 3 4 46368.673202 108 660, 96 570
HZ802QK 3 4 46372.146706 166 720, 144 44
PH124CC 1 2 46376.172695 85 211
XN215RB 2 3 46385.979048 149 483
ET302FY 2 4 46389.347451 101 600, 166 480, 144 400
VF164JB 3 4 46398.949523 97 600, 165 410
XZ385EB 1 3 46400.923511 136 661
QQ372DB 1 2 46410.207290 146 123
SK222BJ 1 2 46417.585978 187 96
LN110QO 2 4 46423.739478 129 780, 86 420, 122 502
BC981SN 1 3 46430.566801 164 548
YI223LQ 2 4 46438.040205 151 900, 183 339
XQ758NE 3 4 46440.148316 100 420, 140 600
MO575SI 3 4 46448.715245 182 692
AY977EY 3 4 46456.438572 132 720, 86 359
BX056AW 1 2 46457.040552 151 119
VL533VN 1 3 46464.359330 117 600, 103 192
WX268YH 2 3 46469.579514 112 480, 157 116
SA712SR 2 3 46474.300930 134 537
CQ664CV 1 3 46483.669582 83 780, 135 187
XU692GU 1 4 46487.838508 177 540, 161 747
TT923WD 3 4 46493.847518 90 420, 109 420, 114 360, 81 17
VR176CS 3 4 46501.457082 94 660, 90 710
GL988JA 3 4 46507.837599 139 900, 85 10
IT448DA 1 3 46517.317883 154 584
KU794RV 1 2 46525.753259 184 97
KU282CX 1 4 46526.375036 177 360, 190 600, 133 287
QU915OW 3 4 46531.550734 136 420, 167 412
DW115PQ 1 3 46536.477566 173 480, 120 58
SU763HC 1 2 46539.632146 168 107
GS130BM 2 4 46547.310487 95 360, 162 540, 93 480, 98 323
HU128CM 3 4 46553.069945 109 840, 187 184
UY247NS 3 4 46561.247969 144 480, 119 477
KV771PM 1 2 46565.416086 171 105
DD759WV 3 4 46571.236955 92 660, 91 480, 125 172
QM543GY 2 4 46577.236250 177 480, 178 635
QO879WI 3 4 46583.877686 152 360, 129 552
CP297EK 2 3 46585.444571 166 420, 135 16
QY655NG 1 4 46594.422658 140 900, 88 780, 170 125
JD189VZ 2 4 46604.188406 150 300, 165 600, 189 285
CS990EC 1 4 46610.509334 177 420, 172 300, 109 720, 173 66
VP855VZ 1 2 46612.192112 125 144
EF940XU 3 4 46619.970707 177 300, 80 840, 149 38
EK508NI 1 3 46623.314529 97 480, 115 377
AE778VE 1 3 46624.704001 142 633
OC330UB 1 2 46631.469082 102 176
DC804TT 3 4 46634.002691 153 540, 185 234
BD931LZ 2 3 46640.705343 154 300, 150 172
YT710VA 1 4 46649.106689 108 420, 138 300, 93 420, 172 524
UG442HU 2 3 46652.959799 142 507
VZ553TT 1 3 46657.872248 111 720, 158 63
KB723HN 2 4 46659.741670 129 660, 83 480, 104 660, 105 41
UQ763OD 3 4 46666.473446 86 840, 110 488
YS576EK 1 3 46668.860498 167 300, 114 300, 149 38
CC824SL 1 2 46674.596097 128 140
YJ857ZR 1 3 46678.315543 137 360, 105 300, 169 54
YU881NP 1 4 46687.443843 139 720, 135 480, 173 295
JG494PH 1 2 46697.191997 137 131
RD440GU 3 4 46705.084216 143 420, 138 477
DV541RL 2 4 46710.360596 82 360, 167 540, 101 720, 148 37
HH864RC 3 4 46711.854448 128 360, 100 780, 112 17
RM820MV 2 4 46717.440775 163 360, 167 780, 142 63
HL946BG 1 4 46723.227084 149 780, 159 480, 120 195
CL273LC 2 3 46725.527850 189 380
JV763OW 1 4 46729.678539 80 900, 143 660, 134 370
NC852RR 1 3 46731.251179 133 676
CC927PG 3 4 46738.171444 160 300, 94 360, 159 277
KV079CK 2 3 46745.483235 180 400
RW905ON 3 4 46749.056870 135 300, 139 615
JZ725GV 1 3 46751.581281 162 555
HH435IB 2 4 46752.095078 127 900, 82 720, 132 186
RU997AZ 2 4 46755.297753 147 720, 159 579
YB936ZS 3 4 46763.768826 184 300, 134 360, 112 201
YF983AL 1 4 46770.319368 171 540, 187 660, 141 1
TE483GH 1 2 46779.690494 123 146
ZF684YE 1 4 46786.372248 92 300, 171 600, 87 780, 189 94
EA318AW 3 4 46792.832542 177 300, 123 592
GQ612LX 2 3 46796.479355 123 300, 127 276
XE517MY 1 4 46805.861155 116 360, 176 600, 85 807
MZ488UR 1 4 46812.206765 166 780, 147 480, 190 83
LO878IM 1 2 46820.582745 170 105
LK043JD 1 3 46825.382650 117 720, 154 37
TA239LY 1 2 46834.748734 104 173
HP093FZ 2 3 46839.409312 82 840, 175 17
MJ762YX 2 4 46848.154881 112 300, 148 840, 141 284
TM762RG 2 3 46850.581798 87 600, 158 125
DU853FA 2 4 46856.651322 105 480, 122 600, 91 817
BH988TI 3 4 46857.850454 126 360, 97 720, 119 90
MQ593WO 2 3 46862.647124 90 300, 167 269
OK427II 2 4 46868.661714 113 900, 157 613
KZ914TD 1 2 46869.493711 103 174
VV099UY 3 4 46878.317020 176 420, 90 300, 141 177
ZU888IN 2 3 46882.026925 87 827
YS523BQ 3 4 46891.588498 83 420, 118 772
DA847AE 3 4 46892.606913 127 420, 162 448
AW159ZX 3 4 46895.522392 162 720, 173 54
DD026HA 2 4 46902.362646 94 840, 130 600, 144 285
AF771GP 2 4 46911.018990 158 480, 134 660, 115 293
AT912ZL 1 2 46914.006024 95 189
MP722XU 3 4 46921.856515 177 420, 189 273
JL730RS 2 4 46926.341055 82 660, 122 540, 91 720, 117 106
UB880CJ 2 3 46929.069218 164 439
FH406DF 3 4 46934.076568 170 741
IA658MK 2 3 46940.117190 164 439
ZX418RS 3 4 46940.876636 90 360, 85 480, 116 455
WF167GG 2 4 46943.709163 89 780, 187 687
SQ086XA 2 3 46952.145210 117 360, 118 253
QG204TZ 3 4 46954.144250 88 540, 182 431
ST045ZZ 1 4 46958.355479 114 840, 175 687
FN431JJ 2 4 46964.550062 172 300, 107 900, 154 325
JA101EB 2 4 46972.678359 121 900, 90 600, 121 290
PY627TN 3 4 46973.431010 108 780, 115 363
XX596LZ 1 3 46975.865057 87 360, 129 454
RQ902YY 2 4 46981.164622 142 420, 124 360, 91 600, 114 343
OQ030ZO 1 3 46989.108198 172 480, 140 53
CN712WM 1 4 46995.042923 150 360, 114 360, 113 300, 127 685
HB683WI 3 4 46997.703123 97 780, 138 360, 168 3
FU288XO 1 3 46999.305890 161 420, 108 207
QK932LG 1 4 47007.926508 118 840, 135 480, 93 560
HT028YA 2 4 47015.856928 134 420, 138 480, 155 486
LD585LS 2 4 47024.293464 105 360, 95 480, 113 420, 134 501
MA609SB 2 3 47028.882629 179 402
EJ263YS 2 3 47029.714286 123 480, 171 75
RX518IV 3 4 47036.790998 161 360, 151 450
CD214BB 3 4 47041.744003 161 720, 132 76
YX885JP 3 4 47051.352129 134 720, 85 347
DM758QW 2 4 47054.432698 179 900, 111 332
WV180TT 2 4 47058.447268 182 540, 133 540, 107 260
IR015TD 2 3 47066.334501 80 540, 139 207
BF803UG 2 3 47074.622508 170 420, 166 3
UD958RX 1 4 47084.336453 92 780, 157 600, 143 349
AD754PJ 1 3 47090.267283 181 300, 83 300, 154 70
XY756LN 1 4 47098.135864 167 420, 124 660, 180 355
QX629FQ 2 4 47100.660793 132 480, 119 600, 94 672
LB539FV 2 4 47105.115362 120 540, 176 756
TJ579OP 1 3 47113.312746 122 420, 116 300, 158 25
JX274FA 3 4 47122.798892 85 900, 154 321
WW919DC 3 4 47130.110632 125 420, 153 480
KG935YB 2 4 47136.122164 154 900, 110 540
NN120TM 1 4 47139.097985 159 360, 106 600, 156 610
DL801SZ 1 2 47142.835459 190 94
LO927DW 3 4 47146.869533 144 875
SU133IJ 1 2 47150.796540 114 157
WG094TA 2 3 47152.580743 186 387
LK988AK 2 4 47160.699417 139 300, 149 720, 82 300, 183 133
TQ513HX 3 4 47169.331392 130 660, 116 346
YW942HQ 3 4 47172.964320 128 660, 159 261
KV162BM 3 4 47176.621647 131 360, 187 421
LB806WM 1 2 47178.154758 171 105
NE300TE 2 4 47180.993328 149 420, 110 300, 124 360, 177 326
SX179KW 3 4 47188.911441 160 787
XI891BH 2 3 47196.957609 106 679
SH948GX 2 4 47201.535652 148 540, 181 600, 83 114
EH723FS 3 4 47206.562620 82 780, 118 525
LV673NH 2 4 47210.547057 180 600, 178 505
KE112GP 2 3 47214.994920 147 480, 94 15
TI524JO 1 3 47219.573467 80 300, 149 442
WW154AM 1 4 47224.847201 124 540, 119 480, 132 696
KX734RM 1 4 47228.258339 109 720, 123 420, 146 588
ZQ549BX 3 4 47236.219471 149 600, 175 209
UG742DY 1 3 47238.776894 169 532
UF559TC 3 4 47239.399572 122 600, 123 300, 162 98
MG454RU 1 4 47246.161617 160 300, 149 600, 106 600, 128 117
LH651CF 3 4 47250.095654 93 660, 91 300, 164 227
JR903UO 1 2 47251.997286 189 95
JB287DO 1 4 47260.940359 144 300, 166 300, 189 300, 158 419
HU129JB 1 4 47270.429732 150 840, 91 480, 81 571
VJ670JB 2 4 47277.781905 122 840, 84 900, 136 146
CY811HB 2 4 47283.026686 98 540, 107 840, 95 581
UA933QW 2 4 47286.642419 135 360, 148 840, 152 165
TH819AD 2 3 47290.038873 188 382
JW690ER 2 3 47295.143752 182 395
ZL794HN 1 3 47303.936251 180 500
JC989YF 2 3 47305.256526 110 540, 106 118
LX265WZ 2 4 47306.018977 92 480, 140 300, 120 900, 169 22
NC002DF 3 4 47311.441161 184 684
LR036BW 3 4 47312.327781 168 540, 136 259
RT745QC 1 3 47316.076091 109 825
LD383XL 2 3 47324.172579 105 480, 101 213
AP103DG 2 4 47331.309362 133 540, 141 894
ZV777KJ 2 3 47337.674587 179 402
EN143PW 3 4 47342.975156 128 480, 143 451
GJ327PP 3 4 47344.265875 190 663
OU689RH 3 4 47348.554792 110 480, 167 360, 100 130
RE248VB 1 2 47350.236422 91 197
JV307GD 3 4 47358.798042 161 780, 154 2
AA520IF 1 3 47362.581856 92 420, 152 337
RN295XU 1 4 47368.214453 117 600, 92 300, 109 300, 119 600, 98 143
JI330IZ 3 4 47375.500672 134 720, 134 220
FL860BK 2 4 47382.998190 136 900, 178 424
QI011BU 1 2 47384.627463 152 118
TR704GG 2 3 47392.120672 144 500
CU622OT 3 4 47395.153661 182 480, 182 212
LF364JO 3 4 47403.139561 159 780, 187 10
HL610TO 2 4 47407.541244 80 600, 137 480, 160 360, 91 292
VC381RC 2 4 47408.923455 184 300, 105 480, 153 420, 80 351
ZC480GU 3 4 47411.229454 92 600, 182 389
NB807WW 1 2 47412.848458 100 180
AB883RG 1 2 47418.806146 149 120
XZ356KQ 3 4 47425.804098 138 540, 107 480, 186 0
RR350ZF 2 4 47430.815072 88 660, 82 360, 89 660, 110 469
NJ806DX 2 4 47438.389472 169 300, 119 600, 87 480, 126 270
RW697PT 3 4 47443.932539 172 660, 176 70
YM849SI 1 3 47445.731473 146 360, 122 306
NE769IN 1 3 47448.968382 175 360, 97 278
VJ753UM 3 4 47457.668032 157 420, 128 469
TC162JF 3 4 47458.910926 190 663
EX172LY 2 4 47461.395797 171 420, 142 540, 92 480, 127 42
KZ309BM 1 3 47470.742617 154 300, 139 315
XV787AK 2 4 47471.768175 157 600, 97 480, 97 420, 172 95
BI414HJ 3 4 47474.314219 110 540, 171 389
HZ674PY 3 4 47484.206959 184 420, 117 416
AH885VQ 2 4 47491.576587 162 780, 172 416
IV287IP 2 4 47499.514409 158 660, 112 420, 147 317
KU024RD 1 2 47507.733447 83 216
MW820GT 2 3 47514.184016 87 827
UZ534SL 2 4 47523.351654 99 840, 173 663
SS998UO 1 2 47532.252621 101 178
MV796NE 2 3 47541.341544 142 507
VP588JW 3 4 47546.982705 149 360, 132 548
SC215BS 2 4 47548.325995 101 900, 115 300, 119 420, 178 127
DQ295ET 2 4 47557.240861 110 660, 185 360, 154 381
GV928FS 2 4 47563.504259 150 660, 95 540, 179 266
NL104MK 3 4 47570.554918 124 420, 171 360, 144 85
YL938HU 1 3 47574.466598 147 540, 129 82
NM284ZU 1 4 47576.971344 186 360, 100 420, 125 660, 184 133
ED846GG 1 2 47580.430223 100 180
UQ985FH 3 4 47590.367071 136 900, 159 22
KE824TQ 1 3 47598.457589 106 840, 80 11
MA172EO 1 2 47601.200860 86 209
YP781CJ 1 3 47609.736874 183 491
BZ638EG 1 2 47618.375740 93 193
QN879ME 2 3 47625.311531 112 540, 96 119
IH760JA 3 4 47631.397412 99 600, 134 497
NX024FT 3 4 47636.747344 91 420, 126 480, 87 313
JO453IR 1 4 47638.556023 90 780, 160 360, 145 608
IF485AA 1 2 47639.920109 182 98
TM778YB 1 3 47643.442393 127 600, 165 83
CB903RS 3 4 47652.451112 143 660, 187 169
BE922BU 3 4 47660.072154 136 840, 109 107
PZ151GT 3 4 47662.086685 89 480, 165 300, 171 197
GP578XK 3 4 47667.561358 137 300, 135 628
HL272NX 2 3 47672.719991 138 521
CG664VB 3 4 47680.975774 127 780, 155 173
TB876DP 3 4 47687.333172 83 540, 180 420, 100 55
FX010OX 2 4 47696.050897 163 360, 186 749
PC882EG 3 4 47699.417682 183 660, 97 53
QH329FA 1 3 47707.371057 113 660, 123 125
TH168QQ 2 3 47715.589255 97 540, 187 104
WW654VN 2 4 47720.466738 162 840, 85 720, 115 6
HX091FC 3 4 47721.743231 130 600, 120 400
RT825FR 2 4 47729.864207 104 780, 121 300, 109 720, 95 22
PP060IL 3 4 47732.629422 172 732
NC922IJ 3 4 47736.472559 136 720, 118 237
CN370CT 2 4 47737.125427 86 600, 117 900, 185 222
UN138HS 3 4 47744.492623 85 660, 152 459
VG416XT 2 4 47745.134597 167 600, 151 647
MJ051NE 3 4 47752.891528 115 300, 89 900, 100 114
ZI618DA 2 3 47757.416950 124 580
TZ823NM 3 4 47760.644745 137 720, 86 318
VB817UF 2 3 47763.164488 125 576
DU010DG 3 4 47771.695967 91 480, 116 360, 123 329
WI231QP 3 4 47778.872383 123 780, 107 280
HX541SK 2 4 47781.105241 178 480, 111 720, 185 176
BC272YH 2 3 47787.690211 140 514
HB445QT 3 4 47796.474164 184 684
AP637YC 3 4 47805.551422 136 900, 127 28
JK794HR 1 3 47809.153971 169 300, 98 360, 185 21
FZ123VX 3 4 47818.513581 148 660, 162 174
CG887IU 1 3 47821.534728 94 720, 103 216
OR560KN 1 3 47825.475519 177 508
TG626PQ 3 4 47826.825669 103 720, 151 343
BM865KI 2 4 47833.015382 177 660, 100 360, 132 300, 169 33
AS582AA 3 4 47837.070291 145 840, 92 45
GI113JD 3 4 47843.052212 161 660, 136 145
OQ793PD 1 3 47852.883759 149 600, 100 6
EW593FE 2 3 47856.158479 180 400
ZX469BO 2 4 47859.849883 147 300, 142 540, 143 540
FE943OO 2 4 47868.028731 137 780, 169 539
UY830OK 2 4 47876.288465 184 540, 128 600, 174 125
SI738XE 3 4 47883.326396 81 480, 180 484
PT388BO 3 4 47888.806219 82 480, 189 300, 186 160
UR212GP 3 4 47892.285897 152 828
LK584NO 2 3 47896.875533 175 411
RI594AX 3 4 47900.556875 140 780, 164 102
GH624LR 3 4 47909.161255 121 840, 97 251
UF761IY 2 4 47917.334281 123 360, 112 540, 109 420, 172 275
IF138IS 1 3 47924.529848 91 540, 164 249
GQ805ZE 3 4 47933.036549 116 360, 81 300, 139 431
NY401CZ 1 3 47940.210136 90 360, 127 420, 126 33
AH452LK 1 4 47943.719849 109 300, 179 720, 83 540, 109 88
WI908FO 1 4 47948.691871 188 360, 132 900, 81 364
TF018HG 2 3 47954.448393 97 742
JH772ZS 2 4 47962.811631 166 780, 112 611
CL698YU 1 2 47971.824043 174 103
YJ799ON 3 4 47980.426920 172 360, 179 357
TZ070JL 2 4 47989.331767 153 720, 113 600, 109 183
OU609HO 1 4 47999.291409 99 600, 129 600, 167 300, 131 222
JU541PM 3 4 48005.363418 114 480, 160 445
WY955TQ 1 4 48006.711382 103 900, 116 480, 107 631
DN131LM 1 4 48014.836668 117 420, 157 360, 157 300, 114 300, 153 189
XE329QK 2 4 48017.507201 167 360, 98 360, 171 300, 104 493
ID755FR 3 4 48023.431656 164 660, 157 113
VH001JP 1 4 48027.736490 118 900, 146 752
AR892TK 3 4 48035.709759 155 812
FT751XB 3 4 48044.831797 169 660, 137 105
SM717HF 3 4 48049.168926 89 540, 168 463
UQ142ZW 2 3 48055.694659 161 447
NV246AH 1 3 48057.300961 159 566
FB620MH 1 3 48059.977447 137 480, 112 216
IH331AO 2 4 48064.585494 162 300, 165 540, 144 418
TD166BJ 2 3 48071.517697 131 549
LN535DC 1 3 48079.860552 107 660, 163 118
KO521NC 2 3 48086.301791 97 420, 150 208
YU576YU 2 3 48087.431372 153 420, 173 44
NL016UQ 2 3 48087.959216 110 654
SE813FD 1 3 48095.607160 109 360, 147 345
FY852AV 2 4 48096.437112 141 600, 101 720, 107 380
UI687EC 1 2 48103.677148 95 189
ZW463PP 3 4 48110.237807 190 663
UV740QX 3 4 48113.507549 93 600, 150 420, 139 51
BZ882LR 2 4 48120.966143 135 480, 146 480, 144 438
KQ180ZK 3 4 48127.227077 154 480, 90 578
DA366SI 2 4 48134.107782 80 660, 92 660, 166 508
NE336MN 3 4 48144.022314 150 540, 104 360, 156 48
TQ869MY 3 4 48150.568473 89 780, 103 360, 163 119
BV501NS 1 4 48159.882091 140 420, 178 360, 143 420, 85 388
LS078ZI 3 4 48169.707628 89 300, 184 539
KY094AD 1 3 48172.403731 81 780, 111 241
JI738KT 2 4 48177.397171 108 900, 96 720, 132 239
PG284SP 3 4 48184.809737 144 360, 113 300, 95 300, 84 139
JR799CQ 1 2 48194.541227 153 117
RY271ET 1 4 48200.420807 179 540, 183 652
PD755IW 1 3 48209.176046 172 420, 95 186
EU798JT 2 4 48212.414247 120 780, 113 480, 89 563
PF349PO 1 4 48221.640832 115 780, 168 480, 158 288
II617YG 3 4 48222.931398 119 660, 190 249
ID021RF 1 4 48226.908273 112 420, 111 540, 157 300, 111 557
VP610IH 3 4 48233.280549 159 720, 170 67
AR337ZR 3 4 48240.674493 138 540, 145 355
YW783EN 2 4 48245.693885 97 540, 162 780, 84 229
GO849BU 1 3 48252.454071 185 486
IJ160BB 1 3 48259.578994 124 660, 153 53
PP172ES 1 2 48268.913496 109 165
JY924CS 1 4 48277.405507 141 600, 184 480, 159 270
NU218PA 2 4 48282.313001 111 840, 117 540, 113 360, 84 10
WX281NM 2 3 48291.266326 170 423
QQ977ER 3 4 48293.075157 132 660, 132 294
FB984HH 1 3 48302.828282 121 600, 145 120
SG237QR 1 2 48310.779676 175 102
RQ753ZI 3 4 48320.327656 156 720, 107 127
EV953QP 2 3 48326.266947 99 727
UX602VU 2 3 48336.236753 162 444
WP107GK 3 4 48338.387607 132 480, 81 773
QN986VB 2 3 48343.545518 93 774
OA368NW 1 4 48348.161623 89 420, 150 480, 156 683
KO177IV 2 4 48350.167639 167 780, 114 480, 121 107
BI108TL 1 2 48351.115166 133 135
HG239VY 3 4 48357.700272 173 480, 179 240
BY596ST 3 4 48367.062617 179 703
VX385BL 3 4 48373.806102 182 480, 154 250
QQ839GQ 1 3 48377.956042 117 540, 92 291
XU026XW 1 4 48379.583457 131 600, 106 840, 170 284
WJ158MO 3 4 48388.365231 164 660, 144 123
FR910BF 2 4 48392.534522 87 720, 83 480, 87 840, 148 151
MH461IM 3 4 48394.879865 155 300, 160 496
OG403RE 3 4 48397.764590 126 660, 133 322
UG803CP 2 3 48405.249954 129 558
IW977GP 3 4 48408.661950 88 360, 81 540, 122 414
VJ801KR 2 3 48412.402952 108 666
MK187PD 1 2 48416.836214 188 95
XD290RU 1 2 48422.667180 169 106
FV225VI 1 4 48432.139920 116 540, 186 540, 142 372
FT253SQ 2 3 48441.004135 104 300, 137 297
ED871MV 3 4 48446.171361 148 840, 134 12
GT282QH 1 2 48447.070365 125 144
IW100KD 1 2 48451.386261 187 96
KB503FD 1 4 48460.715495 161 720, 175 420, 187 142
RP404HP 3 4 48467.696398 151 300, 119 420, 119 258
OQ725CJ 3 4 48475.149555 130 900, 124 72
NV649GF 3 4 48482.083749 115 300, 181 480, 120 38
JA594YT 1 3 48491.361435 179 502
XB790ZH 2 4 48496.533046 161 840, 187 335
CH290ZP 2 4 48505.958973 181 420, 85 300, 177 300, 131 331
DB133SP 1 4 48515.166151 111 300, 98 840, 131 720, 108 56
AJ241TE 1 3 48520.063192 129 300, 139 360, 148 8
RL419CC 2 3 48526.376759 98 300, 111 383
LX780IC 2 3 48534.657706 113 300, 109 349
RY567CV 2 3 48537.644619 119 540, 125 61
KO133LO 1 3 48545.421136 90 600, 99 363
NG987OM 2 3 48550.661788 133 541
ZS998VQ 3 4 48553.280235 156 300, 152 521
ZF806NF 3 4 48556.243765 126 900, 156 80
UP350YQ 1 2 48557.312512 127 141
RQ715QE 2 3 48564.825471 113 637
EQ966LN 3 4 48567.950699 131 300, 135 540, 142 97
IB240SY 3 4 48568.960383 91 600, 91 540, 170 130
ER408WU 3 4 48570.482181 172 720, 102 21
JD753XZ 1 3 48575.841638 176 511
YT470HT 2 3 48576.577537 177 406
BB863XH 1 4 48577.136205 173 720, 159 480, 115 131
CK405FR 2 4 48581.622413 85 900, 133 480, 175 329
LL799UW 1 3 48589.418514 163 552
NK257HF 2 3 48598.554521 127 566
SM042UH 1 2 48606.973110 175 102
YM772NM 2 4 48616.344110 144 660, 148 695
WK063WY 1 3 48617.720023 123 360, 144 317
BM759JH 3 4 48622.581845 174 300, 152 485
UK624HK 3 4 48627.050806 181 420, 133 375
ZU924KM 3 4 48634.339896 130 540, 129 432
UY747CP 3 4 48635.012556 85 840, 143 381
FX862JM 1 4 48642.921163 173 480, 114 720, 149 341
WC387CH 3 4 48648.578085 158 797
DD934UK 3 4 48654.074830 101 360, 87 420, 121 438
DH759OC 2 3 48662.925501 88 480, 151 197
YE756BR 1 4 48665.461548 108 600, 112 600, 176 360, 162 127
KL634OA 2 4 48675.070785 176 480, 188 603
YB557CO 2 4 48680.761488 158 480, 80 480, 110 540, 185 131
YV578UE 1 4 48690.312279 110 480, 133 540, 170 537
SF086ZL 2 3 48699.267788 123 585
WY381PI 1 3 48708.536251 163 552
XU109RY 1 2 48717.857944 144 125
DI850BJ 1 4 48723.460069 123 780, 81 660, 149 300, 153 143
TF384TF 3 4 48724.107140 124 600, 150 300, 104 63
OC986UF 1 4 48732.325017 122 420, 111 900, 80 810
XA709PW 1 2 48739.151313 96 187
NT386AV 1 4 48748.043838 178 720, 110 420, 179 232
ZU671NC 1 2 48751.627957 149 120
EQ431UM 2 3 48760.661392 125 360, 185 145
RC656GX 2 4 48765.411993 153 600, 151 703
NP201WL 1 2 48767.948399 144 125
WE005RM 1 2 48770.515086 102 176
QG929QU 2 4 48773.852875 142 900, 180 390
NC896RX 2 4 48776.407606 135 360, 181 780, 114 72
QS761WZ 1 4 48780.627192 142 360, 99 600, 149 707
PL109MD 2 3 48790.318251 141 510
YO115OY 2 3 48797.809219 130 553
GD500MX 2 4 48802.327749 143 900, 174 398
VO659ZZ 1 2 48812.283134 95 189
GV635AS 2 3 48821.587304 122 590
EH979ZM 2 3 48823.432742 145 496
UT988ZA 3 4 48832.194856 84 300, 137 600, 101 184
KW500VK 3 4 48839.275009 166 759
NO680XS 2 4 48846.478778 114 300, 143 660, 186 373
PC472CV 2 4 48847.209200 159 300, 97 900, 105 420, 177 106
AY338IE 3 4 48852.772269 170 540, 152 225
UE125JC 3 4 48862.429029 113 660, 118 420, 114 16
ZA652YQ 1 2 48868.553093 87 206
IJ457AY 1 2 48878.333376 136 132
VF740JS 2 4 48883.032329 146 300, 121 780, 139 430
YN498SJ 2 3 48892.261078 110 654
HW630CA 3 4 48894.252577 188 480, 111 322
RR796UO 1 2 48901.043020 189 95
LT563JM 1 2 48902.218349 178 101
HF505MC 3 4 48908.502379 180 480, 168 235
OY257CE 2 4 48909.498863 189 300, 155 600, 137 352
DK839MC 2 3 48914.636199 112 540, 84 137
GN955IZ 3 4 48917.491574 150 480, 90 480, 124 87
KA015AF 2 3 48922.964311 136 529
LU714YQ 2 3 48927.257467 93 774
TO230GI 3 4 48930.944149 140 300, 190 442
HI681ZQ 3 4 48934.973156 133 900, 162 38
JC395RW 1 2 48936.643196 109 165
SE939VQ 3 4 48943.758119 142 720, 94 252
EL012KO 1 2 48953.240319 163 110
HA546ZU 3 4 48963.174692 183 420, 161 305
DE502ZQ 2 4 48971.570003 107 480, 173 420, 132 560
VB270AZ 2 4 48981.212327 150 900, 156 300, 99 163
HO681DS 2 4 48987.460409 123 780, 120 840, 117 10
JZ090KG 3 4 48989.995505 95 540, 174 429
GO106CI 1 4 48992.733160 171 360, 123 900, 136 321
AR477YI 2 4 48994.543926 97 840, 108 480, 127 509
KG347MC 2 3 49003.215449 92 480, 174 160
GG894XN 2 4 49011.660186 164 780, 128 480, 183 47
NB203OD 1 2 49021.149245 133 135
HZ517OD 1 4 49024.420176 101 540, 102 840, 104 728
IX535CP 3 4 49030.667156 154 600, 159 211
BO230LO 3 4 49038.638892 108 300, 162 300, 180 250
EX872KO 2 4 49040.022239 126 600, 156 600, 132 218
SN304JB 1 4 49041.346927 137 900, 143 600, 98 70
WD789ID 3 4 49046.200970 161 300, 89 480, 181 193
EY490IY 2 4 49055.577127 159 300, 91 540, 115 720, 121 151
ZC908UF 2 3 49064.208723 90 720, 146 49
BM410OS 3 4 49073.202154 160 480, 82 600
QH622TD 2 3 49079.545694 124 580
MZ254IC 3 4 49080.579396 127 600, 118 422
FN093QO 3 4 49083.458637 167 754
UB240SB 1 3 49086.923561 178 360, 125 207
OJ757OE 1 4 49089.768145 121 480, 106 840, 184 374
UJ243WF 3 4 49096.857563 104 780, 141 318
FF536CW 1 2 49100.515967 177 101
IY677WU 2 4 49102.046562 93 420, 141 540, 152 544
DO259YK 1 3 49104.851433 155 580
PB053NE 3 4 49110.535482 108 600, 89 480, 179 103
CB248EO 3 4 49112.453894 90 600, 108 600, 95 75
PO234UZ 1 2 49116.098547 106 169
OP077MC 1 3 49118.213580 137 300, 165 296
FA747DZ 3 4 49122.834356 155 812
WE433LZ 1 2 49131.523696 88 204
SB518XE 2 3 49135.368768 105 300, 139 291
WC688ZH 1 3 49144.012510 168 535
HR084IS 3 4 49145.293451 142 360, 182 411
IX139ZJ 2 4 49147.720186 149 660, 146 682
VE296WK 3 4 49150.216417 149 360, 172 420
KT549CB 2 4 49158.836897 163 300, 184 660, 122 226
VQ267EO 1 4 49159.972546 174 780, 98 540, 107 255
YU918CM 2 3 49168.238390 88 600, 172 111
ST620KZ 3 4 49175.910185 161 540, 181 215
QS962ZG 2 3 49182.953695 90 780, 92 19
CD697VU 1 3 49183.483099 119 360, 161 292
WD540OE 3 4 49193.279615 111 480, 135 538
ND594RZ 1 4 49201.320199 83 840, 181 540, 170 285
YW122BP 1 3 49209.090751 116 660, 153 87
MO690PX 3 4 49215.906729 154 300, 153 521
HG886TC 3 4 49217.147723 158 797
BU338ZH 2 4 49217.678885 88 780, 109 360, 138 540, 103 151
CH574RR 3 4 49220.458740 140 420, 132 509
OF130IV 3 4 49224.937670 163 420, 113 509
AK868YQ 1 4 49233.454338 157 300, 81 420, 118 360, 118 300, 177 322
XU741FL 2 3 49241.719027 136 420, 123 120
DJ493DT 1 3 49247.155758 133 420, 121 282
DD453TM 3 4 49248.186221 121 420, 146 360, 165 137
YX851IN 1 2 49255.511016 174 103
LN072VB 3 4 49258.840420 121 840, 173 140
SH324GN 2 3 49264.425773 148 486
SX820BR 2 3 49270.253304 114 480, 180 96
KP125QA 2 3 49279.275168 134 360, 126 188
YX649JB 3 4 49287.779570 118 300, 102 360, 103 300, 162 141
FQ218UQ 3 4 49290.753778 83 720, 126 525
AS373LL 2 3 49291.909418 114 631
TK433IM 1 2 49301.046399 123 146
ZX479JT 1 3 49303.466984 107 300, 118 490
HG655FN 3 4 49313.046768 182 692
FN670IA 1 4 49314.902846 178 600, 166 657
GB379EN 2 4 49316.613170 174 480, 130 360, 96 480, 142 152
XF623VX 3 4 49319.615212 100 600, 167 395
UG430MA 1 3 49323.385098 136 661
TL578BI 3 4 49328.535567 121 780, 127 248
VO048QO 2 4 49337.793565 150 480, 107 600, 150 412
UH093YQ 3 4 49339.781754 152 780, 90 82
WY468OS 1 4 49341.579814 160 660, 102 540, 149 300, 158 67
YG938CX 3 4 49344.239242 91 660, 167 394
NH910TP 2 3 49353.171739 144 500
VF904NJ 2 4 49354.353549 166 360, 182 300, 138 606
MX811IF 3 4 49361.240017 131 480, 170 371
TT062JT 1 2 49368.397445 83 216
UG893EU 2 4 49377.565938 160 480, 94 480, 139 300, 96 358
MZ494DL 2 3 49381.817107 82 660, 174 102
LV545TF 1 2 49384.875032 118 152
KC214LG 2 4 49394.278898 97 480, 114 480, 110 840, 112 38
NC705PA 3 4 49399.243081 168 750
HL453FG 2 3 49407.107511 129 300, 165 201
QC688VZ 3 4 49409.665355 142 887
EW087DZ 2 3 49415.977499 93 360, 136 283
GM221KY 1 2 49423.173844 111 162
LN955HM 2 4 49427.405178 176 300, 178 600, 126 304
AC280FU 1 4 49432.221075 143 900, 129 676
RL713AB 1 4 49433.817565 135 480, 102 600, 158 569
SP811JG 2 4 49441.487538 95 780, 100 540, 128 546
TC518PS 2 3 49450.924823 157 458
BH104FX 2 3 49452.391166 107 360, 109 307
MK401JA 3 4 49460.098191 180 700
RX945EK 1 2 49461.760480 187 96
DY884ZU 3 4 49468.477497 113 300, 159 579
UV203EI 3 4 49474.668465 162 777
UZ043OY 1 4 49482.121642 135 660, 155 300, 163 493
US643EI 1 4 49484.281332 176 840, 157 434
AX140SZ 3 4 49493.971109 151 480, 116 300, 131 142
ZB435XI 1 3 49494.758153 96 780, 188 80
SL123WB 3 4 49496.062358 129 480, 161 398
SB575EN 3 4 49500.063674 136 720, 125 224
BD947PT 2 3 49507.361458 163 441
MH868IH 2 3 49510.100681 171 421
FV219UY 3 4 49517.024863 127 660, 142 297
VQ858SY 2 4 49522.082474 187 720, 87 728
JN817OY 3 4 49524.187726 147 600, 126 300
RZ080KG 1 3 49526.054728 86 720, 177 158
ZL076IT 3 4 49530.037658 129 900, 178 55
LS840BO 3 4 49538.904624 109 360, 182 476
UG418YG 1 2 49542.853693 102 176
FD017ZU 2 4 49545.797113 119 840, 162 600, 188 4
QL101TT 1 3 49547.301717 152 592
VH109WC 2 3 49550.974823 138 521
PM179DK 2 4 49554.276392 119 360, 151 600, 106 540, 121 60
YI439SE 3 4 49562.628005 128 300, 84 420, 145 360, 109 1
DN747BU 3 4 49569.302741 170 660, 146 94
JJ807WL 3 4 49572.669647 89 540, 133 586
OH802IS 2 4 49578.669919 104 840, 143 600, 106 234
FI348PR 3 4 49581.813073 125 900, 94 143
WZ504VY 2 4 49582.849394 107 420, 130 300, 177 480, 95 306
JA889DI 3 4 49591.330107 133 600, 86 537
BU178BL 3 4 49597.871487 120 540, 169 362
MG495LZ 3 4 49602.605456 160 780, 109 11
WW151DQ 1 3 49607.228216 139 300, 125 300, 121 89
MV739QH 2 4 49611.633786 123 420, 85 300, 187 540, 103 192
ZN626EC 2 4 49615.149421 184 720, 154 425
TM347IG 3 4 49619.341526 107 840, 102 354
WH538XE 2 3 49627.584567 120 480, 113 127
DN704GB 1 4 49636.628687 145 840, 99 420, 145 362
SN322OZ 1 3 49646.012276 109 300, 176 325
XA270MC 3 4 49653.990912 130 840, 121 138
NQ176KU 2 3 49656.379585 121 420, 113 187
EC780SP 2 4 49659.960483 133 780, 133 540, 155 144
DH880LD 2 4 49667.077189 143 300, 142 360, 132 787
PG592ZQ 1 3 49671.417148 105 660, 155 133
VF935EO 3 4 49674.883685 113 300, 139 662
FS629SW 1 4 49676.382995 163 300, 187 600, 101 360, 158 117
EK808IZ 3 4 49685.407707 118 420, 179 427
FV731SO 2 4 49689.421923 165 720, 141 540, 141 21
YR605JC 1 3 49699.088039 120 300, 175 308
TX113GW 1 3 49703.203537 156 576
RF128OO 2 3 49710.141049 177 406
YK508KZ 3 4 49714.986868 96 540, 185 400
GL550CQ 2 4 49718.638174 87 360, 104 360, 100 600, 151 458
LC946VA 1 2 49727.208449 160 112
JT216DG 3 4 49734.242528 188 360, 160 364
OM724DZ 2 3 49739.519738 86 660, 159 95
WF938XS 2 4 49743.484789 142 300, 149 420, 84 840, 97 229
XC906DM 3 4 49751.209803 177 360, 89 660, 123 28
PC827MJ 1 2 49756.588477 103 174
LC498YA 2 4 49763.889654 97 300, 171 720, 189 242
NM860SH 3 4 49772.635048 144 540, 166 290
PF272OL 2 4 49778.037571 175 300, 91 900, 88 722
HB694TT 3 4 49785.227834 138 360, 142 300, 167 201
XP231OF 3 4 49785.986178 139 540, 82 300, 169 155
OO538ZR 3 4 49788.710867 164 600, 132 209
ZW331YQ 1 2 49790.262360 111 162
SC568GC 2 4 49794.315504 125 360, 150 720, 149 302
XL166KK 3 4 49801.527747 109 900, 91 306
EJ305FG 2 3 49808.607561 148 300, 164 168
EO286EL 3 4 49813.923737 174 540, 119 269
QE159WA 1 4 49816.041129 182 600, 175 480, 143 159
VZ869DB 2 3 49818.695053 135 533
YL711JO 1 4 49821.183575 150 840, 178 505
XF433ZU 2 4 49827.297361 98 600, 121 540, 168 439
CM533PR 2 4 49831.949064 85 480, 118 360, 108 300, 148 480, 106 106
YE821CW 2 3 49836.045410 130 553
HZ891RA 1 3 49838.708061 108 780, 124 46
JZ530WK 3 4 49843.480798 128 480, 103 600, 159 17
SN469TZ 2 4 49844.569543 120 420, 86 480, 100 780, 182 155
DT416OP 3 4 49852.129048 179 600, 170 109
DJ280TW 3 4 49859.345864 178 360, 149 300, 82 209
ID962WV 3 4 49869.222381 137 540, 148 351
ZD504ES 2 4 49871.557142 147 300, 103 360, 183 600, 134 52
BW131UL 1 4 49879.251310 100 480, 186 540, 182 371
OC124AI 1 2 49881.915296 131 137
FX716OZ 1 2 49887.628049 165 109
YN219OO 3 4 49890.661804 134 900, 152 35
FI017PT 2 3 49898.739790 190 378
CK551OQ 1 4 49908.055925 170 300, 92 720, 152 649
EP801LO 2 3 49912.960800 148 486
EL473NU 3 4 49916.215050 119 420, 98 720, 128 42
VM225BO 3 4 49917.769681 143 720, 94 245
VX940NV 2 4 49921.810584 119 600, 86 420, 148 611
RR049IO 2 4 49931.144644 104 360, 123 420, 92 540, 111 480, 117 50
LE105IP 3 4 49937.926737 107 360, 182 480
FG441SP 3 4 49944.117072 95 360, 141 300, 140 353
JU616KC 2 3 49950.156084 188 382
MZ287LO 3 4 49957.035003 175 720
MF704MH 1 3 49964.339487 189 420, 139 76
GK695WM 3 4 49968.961193 96 540, 154 481
LY206SI 3 4 49970.461252 101 300, 132 660, 162 52
SC328WH 2 4 49972.471405 129 780, 80 840, 154 195
IM074XN 1 3 49976.541662 138 420, 116 276
IE735CY 3 4 49983.924824 106 480, 106 480, 114 212
WS371TZ 1 2 49990.985074 84 214
NB120BV 1 4 50000.028953 129 660, 150 840, 165 29
LD717CB 3 4 50009.531108 123 660, 158 283
JD210JY 3 4 50010.097429 127 420, 178 300, 83 232
TA271PB 1 2 50017.667938 175 102
EH154PI 3 4 50026.202598 90 840, 124 406
IJ001TG 1 4 50030.422775 165 420, 169 540, 102 543
VF138EL 1 2 50038.993659 165 109
VS881NO 2 3 50047.028715 82 540, 164 169
MA282ER 1 3 50053.877685 145 360, 185 204
RG663HS 2 4 50055.676825 129 780, 128 760
HN878IA 3 4 50056.834968 153 480, 132 398
DC939NI 2 3 50060.106712 121 360, 141 201
ZS739RV 1 2 50065.994887 148 121
VQ597OH 3 4 50073.108206 88 780, 166 345
AN475UZ 3 4 50078.860161 186 300, 168 417
VZ921ZC 2 4 50085.507107 104 720, 119 480, 129 360, 127 154
IM232EF 1 4 50087.663479 115 660, 132 480, 140 540, 158 7
KJ436WG 3 4 50091.369683 131 600, 173 273
GN430ZI 2 4 50096.920961 141 720, 117 300, 103 595
AV176JQ 1 4 50097.595594 93 840, 80 360, 185 589
ZF105ZC 1 3 50101.392941 82 480, 99 511
FB383NW 2 3 50109.937214 174 360, 110 85
GG025CH 1 4 50113.040532 153 720, 144 600, 90 215
AE542KP 3 4 50117.018028 83 660, 185 384
HE164EU 1 4 50123.681767 88 540, 127 780, 127 546
BB010ZN 2 4 50126.818819 82 360, 186 600, 114 498
OY589NI 2 4 50134.252264 142 420, 114 540, 117 300, 179 232
FK881CH 1 4 50136.152428 169 720, 155 480, 146 136
NF196TO 1 2 50140.967467 123 146
JD216GP 3 4 50148.326548 94 300, 164 360, 162 239
IQ303RV 3 4 50150.372909 183 600, 110 147
CE122UZ 1 2 50159.102853 161 111
DL933CE 3 4 50161.710909 175 720
PT611KM 1 2 50171.410028 179 100
FO085UJ 2 4 50172.433831 133 480, 160 360, 131 584
YO748BA 2 4 50180.714301 150 900, 123 512
LE775BY 1 3 50188.392526 90 540, 100 414
RJ181YL 2 4 50195.320914 147 600, 121 420, 172 342
EX044XF 2 3 50200.988141 151 476
HA310KT 3 4 50207.055420 99 840, 157 272
OW577QH 1 4 50210.618898 155 540, 175 420, 111 529
MN971WJ 2 4 50216.321722 179 780, 177 329
PP421HN 2 3 50222.562606 190 378
NY086GF 2 3 50225.018388 163 441
PX517EX 2 3 50232.728338 161 447
PH355WD 3 4 50237.603601 116 780, 142 250
AZ827WN 3 4 50238.903320 179 420, 101 420, 88 95
YE828LN 3 4 50240.613416 106 660, 125 448
VW450PN 2 3 50241.715318 169 360, 174 64
XY250PU 3 4 50244.724538 106 780, 127 341
RE454ZP 2 4 50252.603708 174 300, 95 420, 173 300, 104 480, 119 34
DE187BG 1 4 50258.193380 115 600, 105 840, 171 343
BU683WI 1 2 50268.018850 135 133
DJ123AU 3 4 50269.059026 97 660, 174 356
RL387KP 2 4 50278.123661 146 600, 136 540, 152 243
OY407GU 1 2 50279.588862 183 98
NZ747BE 1 2 50281.466749 139 129
ZO154FU 1 4 50287.844817 180 840, 96 660, 134 10
BH188GU 3 4 50290.450594 144 600, 85 360, 155 58
PT578DO 3 4 50291.906589 89 540, 187 416
UJ663BA 3 4 50301.069824 168 750
JU210WT 1 3 50303.199211 85 660, 96 353
VS976RV 2 4 50303.771797 156 300, 140 540, 140 300, 153 219
QX640WM 1 4 50311.879982 105 300, 131 360, 124 780, 181 224
JI301OR 2 3 50317.521105 87 720, 128 73
NZ301DA 3 4 50319.558833 171 736
IC936QB 3 4 50321.335122 158 720, 143 85
HZ111MK 2 4 50329.184030 139 660, 115 780, 92 180
BI437PI 2 4 50330.377826 155 780, 134 575
KY077JQ 2 4 50333.518153 82 900, 141 780, 88 161
PR387LV 1 4 50343.097296 178 780, 156 420, 187 62
AK749TP 1 2 50351.013354 94 191
AA101MJ 3 4 50354.199714 157 480, 134 377
RA104GS 2 4 50359.215893 180 780, 172 334
YQ594FG 2 3 50367.692726 175 300, 173 112
UJ396SK 3 4 50372.655560 139 420, 188 359
FI464AF 2 4 50380.889678 179 660, 98 814
NU602RE 2 4 50382.021697 161 720, 80 540, 90 431
GT025BC 2 3 50391.525803 82 660, 110 162
PW897BE 2 3 50398.841167 164 360, 135 95
UM520WK 1 2 50402.095480 172 104
QI461IW 2 3 50407.021607 148 486
GB510RH 3 4 50414.046091 180 540, 174 165
TG453KD 1 2 50419.592190 168 107
QM089GE 3 4 50421.517418 106 600, 161 387
TG555OI 3 4 50427.843865 137 600, 152 288
WS777LH 1 3 50428.567942 98 840, 131 58
SP637GK 1 4 50430.821434 106 840, 148 780, 110 104
EW180PG 2 3 50440.205077 91 660, 141 84
YS939XP 3 4 50444.071480 168 540, 120 294
PK433IV 2 3 50446.085155 185 389
XA078WR 3 4 50449.668660 162 540, 142 271
NR204OM 3 4 50458.614057 106 420, 135 603
ZG716QE 2 4 50465.718366 163 720, 151 534
YQ194GQ 2 4 50473.676859 132 600, 116 660, 149 283
CD027OB 3 4 50476.720902 184 660, 181 25
KR189HM 2 3 50486.371787 95 757
SH365AF 3 4 50493.617557 174 720, 126 5
PG596UM 2 4 50496.244847 132 780, 164 579
JE150GA 3 4 50499.716104 113 660, 90 420, 139 97
AQ001LE 1 3 50507.104362 135 666
SP985FP 2 4 50516.262304 182 780, 187 299
RY509FI 2 3 50524.960548 147 489
MV334OM 3 4 50531.866353 88 840, 118 441
AJ832FX 1 4 50537.638050 137 780, 179 360, 171 261
OM843PH 3 4 50545.383511 159 360, 181 379
XQ778XY 1 3 50551.028252 147 300, 124 370
KY371IO 3 4 50558.602555 91 600, 82 480, 170 188
FV422JE 3 4 50560.619986 179 420, 148 300, 124 51
HV849VB 1 2 50568.128156 167 107
FC358QY 3 4 50568.817302 187 300, 121 577
LF431WW 2 3 50575.273733 178 404
IT453IV 1 4 50576.127562 83 360, 111 780, 130 420, 104 432
NT622WX 1 4 50585.315749 185 600, 152 300, 125 475
LA647QE 2 3 50595.306935 119 605
YJ962FJ 3 4 50598.021277 107 660, 103 480, 101 58
YJ310RT 1 4 50606.942084 87 420, 185 300, 155 600, 151 205
QH190AO 2 4 50608.294782 189 480, 130 720, 154 88
CQ290TX 1 4 50612.265813 163 900, 164 422
EW620ED 2 4 50615.534884 136 720, 90 840, 148 165
UJ598PL 3 4 50622.481120 180 420, 126 400
YD580HH 3 4 50623.567979 118 420, 81 720, 175 103
FE645LS 3 4 50632.759186 156 660, 139 165
VB919UU 2 3 50636.964061 103 699
CB513UG 2 4 50637.936184 138 300, 111 840, 128 494
EK464HF 3 4 50645.241555 177 711
SL661AI 3 4 50649.827269 129 360, 171 465
YP556ZG 1 3 50659.696136 182 494
UH452TC 1 3 50668.006830 157 573
AZ952UN 1 2 50675.078723 167 107
AR173FE 2 4 50684.198682 90 840, 172 711
ZH026JV 3 4 50691.023745 124 780, 186 157
WN010EK 2 3 50692.659779 96 600, 179 80
OP259JK 2 4 50696.983959 187 420, 105 780, 151 248
DC301YJ 3 4 50703.771987 136 900, 120 30
LM870NC 2 4 50704.778093 155 600, 190 540, 188 12
IQ628LV 1 2 50709.067054 153 117
ZU289TW 1 2 50713.289433 135 133
YV048UA 2 4 50722.718673 126 360, 171 420, 91 420, 170 250
OW979YP 3 4 50726.089757 161 540, 115 339
JD932LS 3 4 50729.279115 184 480, 120 314
LA833PL 3 4 50739.277919 154 360, 80 882
ZW250XT 1 4 50745.931225 110 540, 91 360, 127 720, 160 202
XT097UV 2 4 50753.538478 108 600, 141 660, 168 238
KL554QQ 2 4 50757.478041 81 360, 124 780, 127 567
DX497QS 1 4 50761.458610 126 420, 187 300, 82 720, 140 300, 124 47
DH376GC 2 4 50762.916870 139 840, 124 655
YU793OA 3 4 50765.914631 166 759
KK514JO 1 3 50773.201347 124 540, 113 203
NE570BK 1 4 50777.121773 83 540, 101 300, 186 757
MD591JK 1 4 50785.038369 82 360, 112 840, 84 780, 171 157
VX444WG 2 3 50785.575721 107 480, 112 184
OF658HU 2 3 50786.189393 82 878
WT793FB 3 4 50791.345840 125 840, 126 166
IJ221SN 3 4 50794.568404 117 420, 177 300, 118 201
GL263ML 1 3 50802.134816 103 540, 126 272
AV665VF 1 3 50804.824400 129 600, 154 81
JK872JM 3 4 50813.310585 189 666
TN618FB 1 4 50820.653546 184 660, 183 516
JF180OM 1 2 50827.570217 91 197
SG705FA 2 3 50833.574280 143 503
TF663PV 1 2 50839.952648 131 137
QT817FO 2 4 50845.232974 179 360, 184 540, 120 285
YL277PT 3 4 50854.574940 126 420, 142 514
PP935NN 1 3 50858.020700 147 300, 187 245
LP275TL 1 2 50864.224239 143 125
MZ432DZ 3 4 50871.537922 182 360, 150 403
XM747OE 1 3 50875.513668 161 559
CU065QB 2 3 50880.486074 187 385
LZ063VE 2 3 50888.874946 132 360, 152 161
YX446PO 3 4 50890.015365 122 720, 166 229
QP702FY 3 4 50896.357332 123 360, 96 851
FM195RC 2 4 50900.653450 86 300, 139 300, 180 720, 164 5
SA765PY 1 2 50902.225825 188 95
TY728YU 3 4 50906.499174 180 480, 168 235
XW658NI 3 4 50910.299763 116 660, 185 267
JT498WZ 2 3 50913.499451 94 360, 122 312
CW469KB 3 4 50915.541361 132 360, 180 435
LD509GU 1 2 50921.237724 115 156
SN588YM 3 4 50927.377005 166 759
TC759OA 2 4 50935.125561 119 900, 141 644
KW432LR 1 2 50945.009912 174 103
SN591QH 3 4 50947.659987 170 480, 80 554
GW885MM 2 3 50952.733617 125 576
DF259IJ 2 4 50953.591394 99 360, 110 840, 188 360, 82 27
ZA200IN 1 2 50957.520733 132 136
YJ934XR 3 4 50958.390315 128 480, 144 448
AH344MQ 2 4 50961.361646 140 420, 102 600, 113 420, 112 272
QS156EQ 1 3 50966.245045 92 900, 118 61
FU739FO 2 3 50969.940090 159 420, 140 37
GB334EI 1 2 50979.504992 172 104
LU655FB 3 4 50983.568248 84 420, 109 540, 103 309
UL079AT 3 4 50991.805746 112 300, 168 550
PW398DY 3 4 50993.536772 82 300, 188 480, 174 64
MP199KX 1 4 50999.070063 134 600, 170 780, 154 19
GN373DK 1 4 51007.021033 163 420, 93 600, 138 664
TW564RZ 2 4 51008.180470 121 300, 112 720, 111 660, 121 64
OA554ZE 2 4 51016.473751 143 660, 158 655
EG479AX 2 4 51021.522269 160 360, 97 780, 178 363
ZD340VH 2 4 51031.325560 108 480, 113 780, 80 480, 134 146
NF416LM 3 4 51038.291147 132 660, 180 216
EJ145HG 3 4 51044.263638 87 660, 115 596
DS091HE 2 3 51048.201565 83 300, 84 360, 92 183
PE826KT 3 4 51051.875210 93 600, 155 452
EP611QF 2 3 51059.473853 81 420, 143 265
YL780TQ 1 2 51060.559774 143 125
NC634VO 2 3 51069.059225 175 411
MN727YW 3 4 51074.196723 136 720, 114 246
PA991JA 3 4 51082.171689 173 728
QP573BA 2 3 51085.702570 108 600, 115 62
TD381JB 3 4 51090.578138 122 600, 101 522
RI902SH 1 4 51097.332380 150 660, 156 660, 94 149
BL365GF 1 3 51104.605049 163 480, 172 68
FP886PQ 3 4 51106.828359 184 540, 95 280
CS503ZX 1 4 51109.008005 90 420, 157 540, 126 300, 116 300, 112 185
EN401VK 2 3 51118.869952 168 428
SN713WK 3 4 51123.062237 97 420, 186 458
FE094UH 2 3 51131.405710 108 480, 104 193
KA252RX 3 4 51133.482794 154 420, 143 428
HV490AH 1 3 51137.983342 124 725
GB802VN 1 2 51146.393109 179 100
XI495ZF 3 4 51156.012563 121 300, 164 546
EQ994YW 2 4 51165.436572 184 780, 119 457
AM250SI 1 3 51165.981102 109 825
QU981HP 2 3 51169.405730 124 580
XF968UL 2 4 51175.850539 98 420, 138 720, 147 391
QM500DC 2 3 51181.230798 82 420, 151 248
AU332GK 2 4 51184.006889 154 300, 176 862
EZ187QA 3 4 51192.459589 155 600, 186 177
YB229NG 3 4 51201.787416 90 780, 164 340
MS041RJ 1 4 51209.328037 91 480, 188 900, 88 35
ZU655OG 3 4 51215.061459 90 540, 112 540, 173 97
ZT718AA 3 4 51220.754416 148 840, 132 12
QB800MS 3 4 51222.322729 95 600, 157 439
OE132YO 1 3 51222.934005 175 514
XI242IX 1 3 51227.544168 143 480, 126 169
XD925PW 2 3 51236.325308 92 420, 105 317
EG756YS 2 3 51245.575219 99 727
KS307GJ 2 3 51252.335525 125 576
IJ039SW 3 4 51254.656725 109 780, 151 271
NT796QJ 3 4 51256.398191 142 780, 179 85
LP745AI 3 4 51259.445619 146 540, 88 535
NN500IK 1 3 51267.904989 119 660, 80 143
BS481MN 1 2 51269.615542 132 136
DA313ES 2 3 51271.007439 140 514
BE380QY 1 4 51272.440958 153 720, 140 480, 138 280
EA076QU 3 4 51281.473536 173 300, 81 720, 88 179
CW134BY 3 4 51290.794728 141 600, 132 313
TQ521EW 1 3 51292.030738 174 517
NS727CS 2 3 51297.825479 142 507
PI642FA 3 4 51299.261667 188 540, 159 153
WU587GM 2 3 51299.984080 91 720, 141 45
EJ888VG 1 2 51306.840630 164 109
XM156FX 1 3 51308.868843 161 559
IF573BX 3 4 51316.087741 134 360, 146 532
NS667SS 1 3 51324.337699 90 840, 167 86
OJ499HN 3 4 51331.891478 181 540, 118 239
TC926JZ 1 2 51335.981265 172 104
SE379CT 2 4 51344.827061 94 300, 119 360, 123 900, 128 127
JG946GR 2 3 51353.035636 117 480, 173 91
FE514AR 3 4 51358.801303 189 666
KF984GF 1 4 51362.462385 111 540, 165 300, 190 300, 118 419
UI917NH 2 4 51368.385256 162 600, 158 600, 168 35
GV031UK 1 4 51374.614072 92 600, 184 780, 115 150
BV962FI 1 2 51376.395859 83 216
XD770WH 1 2 51378.113188 171 105
OK647KG 3 4 51381.154234 140 480, 127 462
TE369MU 1 4 51387.710834 107 900, 142 720, 165 105
KV136FB 3 4 51393.127377 164 660, 132 134
DL195GN 1 4 51393.688805 116 900, 113 600, 96 456
JF262MJ 2 3 51396.339078 108 540, 133 102
UK872OL 3 4 51399.195312 176 715
TF843DH 3 4 51408.766939 127 840, 108 178
RE423FP 3 4 51413.933231 134 600, 143 300, 155 17
UG823AG 2 4 51422.849140 116 780, 142 540, 101 305
YZ027WM 1 4 51430.182973 89 840, 129 900, 178 141
GA961TT 1 2 51435.832093 170 105
XM034LU 3 4 51438.420424 86 600, 145 480, 82 58
KK857NP 3 4 51443.509485 166 600, 179 147
JY659PD 2 3 51447.484481 190 378
MK356WK 2 3 51448.517412 171 300, 152 136
UQ992WZ 2 4 51456.059424 128 720, 173 600, 86 23
VG477HG 3 4 51464.641938 174 420, 175 302
ZY347QW 2 4 51466.457203 100 300, 129 780, 142 474
LP408ZJ 2 4 51467.343844 101 600, 107 360, 132 480, 108 328
BU423BL 1 2 51468.654228 158 113
EI033EI 3 4 51476.876278 88 660, 113 601
XP200GA 1 4 51480.240350 93 420, 109 720, 87 540, 190 270
GS865FD 1 2 51486.648112 97 185
VO434TJ 1 4 51487.239489 165 660, 167 540, 109 155
FW640LI 3 4 51489.769688 141 840, 147 51
RU124GZ 2 4 51499.383116 83 900, 113 300, 190 470
MD475ZS 1 4 51508.036768 90 840, 83 720, 95 300, 107 487
NO761BW 2 3 51515.017962 164 420, 174 17
MT947SE 2 3 51516.052994 102 300, 125 331
JC891DB 2 3 51523.165139 188 382
JZ716WN 3 4 51525.151862 177 480, 100 410
XW271EP 2 3 51533.079871 124 580
GS200WD 3 4 51534.686760 107 660, 112 494
EC077RU 2 4 51542.934131 120 360, 166 420, 129 659
OH137YR 3 4 51545.249768 152 600, 165 210
HG476MX 3 4 51551.028256 92 420, 152 574
WT766WU 2 3 51557.859378 176 409
JY348UW 2 4 51565.137415 105 360, 154 840, 179 172
ZI800VI 3 4 51567.259530 164 480, 101 468
KA338RD 1 2 51576.478019 139 129
PO333HB 1 2 51579.821082 120 150
FP579GD 2 4 51581.189004 158 420, 173 420, 117 504
SX951XC 1 4 51588.339919 87 780, 95 360, 176 647
SM056KS 2 4 51592.125615 135 600, 163 540, 148 195
GL003VA 2 3 51595.248708 190 300, 161 93
BJ125NS 3 4 51596.612806 171 736
NS706HE 2 4 51604.487021 97 480, 155 780, 111 275
ZT656MU 1 2 51611.883811 99 181
YL087KB 3 4 51612.628429 82 900, 190 274
DL319JV 3 4 51614.320997 183 540, 116 234
FA440AT 1 4 51623.107433 95 360, 87 420, 96 360, 93 900, 156 173
XG389UF 3 4 51630.275244 150 420, 146 431
KA418CQ 2 4 51636.502622 161 300, 155 540, 80 720, 158 53
EO075AS 1 3 51640.471515 179 300, 182 199
FX800RR 1 3 51645.193326 178 505
IW768IR 3 4 51647.261421 151 420, 146 428
EL265QU 3 4 51653.563634 89 300, 108 600, 171 201
AL945GY 1 3 51663.299721 142 300, 186 254
TD873WS 2 4 51672.896264 111 600, 147 540, 180 289
QK790WR 1 4 51677.456363 137 420, 164 660, 109 420, 102 43
AL942CP 2 4 51681.256739 95 720, 156 600, 87 413
WG141UG 3 4 51689.950622 103 720, 183 283
ZR855CJ 2 3 51699.747627 94 765
MI427XD 1 3 51704.382586 88 900, 185 58
XC055BW 3 4 51708.320741 135 300, 185 462
HH700HG 1 2 51713.824999 152 118
FO662QI 3 4 51722.686089 129 420, 180 398
XL522BI 3 4 51725.251342 128 300, 84 360, 147 390
WJ239RI 1 3 51728.334994 83 720, 82 368
GY389IE 2 3 51735.892787 131 549
YM402AM 3 4 51737.905368 97 720, 183 306
AV251SH 3 4 51746.152208 131 780, 87 273
VN659IW 2 4 51752.810970 149 600, 127 600, 118 274
MC769QI 3 4 51756.136303 143 840, 107 54
PT989VT 1 3 51761.719184 119 360, 107 360, 118 73
NT551HC 2 4 51765.761418 147 540, 147 660, 118 183
UK135KJ 2 4 51773.466443 134 840, 184 464
LO082NC 2 4 51783.419001 159 900, 118 465
QE324JN 1 3 51785.475347 149 604
KL467BY 3 4 51787.857722 102 780, 120 386
FN851AN 2 4 51788.909437 102 720, 157 793
DA162NI 3 4 51795.217879 121 720, 166 234
KA425IM 2 4 51802.332121 99 780, 90 720, 86 650
EE623GB 3 4 51805.051208 125 300, 81 660, 119 294
VH678HV 2 4 51811.539886 113 480, 90 480, 92 900, 99 179
LH464DZ 1 2 51814.219116 86 209
XW934EP 2 3 51818.850392 150 480
RB863XA 3 4 51826.633009 162 777
TU266GC 3 4 51828.112093 107 660, 113 490
YI117FQ 3 4 51835.111428 180 420, 179 281
JS224WB 3 4 51844.182190 121 600, 81 540, 114 84
TA152MF 2 3 51845.460178 134 537
QW647LX 2 3 51852.113280 149 483
PL111UB 3 4 51855.891092 103 420, 141 586
VN292UO 2 3 51859.523797 102 705
RI873LD 3 4 51865.653427 130 300, 99 720, 88 178
XD348CV 3 4 51867.808968 187 420, 171 277
TH199EK 3 4 51874.123164 151 660, 135 195
JQ826XM 2 3 51874.696658 163 441
YI119TK 2 4 51877.774151 116 360, 153 540, 100 736
MU768FZ 2 4 51882.066542 96 660, 89 420, 103 540, 187 222
RW530OT 2 3 51884.598976 111 540, 94 128
YL026HR 2 3 51891.795100 175 411
OH411AP 2 3 51899.223186 101 712
CH615XN 3 4 51902.621139 122 300, 86 420, 166 320
AQ769ZL 3 4 51908.510761 140 600, 124 338
IF406KT 2 4 51916.020933 131 780, 139 689
TJ689ZT 3 4 51921.551607 106 660, 124 451
EV477GI 1 4 51928.866903 133 540, 88 540, 106 360, 94 420, 182 104
LM078VT 3 4 51929.887082 154 360, 177 398
DE454FO 3 4 51931.676264 131 540, 145 381
QY737SP 1 4 51934.889884 100 900, 158 797
DX787GM 1 3 51938.479253 148 420, 118 235
AJ016XR 2 3 51942.298713 138 300, 150 204
FD738LC 3 4 51943.186255 100 600, 163 404
HH601XF 3 4 51945.052823 117 660, 168 290
DZ424FY 3 4 51945.650289 130 480, 87 420, 184 147
DM435SS 1 2 51949.537354 185 97
CK243LF 3 4 51951.033117 126 840, 92 219
RZ118ZA 3 4 51954.642728 177 480, 132 310
AV595QG 2 4 51959.064029 95 420, 180 840, 171 40
TB736DC 3 4 51965.518660 172 732
HQ383CN 2 4 51973.081985 108 480, 133 360, 171 574
IE057UG 2 3 51980.936192 115 300, 111 337
UE863GF 1 4 51990.911974 116 540, 89 360, 142 840, 86 23
UY471MI 3 4 51998.967947 160 420, 102 576
EZ709IX 2 4 52008.008547 175 300, 132 780, 140 303
ZP283MB 2 4 52009.458467 132 900, 97 420, 176 218
YG600MS 1 2 52015.077209 99 181
ZW812ZO 1 2 52019.844374 110 163
RM645FE 3 4 52026.206940 185 480, 178 208
EO988MC 2 3 52033.514764 112 420, 187 133
FD067OI 1 3 52039.315253 112 540, 134 220
VV498CG 1 4 52040.597574 176 720, 121 737
KK135JR 1 4 52042.989506 120 600, 162 360, 80 480, 151 313
CN924DR 1 3 52043.632321 98 780, 104 130
CL194AL 1 2 52053.294543 163 110
DQ307HA 1 2 52054.145102 118 152
ED097YD 2 3 52058.543653 95 300, 137 317
BQ635OH 1 4 52061.105034 169 360, 185 838
WY361IM 3 4 52069.124378 151 780, 171 48
RH938MR 1 2 52077.877789 186 96
GQ448NM 3 4 52081.498302 164 300, 82 600, 139 198
YL659AW 1 3 52084.232523 84 300, 182 356
NN426DA 3 4 52089.497150 171 300, 108 660, 178 19
AU227BH 3 4 52098.639326 177 711
IA553WZ 2 3 52102.673465 153 470
CL125SR 1 2 52112.671686 179 100
KN166EW 3 4 52122.460806 181 696
HA777SR 3 4 52132.363489 141 780, 129 124
UU618SE 3 4 52133.935293 91 300, 169 584
CW035KS 2 3 52142.595299 127 566
DU719KV 2 4 52146.602441 82 420, 190 660, 130 293
MA356DB 3 4 52147.334112 188 360, 148 394
TE523IE 2 4 52149.415626 159 600, 146 702
GV163IX 1 2 52158.422204 153 117
RE536DP 3 4 52163.697080 137 300, 108 540, 80 332
EL738RZ 2 4 52170.693470 190 540, 134 360, 182 259
OO068HW 2 4 52171.615974 140 420, 189 660, 176 82
VO601EI 3 4 52174.303148 101 600, 131 499
IS507VL 1 2 52182.584963 127 141
GU803ZX 2 4 52183.992234 144 300, 181 840, 110 25
PZ269OL 3 4 52186.790207 183 420, 118 360, 143 46
OX789VC 2 4 52190.650117 112 780, 178 600, 120 32
QB081KN 1 2 52196.100856 156 115
PY472VP 2 3 52200.557090 175 411
GJ404AV 2 4 52205.807565 166 300, 109 480, 173 554
MJ780SU 2 3 52209.516848 98 300, 170 250
VJ067ZB 3 4 52219.055092 120 780, 128 253
QU489US 2 4 52223.170858 90 600, 189 300, 127 687
YO126UL 1 2 52230.451324 86 209
ZO301SR 2 4 52236.142737 165 480, 117 360, 158 485
LB540OR 2 3 52241.127221 107 300, 138 289
JT674DJ 2 4 52243.766499 104 840, 123 840, 162 45
YV287WE 2 4 52250.447287 94 540, 159 480, 139 300, 126 231
AM214VH 3 4 52255.468608 132 420, 103 685
XG846ZC 2 3 52259.846823 149 483
DX101AW 3 4 52264.157200 125 660, 149 291
AP650NY 2 4 52265.542405 140 420, 151 420, 107 708
TN029UV 3 4 52266.696218 133 720, 183 165
NC883RS 2 3 52274.103609 147 489
YZ030FV 3 4 52275.868303 180 540, 150 192
VJ841KE 1 3 52281.989318 155 580
RP755ND 2 3 52287.973934 93 774
VT808CF 2 3 52289.393280 124 480, 121 103
DB047XT 1 2 52293.879176 126 142
RQ706LN 2 4 52300.674241 106 660, 161 780, 125 19
EH317ST 3 4 52305.667977 178 707
BY999SR 1 2 52314.137760 81 222
ET434UJ 3 4 52318.620061 186 360, 112 527
IV131CN 3 4 52322.449031 120 840, 129 195
JQ239XK 1 4 52326.100028 185 900, 118 419
NW219QX 3 4 52331.077324 84 600, 167 452
DJ955OU 2 3 52336.711101 177 300, 87 217
FV853NH 1 2 52338.421385 126 142
HR215PV 1 4 52341.282111 153 660, 161 480, 160 235
CJ788DG 2 4 52342.216250 107 900, 127 480, 167 243
WK426JC 2 4 52343.195165 129 540, 181 300, 137 480, 100 82
HO056AY 2 3 52347.895864 152 473
DC756YD 2 3 52351.209237 84 540, 139 191
BA883WG 1 4 52354.026402 148 780, 124 300, 151 419
VU175TZ 3 4 52357.813576 161 600, 98 300
XF138FV 3 4 52364.450052 183 420, 189 260
GI779RE 2 3 52374.403372 95 360, 124 304
PH579BV 1 2 52380.986002 176 102
WU965UW 2 3 52388.029950 142 507
RY525RY 3 4 52395.359541 87 480, 133 300, 142 312
JH492HQ 1 3 52400.109171 159 300, 90 420, 171 26
WS299VA 2 3 52408.205569 81 780, 86 102
NA278GI 1 2 52415.468661 111 162
AT680SQ 3 4 52421.478261 157 780, 126 28
VF731BD 2 4 52424.862595 157 780, 115 656
EW644CF 1 4 52426.311085 135 840, 149 600, 104 126
QA055SV 1 4 52432.975191 125 420, 124 480, 94 600, 143 332
OB174FA 3 4 52433.978638 163 773
EI706RL 2 3 52439.369050 145 496
OE538ZQ 2 4 52446.843668 99 720, 188 674
KS300XB 2 4 52456.549345 173 540, 114 600, 81 446
RE530XF 3 4 52458.361464 160 600, 185 162
PF786RM 2 3 52462.911879 176 409
